dataset,dataset_label,player,player_key,target,horizon,winner,combined_source_label,combined_better_side,combined_side_edge_pp,combined_abs_side_edge_pp,combined_hac_p,combined_evidence,best_single_source,best_single_source_label,best_single_better_side,best_single_side_edge_pp,best_single_abs_side_edge_pp,best_single_hac_p,best_single_evidence,combined_minus_best_single_abs_edge_pp,combined_positive_avg_return,combined_negative_avg_return,best_single_positive_avg_return,best_single_negative_avg_return,winner_rank,strongest_abs_edge_pp
legacy,Legacy,Commercial,commercial,NASDAQ-100,13w,single,Combined SP+NQ-VIX,positive,3.249395764006005,3.249395764006005,0.156550433950648,weak/mixed,sp500,S&P 500 only,positive,3.5491598941917077,3.5491598941917077,0.07306046061161658,tentative,-0.2997641301857028,7.567677022751096,4.318281258745091,7.375159603543496,3.8259997093517883,1,3.5491598941917077
legacy,Legacy,Commercial,commercial,NASDAQ-100,1w,tie,Combined SP+NQ-VIX,positive,0.28084619355458557,0.28084619355458557,0.28986825217429896,none,sp500,S&P 500 only,positive,0.3216617165263415,0.3216617165263415,0.18189965196668823,weak/mixed,-0.040815522971755946,0.5967124967238053,0.31586630316921976,0.5897667435166122,0.26810502699027067,2,0.3216617165263415
legacy,Legacy,Commercial,commercial,NASDAQ-100,26w,single,Combined SP+NQ-VIX,positive,5.6703542063285095,5.6703542063285095,0.07564541091211048,tentative,sp500,S&P 500 only,positive,7.040290792274073,7.040290792274073,0.019023862539474752,supported,-1.3699365859455632,14.384461659897669,8.71410745356916,14.585812642044493,7.54552184977042,1,7.040290792274073
legacy,Legacy,Commercial,commercial,NASDAQ-100,4w,tie,Combined SP+NQ-VIX,positive,1.1048130148212199,1.1048130148212199,0.16823876604856508,weak/mixed,sp500,S&P 500 only,positive,1.0635833584094558,1.0635833584094558,0.1277027691383245,weak/mixed,0.041229656411764015,2.398267081764523,1.293454066943303,2.24687227997207,1.1832889215626143,2,1.1048130148212199
legacy,Legacy,Commercial,commercial,S&P 500,13w,single,Combined SP+NQ-VIX,positive,1.9166863875136402,1.9166863875136402,0.18384402464609756,weak/mixed,sp500,S&P 500 only,positive,2.730653374538404,2.730653374538404,0.047364298419723866,supported,-0.8139669870247639,4.836945017968792,2.9202586304551517,5.117282780779027,2.3866294062406226,1,2.730653374538404
legacy,Legacy,Commercial,commercial,S&P 500,1w,tie,Combined SP+NQ-VIX,positive,0.1771954778432385,0.1771954778432385,0.38836580470092846,none,sp500,S&P 500 only,positive,0.2532116017936422,0.2532116017936422,0.172475990399555,weak/mixed,-0.07601612395040372,0.39229714997279613,0.21510167212955764,0.41866358816481525,0.165451986371173,2,0.2532116017936422
legacy,Legacy,Commercial,commercial,S&P 500,26w,single,Combined SP+NQ-VIX,positive,3.96815880058453,3.96815880058453,0.05375078108940165,tentative,sp500,S&P 500 only,positive,5.321241662748146,5.321241662748146,0.009971859449899874,supported,-1.3530828621636157,9.717467802859883,5.749309002275353,10.104574777582492,4.783333114834346,1,5.321241662748146
legacy,Legacy,Commercial,commercial,S&P 500,4w,single,Combined SP+NQ-VIX,positive,0.6214207313213468,0.6214207313213468,0.3028179636270508,none,sp500,S&P 500 only,positive,0.9556898370105988,0.9556898370105988,0.07547452376021616,weak/mixed,-0.33426910568925206,1.52356143648652,0.9021407051651732,1.6562869030413387,0.7005970660307399,1,0.9556898370105988
legacy,Legacy,Noncommercial,noncommercial,NASDAQ-100,13w,single,Combined SP+NQ-VIX,negative,-2.480196770819231,2.480196770819231,0.20701456479929362,weak/mixed,vix_inverse,"VIX only, inverted",negative,-3.2981323959051565,3.2981323959051565,0.07227789742876929,tentative,-0.8179356250859255,4.2196918508089984,6.699888621628229,4.976473086264194,8.27460548216935,1,3.2981323959051565
legacy,Legacy,Noncommercial,noncommercial,NASDAQ-100,1w,tie,Combined SP+NQ-VIX,negative,-0.28448437645831853,0.28448437645831853,0.22673523698783993,none,sp500,S&P 500 only,negative,-0.2729781921144675,0.2729781921144675,0.24096657580082423,none,0.011506184343851034,0.2787678377454534,0.5632522142037719,0.25960555411596653,0.532583746230434,2,0.28448437645831853
legacy,Legacy,Noncommercial,noncommercial,NASDAQ-100,26w,single,Combined SP+NQ-VIX,negative,-5.327607613442883,5.327607613442883,0.057084558305692014,tentative,sp500,S&P 500 only,negative,-6.211824337600933,6.211824337600933,0.0361766361089119,supported,-0.8842167241580503,8.210238223579529,13.537845837022411,7.313434154101997,13.52525849170293,1,6.211824337600933
legacy,Legacy,Noncommercial,noncommercial,NASDAQ-100,4w,combined,Combined SP+NQ-VIX,negative,-1.1021383229171748,1.1021383229171748,0.1266335291661243,weak/mixed,sp500,S&P 500 only,negative,-0.8038045981051338,0.8038045981051338,0.2543128107904603,none,0.298333724812041,1.159836881532612,2.261975204449787,1.2081735233857178,2.0119781214908516,0,1.1021383229171748
legacy,Legacy,Noncommercial,noncommercial,S&P 500,13w,single,Combined SP+NQ-VIX,negative,-1.8131602181124489,1.8131602181124489,0.17636859566590066,weak/mixed,sp500,S&P 500 only,negative,-2.165111396198385,2.165111396198385,0.1093267681862522,weak/mixed,-0.35195117808593634,2.72637101701887,4.539531235131319,2.3969420250764037,4.562053421274789,1,2.165111396198385
legacy,Legacy,Noncommercial,noncommercial,S&P 500,1w,tie,Combined SP+NQ-VIX,negative,-0.2112411056605534,0.2112411056605534,0.24329888559289498,none,sp500,S&P 500 only,negative,-0.2767716786295189,0.2767716786295189,0.12942203087688922,weak/mixed,-0.0655305729689655,0.1789468044917399,0.3901879101522933,0.1285226024342048,0.4052942810637237,2,0.2767716786295189
legacy,Legacy,Noncommercial,noncommercial,S&P 500,26w,single,Combined SP+NQ-VIX,negative,-4.18789651198765,4.18789651198765,0.027712704363358386,supported,sp500,S&P 500 only,negative,-5.150187455700109,5.150187455700109,0.005356249004426017,supported,-0.9622909437124587,5.225834161589236,9.413730673576886,4.397092552371672,9.54728000807178,1,5.150187455700109
legacy,Legacy,Noncommercial,noncommercial,S&P 500,4w,tie,Combined SP+NQ-VIX,negative,-0.8038275956370967,0.8038275956370967,0.14896233027008218,weak/mixed,sp500,S&P 500 only,negative,-0.8095986352854204,0.8095986352854204,0.14408148355534814,weak/mixed,-0.005771039648323706,0.753771254790777,1.5575988504278737,0.6805375700105313,1.4901362052959517,2,0.8095986352854204
legacy,Legacy,Nonreportable,nonreportable,NASDAQ-100,13w,single,Combined SP+NQ-VIX,negative,-1.2817655678413358,1.2817655678413358,0.5878115948368765,none,vix_inverse,"VIX only, inverted",negative,-2.522105332869806,2.522105332869806,0.15700091919177644,weak/mixed,-1.2403397650284704,4.74878515576918,6.030550723610515,4.750881937768889,7.272987270638695,1,2.522105332869806
legacy,Legacy,Nonreportable,nonreportable,NASDAQ-100,1w,tie,Combined SP+NQ-VIX,negative,-0.20943898126436294,0.20943898126436294,0.4259358694368012,none,nq,NASDAQ-100 only,negative,-0.2516777290430895,0.2516777290430895,0.2692486075555705,none,-0.04223874777872655,0.3239729609825072,0.5334119422468702,0.26048048762269704,0.5121582166657865,2,0.2516777290430895
legacy,Legacy,Nonreportable,nonreportable,NASDAQ-100,26w,single,Combined SP+NQ-VIX,negative,-2.437001854354536,2.437001854354536,0.4998635346863477,weak/mixed,sp500,S&P 500 only,negative,-4.37603629494501,4.37603629494501,0.20129573741520296,weak/mixed,-1.9390344405904738,9.347861088502253,11.784862942856789,8.790200013296571,13.166236308241581,1,4.37603629494501
legacy,Legacy,Nonreportable,nonreportable,NASDAQ-100,4w,single,Combined SP+NQ-VIX,negative,-0.6022460639117699,0.6022460639117699,0.43541075489751574,none,sp500,S&P 500 only,negative,-1.1761645294189111,1.1761645294189111,0.11107992240677707,weak/mixed,-0.5739184655071412,1.3989913469974533,2.0012374109092232,1.2379024439197452,2.4140669733386564,1,1.1761645294189111
legacy,Legacy,Nonreportable,nonreportable,S&P 500,13w,single,Combined SP+NQ-VIX,negative,-0.7148326221875774,0.7148326221875774,0.6680184817872887,none,vix_inverse,"VIX only, inverted",negative,-2.267489496717016,2.267489496717016,0.0922742574819914,tentative,-1.5526568745294385,3.18809808554959,3.9029307077371675,3.042442660258003,5.309932156975019,1,2.267489496717016
legacy,Legacy,Nonreportable,nonreportable,S&P 500,1w,tie,Combined SP+NQ-VIX,negative,-0.13212897155232137,0.13212897155232137,0.5231174620795667,none,vix_inverse,"VIX only, inverted",negative,-0.2162572810136039,0.2162572810136039,0.37538613200725096,none,-0.08412830946128252,0.22022080704843203,0.3523497786007534,0.22649169431711755,0.44274897533072144,2,0.2162572810136039
legacy,Legacy,Nonreportable,nonreportable,S&P 500,26w,single,Combined SP+NQ-VIX,negative,-1.1040158409560767,1.1040158409560767,0.6719178107355024,none,nq,NASDAQ-100 only,positive,3.9821511598558565,3.9821511598558565,0.012970230428811689,supported,-2.87813531889978,6.400859790645564,7.5048756316016405,8.967803083779906,4.985651923924049,1,3.9821511598558565
legacy,Legacy,Nonreportable,nonreportable,S&P 500,4w,single,Combined SP+NQ-VIX,negative,-0.42973532724757024,0.42973532724757024,0.4746383866559034,none,sp500,S&P 500 only,negative,-0.8993298696964396,0.8993298696964396,0.12116683015130385,weak/mixed,-0.46959454244886933,0.931344627261398,1.3610799545089682,0.7979766994898749,1.6973065691863145,1,0.8993298696964396
tff,TFF Detailed,Leveraged Funds,lev_money,NASDAQ-100,13w,combined,Combined SP+NQ-VIX,negative,-5.030618260610212,5.030618260610212,0.3169926195289686,weak/mixed,sp500,S&P 500 only,negative,-4.108247261370911,4.108247261370911,0.49107776467223524,weak/mixed,0.922370999239301,0.4526172340801098,5.483235494690322,1.2319955572506156,5.340242818621527,0,5.030618260610212
tff,TFF Detailed,Leveraged Funds,lev_money,NASDAQ-100,1w,combined,Combined SP+NQ-VIX,negative,-0.6836390672596102,0.6836390672596102,0.25047443110043394,none,nq,NASDAQ-100 only,positive,0.09942170888094876,0.09942170888094876,0.7154734767564972,none,0.5842173583786614,-0.2505085422145139,0.4331305250450963,0.4720780755090178,0.37265636662806906,0,0.6836390672596102
tff,TFF Detailed,Leveraged Funds,lev_money,NASDAQ-100,26w,combined,Combined SP+NQ-VIX,negative,-7.805115821339545,7.805115821339545,0.389549263255578,weak/mixed,sp500,S&P 500 only,negative,-7.480613302889315,7.480613302889315,0.3447457453050999,weak/mixed,0.32450251845022926,2.866794796226753,10.671910617566297,3.007706212482668,10.488319515371984,0,7.805115821339545
tff,TFF Detailed,Leveraged Funds,lev_money,NASDAQ-100,4w,combined,Combined SP+NQ-VIX,negative,-2.1969436988638797,2.1969436988638797,0.17074993610827513,weak/mixed,sp500,S&P 500 only,positive,0.5523653020936701,0.5523653020936701,0.7635313970795122,none,1.6445783967702097,-0.4686265046560869,1.7283171942077928,2.129915714003075,1.5775504119094048,0,2.1969436988638797
tff,TFF Detailed,Leveraged Funds,lev_money,S&P 500,13w,combined,Combined SP+NQ-VIX,negative,-2.567733697319218,2.567733697319218,0.41435200949624634,weak/mixed,sp500,S&P 500 only,negative,-1.7129501740730995,1.7129501740730995,0.6655627582513337,weak/mixed,0.8547835232461185,1.0156756690007873,3.5834093663200055,1.7825895388836621,3.4955397129567616,0,2.567733697319218
tff,TFF Detailed,Leveraged Funds,lev_money,S&P 500,1w,combined,Combined SP+NQ-VIX,negative,-0.4684234382079515,0.4684234382079515,0.3837068657462394,none,nq,NASDAQ-100 only,positive,0.08751219649020273,0.08751219649020273,0.6701918833845029,none,0.3809112417177488,-0.1771579954880225,0.291265442719929,0.33337528351810825,0.24586308702790552,0,0.4684234382079515
tff,TFF Detailed,Leveraged Funds,lev_money,S&P 500,26w,combined,Combined SP+NQ-VIX,negative,-5.089567964678388,5.089567964678388,0.3883356117278635,weak/mixed,sp500,S&P 500 only,negative,-3.9625493546625297,3.9625493546625297,0.4786741269404429,weak/mixed,1.127018610015858,2.0068690888526395,7.096437053531027,2.9777731465587953,6.940322501221325,0,5.089567964678388
tff,TFF Detailed,Leveraged Funds,lev_money,S&P 500,4w,tie,Combined SP+NQ-VIX,negative,-1.3002858811808156,1.3002858811808156,0.40107146710057695,none,sp500,S&P 500 only,positive,1.1265002867301048,1.1265002867301048,0.42993977348005613,none,0.17378559445071073,-0.14973590295240347,1.150549978228412,2.1573571829562175,1.0308568962261127,2,1.3002858811808156
tff,TFF Detailed,Non-reportable,non_reportable,NASDAQ-100,13w,single,Combined SP+NQ-VIX,negative,-1.2817655678413358,1.2817655678413358,0.5878115948368765,none,vix_inverse,"VIX only, inverted",negative,-2.522105332869806,2.522105332869806,0.15700091919177644,weak/mixed,-1.2403397650284704,4.74878515576918,6.030550723610515,4.750881937768889,7.272987270638695,1,2.522105332869806
tff,TFF Detailed,Non-reportable,non_reportable,NASDAQ-100,1w,tie,Combined SP+NQ-VIX,negative,-0.20943898126436294,0.20943898126436294,0.4259358694368012,none,nq,NASDAQ-100 only,negative,-0.2516777290430895,0.2516777290430895,0.2692486075555705,none,-0.04223874777872655,0.3239729609825072,0.5334119422468702,0.26048048762269704,0.5121582166657865,2,0.2516777290430895
tff,TFF Detailed,Non-reportable,non_reportable,NASDAQ-100,26w,single,Combined SP+NQ-VIX,negative,-2.437001854354536,2.437001854354536,0.4998635346863477,weak/mixed,sp500,S&P 500 only,negative,-4.37603629494501,4.37603629494501,0.20129573741520296,weak/mixed,-1.9390344405904738,9.347861088502253,11.784862942856789,8.790200013296571,13.166236308241581,1,4.37603629494501
tff,TFF Detailed,Non-reportable,non_reportable,NASDAQ-100,4w,single,Combined SP+NQ-VIX,negative,-0.6022460639117699,0.6022460639117699,0.43541075489751574,none,sp500,S&P 500 only,negative,-1.1761645294189111,1.1761645294189111,0.11107992240677707,weak/mixed,-0.5739184655071412,1.3989913469974533,2.0012374109092232,1.2379024439197452,2.4140669733386564,1,1.1761645294189111
tff,TFF Detailed,Non-reportable,non_reportable,S&P 500,13w,single,Combined SP+NQ-VIX,negative,-0.7148326221875774,0.7148326221875774,0.6680184817872887,none,vix_inverse,"VIX only, inverted",negative,-2.267489496717016,2.267489496717016,0.0922742574819914,tentative,-1.5526568745294385,3.18809808554959,3.9029307077371675,3.042442660258003,5.309932156975019,1,2.267489496717016
tff,TFF Detailed,Non-reportable,non_reportable,S&P 500,1w,tie,Combined SP+NQ-VIX,negative,-0.13212897155232137,0.13212897155232137,0.5231174620795667,none,vix_inverse,"VIX only, inverted",negative,-0.2162572810136039,0.2162572810136039,0.37538613200725096,none,-0.08412830946128252,0.22022080704843203,0.3523497786007534,0.22649169431711755,0.44274897533072144,2,0.2162572810136039
tff,TFF Detailed,Non-reportable,non_reportable,S&P 500,26w,single,Combined SP+NQ-VIX,negative,-1.1040158409560767,1.1040158409560767,0.6719178107355024,none,nq,NASDAQ-100 only,positive,3.9821511598558565,3.9821511598558565,0.012970230428811689,supported,-2.87813531889978,6.400859790645564,7.5048756316016405,8.967803083779906,4.985651923924049,1,3.9821511598558565
tff,TFF Detailed,Non-reportable,non_reportable,S&P 500,4w,single,Combined SP+NQ-VIX,negative,-0.42973532724757024,0.42973532724757024,0.4746383866559034,none,sp500,S&P 500 only,negative,-0.8993298696964396,0.8993298696964396,0.12116683015130385,weak/mixed,-0.46959454244886933,0.931344627261398,1.3610799545089682,0.7979766994898749,1.6973065691863145,1,0.8993298696964396
tff,TFF Detailed,Other Reportables,other_reportable,NASDAQ-100,13w,tie,Combined SP+NQ-VIX,positive,1.3362283856761081,1.3362283856761081,0.6081841859571917,none,sp500,S&P 500 only,positive,1.2938425088283543,1.2938425088283543,0.5939609354507872,none,0.042385876847753856,6.2505090551657405,4.914280669489632,6.234136052110849,4.940293543282495,2,1.3362283856761081
tff,TFF Detailed,Other Reportables,other_reportable,NASDAQ-100,1w,single,Combined SP+NQ-VIX,positive,0.04480436842034108,0.04480436842034108,0.8754629564032803,none,vix_inverse,"VIX only, inverted",negative,-0.4544708979563578,0.4544708979563578,0.13172993856055823,weak/mixed,-0.40966652953601673,0.4281233232287578,0.3833189548084167,0.020292059325113663,0.4747629572814715,1,0.4544708979563578
tff,TFF Detailed,Other Reportables,other_reportable,NASDAQ-100,26w,single,Combined SP+NQ-VIX,positive,0.4626148956291054,0.4626148956291054,0.9001869201991347,none,nq,NASDAQ-100 only,negative,-2.656660517638386,2.656660517638386,0.3944515345789057,weak/mixed,-2.1940456220092805,10.57072048125078,10.108105585621674,8.294774004656345,10.951434522294731,1,2.656660517638386
tff,TFF Detailed,Other Reportables,other_reportable,NASDAQ-100,4w,tie,Combined SP+NQ-VIX,positive,0.11134651509929805,0.11134651509929805,0.9048896076624469,none,sp500,S&P 500 only,negative,-0.13547687963662436,0.13547687963662436,0.8905105785533695,none,-0.02413036453732631,1.6861854914863257,1.5748389763870276,1.4902113958989118,1.6256882755355362,2,0.13547687963662436
tff,TFF Detailed,Other Reportables,other_reportable,S&P 500,13w,tie,Combined SP+NQ-VIX,positive,1.0774911502107716,1.0774911502107716,0.5611062501108469,none,sp500,S&P 500 only,positive,0.9458586250059011,0.9458586250059011,0.5681821293239847,none,0.13163252520487045,4.29155684775441,3.214065697543638,4.199031222687414,3.253172597681513,2,1.0774911502107716
tff,TFF Detailed,Other Reportables,other_reportable,S&P 500,1w,single,Combined SP+NQ-VIX,positive,0.020817275955681613,0.020817275955681613,0.9233121815714078,none,vix_inverse,"VIX only, inverted",negative,-0.30236921554513235,0.30236921554513235,0.1553868871173973,weak/mixed,-0.28155193958945074,0.28008594586615193,0.2592686699104703,0.015797645531503177,0.31816686107663555,1,0.30236921554513235
tff,TFF Detailed,Other Reportables,other_reportable,S&P 500,26w,single,Combined SP+NQ-VIX,positive,0.9121686249937744,0.9121686249937744,0.7491515968860283,none,sp500,S&P 500 only,positive,1.2546823145726753,1.2546823145726753,0.6365545240422379,none,-0.34251368957890094,7.531723405851898,6.619554780858124,7.83041312751809,6.575730812945415,1,1.2546823145726753
tff,TFF Detailed,Other Reportables,other_reportable,S&P 500,4w,tie,Combined SP+NQ-VIX,positive,0.19001350276564843,0.19001350276564843,0.7797603963485829,none,nq,NASDAQ-100 only,positive,0.20670097124317266,0.20670097124317266,0.7082590928181269,none,-0.016687468477524225,1.2232484817057598,1.0332349789401114,1.216690150123015,1.0099891788798423,2,0.20670097124317266
