dataset,dataset_label,player,player_key,signal,target,horizon,n,pearson_r,spearman_r,slope_pp_per_unit,hac_t,hac_p,bucket_n,bucket_top_n,bucket_bottom_n,bucket_top_avg,bucket_bottom_avg,bucket_top_minus_bottom,bucket_top_hit,bucket_bottom_hit,bucket_top_avg_drawdown,bucket_bottom_avg_drawdown,abs_spearman,top_minus_bottom_abs,evidence,evidence_rank
tff,TFF Detailed,Other Reportables,other_reportable,flow4_z,NASDAQ-100,13w,461,-0.16669191748491077,-0.16242511614576127,-0.8506553133629129,-3.3342987479497586,0.0008551475758255176,461,139,139,3.2783194439298584,6.398657820975835,-3.1203383770459765,65.46762589928058,79.13669064748201,-7.956171970841653,-5.031765526243621,0.16242511614576127,3.1203383770459765,supported,0
tff,TFF Detailed,Other Reportables,other_reportable,flow4_z,S&P 500,13w,461,-0.15586843566606445,-0.14415670154611968,-0.5954471084933691,-3.2112474022777056,0.0013216010129723911,461,139,139,1.9831066022240542,4.418822823258807,-2.4357162210347534,65.46762589928058,82.01438848920863,-7.0874891372719215,-4.100020218908592,0.14415670154611968,2.4357162210347534,supported,0
tff,TFF Detailed,Other Reportables,other_reportable,trend13_z,NASDAQ-100,4w,461,-0.19747848578022664,-0.19219995321098787,-0.5857795091304022,-3.123892134597277,0.0017847587123880355,461,139,139,0.021944694628155827,2.5773524598714337,-2.555407765243278,51.07913669064749,77.6978417266187,-4.976463148677128,-2.065299235815661,0.19219995321098787,2.555407765243278,supported,0
legacy,Legacy,Commercial,commercial,net_z,NASDAQ-100,26w,452,0.28198013204657074,0.3179850126302513,1.8894575074392945,2.0483593389896453,0.04052480260698752,452,136,136,14.22686711673857,3.071415796631855,11.155451320106714,88.23529411764706,61.029411764705884,-5.232042656662393,-13.62860291904418,0.3179850126302513,11.155451320106714,supported,0
legacy,Legacy,Noncommercial,noncommercial,net_z,NASDAQ-100,13w,465,-0.24042214768572917,-0.2057981686852822,-1.322574162577076,-2.046996841101286,0.040658394702070944,465,140,140,2.1912697469450437,6.782177396723122,-4.590907649778078,61.42857142857143,79.28571428571428,-7.642261609485494,-4.631118808871798,0.2057981686852822,4.590907649778078,supported,0
legacy,Legacy,Noncommercial,noncommercial,net_z,NASDAQ-100,26w,452,-0.3136244516255656,-0.32743245879071076,-2.317784320257851,-2.027760099595419,0.04258473846719913,452,136,136,2.2398935132165816,13.537895799085822,-11.298002285869241,55.14705882352941,89.70588235294117,-12.541380223380887,-5.03173943299396,0.32743245879071076,11.298002285869241,supported,0
tff,TFF Detailed,Other Reportables,other_reportable,trend13_z,S&P 500,4w,461,-0.168290848446991,-0.1656455965047873,-0.39750436345054874,-2.63593476628006,0.00839058603579691,461,139,139,-0.2439914353566991,1.7050298968247504,-1.9490213321814496,53.956834532374096,80.57553956834532,-4.194317339657243,-1.6839994644955896,0.1656455965047873,1.9490213321814496,tentative,1
tff,TFF Detailed,Non-reportable,non_reportable,trend13_z,NASDAQ-100,4w,461,-0.18291137813834263,-0.15109507110827494,-0.491764409877814,-2.373214239843757,0.017634032269669628,461,139,139,1.6422323371295109,2.8814078613550507,-1.2391755242255398,67.62589928057554,75.53956834532374,-2.8183830822154525,-3.1541789682653203,0.15109507110827494,1.2391755242255398,tentative,1
legacy,Legacy,Nonreportable,nonreportable,trend13_z,NASDAQ-100,4w,461,-0.18291137813834263,-0.15109507110827494,-0.491764409877814,-2.373214239843757,0.017634032269669628,461,139,139,1.6422323371295109,2.8814078613550507,-1.2391755242255398,67.62589928057554,75.53956834532374,-2.8183830822154525,-3.1541789682653203,0.15109507110827494,1.2391755242255398,tentative,1
legacy,Legacy,Commercial,commercial,net_z,NASDAQ-100,4w,474,0.15905082754285738,0.1293502147264755,0.4556871322627324,2.1818642660551597,0.029119551810293527,474,142,142,1.974830261168351,0.4051015180465561,1.569728743121795,69.01408450704226,56.33802816901409,-3.065161914571277,-4.169028356508069,0.1293502147264755,1.569728743121795,tentative,1
legacy,Legacy,Noncommercial,noncommercial,net_z,NASDAQ-100,4w,474,-0.14686160649637886,-0.11306801807956078,-0.4561327864922468,-2.151078452970863,0.031470007900667805,474,142,142,0.6895728268720972,2.202007823063538,-1.5124349961914407,61.267605633802816,71.12676056338029,-3.8597435668598266,-2.793380496732978,0.11306801807956078,1.5124349961914407,tentative,1
tff,TFF Detailed,Other Reportables,other_reportable,flow1_z,NASDAQ-100,13w,464,-0.07859318026695465,-0.06516539855899403,-0.40576249449982205,-2.0128524824948566,0.04413015075039777,464,139,139,5.106190691337774,6.2159064597098705,-1.1097157683720962,71.94244604316546,78.41726618705036,-6.749738545531359,-5.228468528730609,0.06516539855899403,1.1097157683720962,tentative,1
legacy,Legacy,Commercial,commercial,net_z,NASDAQ-100,13w,465,0.24114440239948196,0.24828254569932262,1.2073471135715625,1.9452692344571865,0.051742582894527316,465,140,140,7.006338431621876,0.7666415616385144,6.239696869983362,81.42857142857143,54.285714285714285,-4.84843922484277,-8.95924065605112,0.24828254569932262,6.239696869983362,tentative,1
tff,TFF Detailed,Non-reportable,non_reportable,trend13_z,NASDAQ-100,13w,452,-0.2297015295193022,-0.1644066406832226,-1.0856761595679665,-1.929575010688842,0.05365951759088019,452,136,136,4.414528216674821,6.9225518719824795,-2.5080236553076585,75.0,72.05882352941177,-5.132454330793356,-5.782883515618284,0.1644066406832226,2.5080236553076585,tentative,1
legacy,Legacy,Nonreportable,nonreportable,trend13_z,NASDAQ-100,13w,452,-0.2297015295193022,-0.1644066406832226,-1.0856761595679665,-1.929575010688842,0.05365951759088019,452,136,136,4.414528216674821,6.9225518719824795,-2.5080236553076585,75.0,72.05882352941177,-5.132454330793356,-5.782883515618284,0.1644066406832226,2.5080236553076585,tentative,1
tff,TFF Detailed,Non-reportable,non_reportable,flow4_z,NASDAQ-100,13w,461,-0.16610439910350516,-0.08345677711894822,-0.8416259476712673,-1.9125976452244704,0.05579958137285567,461,139,139,4.1786604790606185,6.514651879861264,-2.335991400800645,73.38129496402878,73.38129496402878,-5.439453173184568,-6.372830368818416,0.08345677711894822,2.335991400800645,tentative,1
legacy,Legacy,Nonreportable,nonreportable,flow4_z,NASDAQ-100,13w,461,-0.16610439910350516,-0.08345677711894822,-0.8416259476712673,-1.9125976452244704,0.05579958137285567,461,139,139,4.1786604790606185,6.514651879861264,-2.335991400800645,73.38129496402878,73.38129496402878,-5.439453173184568,-6.372830368818416,0.08345677711894822,2.335991400800645,tentative,1
tff,TFF Detailed,Leveraged Funds,lev_money,flow4_z,S&P 500,26w,448,0.09489955066359261,0.0870094297117062,0.4773049164375658,1.9024725476236082,0.05710940448486446,448,135,135,8.01134403114258,6.879988199826829,1.1313558313157506,80.74074074074075,81.48148148148148,-7.387682144643695,-6.217862982948204,0.0870094297117062,1.1313558313157506,tentative,1
legacy,Legacy,Noncommercial,noncommercial,net_z,S&P 500,13w,465,-0.1811186533833177,-0.15751705519246473,-0.7457574197059754,-1.84365257031859,0.06523378937073888,465,140,140,1.8220976805205316,4.193133396270655,-2.371035715750123,62.857142857142854,80.0,-5.952594309327075,-3.7395518916099038,0.15751705519246473,2.371035715750123,tentative,1
legacy,Legacy,Noncommercial,noncommercial,net_z,S&P 500,26w,452,-0.26410307818688605,-0.3041595038498908,-1.4112495733668535,-1.7678719277441646,0.07708231679336817,452,136,136,1.866238025126554,8.868364624399772,-7.002126599273218,52.20588235294118,92.64705882352942,-10.217740307816744,-4.020475060577915,0.3041595038498908,7.002126599273218,tentative,1
legacy,Legacy,Commercial,commercial,net_z,S&P 500,13w,465,0.1828719439010074,0.1910810533401443,0.6853160213687546,1.7667521891411178,0.07726973890401873,465,140,140,4.347117846718337,0.7638363662114397,3.5832814805068973,80.0,55.714285714285715,-3.9147663539323965,-7.003026658969928,0.1910810533401443,3.5832814805068973,tentative,1
tff,TFF Detailed,Non-reportable,non_reportable,trend13_z,S&P 500,13w,452,-0.2011607564277322,-0.15172363068752776,-0.7118052249401177,-1.7408067552861308,0.08171745746615507,452,136,136,3.377212321310596,4.74300139152009,-1.3657890702094937,75.73529411764706,74.26470588235294,-4.0033543571313785,-4.549125050964865,0.15172363068752776,1.3657890702094937,tentative,1
legacy,Legacy,Nonreportable,nonreportable,trend13_z,S&P 500,13w,452,-0.2011607564277322,-0.15172363068752776,-0.7118052249401177,-1.7408067552861308,0.08171745746615507,452,136,136,3.377212321310596,4.74300139152009,-1.3657890702094937,75.73529411764706,74.26470588235294,-4.0033543571313785,-4.549125050964865,0.15172363068752776,1.3657890702094937,tentative,1
tff,TFF Detailed,Dealer / Intermediary,dealer,trend13_z,S&P 500,13w,452,0.2254861702282164,0.19697864169213528,0.8899129739226481,1.7150391224915478,0.08633805438686994,452,136,136,4.633911955869111,1.3845517145678254,3.249360241301286,72.79411764705883,67.64705882352942,-5.42618497727831,-6.254124642639724,0.19697864169213528,3.249360241301286,tentative,1
legacy,Legacy,Commercial,commercial,net_z,S&P 500,26w,452,0.22395749966211714,0.27277431373728733,1.0850543316747596,1.6841170941601404,0.09215904136255092,452,136,136,9.19884115985814,2.425718101658978,6.773123058199163,91.17647058823529,58.08823529411765,-4.346936075300047,-10.895166513061627,0.27277431373728733,6.773123058199163,tentative,1
tff,TFF Detailed,Leveraged Funds,lev_money,trend26_z,S&P 500,4w,448,0.14878094528127755,0.2219219977493396,0.33911132731089866,1.6464222463867857,0.09967685605176803,448,135,135,2.0460247147288837,-0.1126365898044435,2.1586613045333274,76.29629629629629,55.55555555555556,-2.9877178460435854,-3.0994917172008565,0.2219219977493396,2.1586613045333274,tentative,1
tff,TFF Detailed,Other Reportables,other_reportable,trend13_z,NASDAQ-100,1w,464,-0.0928139329451435,-0.08517755509481376,-0.14542202299166687,-2.320161678447178,0.020332132788126255,464,139,139,0.0859710178009626,0.674250394809169,-0.5882793770082064,55.39568345323741,64.02877697841727,-1.9720524083452649,-1.095730673156493,0.08517755509481376,0.5882793770082064,weak/mixed,2
tff,TFF Detailed,Other Reportables,other_reportable,flow4_z,NASDAQ-100,4w,470,-0.1345870490089199,-0.08932644966367129,-0.393072506476637,-2.2151158602367227,0.02675211308658816,470,141,141,1.1748207546864642,1.6533731690436015,-0.47855241435713736,62.4113475177305,70.2127659574468,-4.003815442832834,-3.216462518539023,0.08932644966367129,0.47855241435713736,weak/mixed,2
tff,TFF Detailed,Non-reportable,non_reportable,trend13_z,NASDAQ-100,1w,464,-0.0973112050929575,-0.0989107167310931,-0.13754407396009155,-2.082595767035846,0.037288085386372974,464,139,139,0.34821176960177946,0.6050751180808185,-0.256863348479039,57.55395683453237,62.589928057553955,-1.4709213214754882,-1.5607630020677592,0.0989107167310931,0.256863348479039,weak/mixed,2
legacy,Legacy,Nonreportable,nonreportable,trend13_z,NASDAQ-100,1w,464,-0.0973112050929575,-0.0989107167310931,-0.13754407396009155,-2.082595767035846,0.037288085386372974,464,139,139,0.34821176960177946,0.6050751180808185,-0.256863348479039,57.55395683453237,62.589928057553955,-1.4709213214754882,-1.5607630020677592,0.0989107167310931,0.256863348479039,weak/mixed,2
tff,TFF Detailed,Non-reportable,non_reportable,trend13_z,S&P 500,4w,461,-0.14204705167073606,-0.11518217706089065,-0.3040994325469648,-2.030677560940497,0.04228771405325987,461,139,139,1.3162189072356125,1.970707928681433,-0.6544890214458206,71.94244604316546,76.2589928057554,-2.05865332703482,-2.5830359957502935,0.11518217706089065,0.6544890214458206,weak/mixed,2
legacy,Legacy,Nonreportable,nonreportable,trend13_z,S&P 500,4w,461,-0.14204705167073606,-0.11518217706089065,-0.3040994325469648,-2.030677560940497,0.04228771405325987,461,139,139,1.3162189072356125,1.970707928681433,-0.6544890214458206,71.94244604316546,76.2589928057554,-2.05865332703482,-2.5830359957502935,0.11518217706089065,0.6544890214458206,weak/mixed,2
tff,TFF Detailed,Other Reportables,other_reportable,flow1_z,S&P 500,13w,464,-0.07529057499156441,-0.06560637329213885,-0.29097548138953866,-1.9871749386751374,0.04690301405059641,464,139,139,3.3544000966809335,4.3282382108639865,-0.973838114183053,74.10071942446042,79.85611510791367,-5.9699158541980495,-4.3120804566981885,0.06560637329213885,0.973838114183053,weak/mixed,2
legacy,Legacy,Commercial,commercial,net_z,NASDAQ-100,1w,477,0.07667758915189674,0.08245150116571455,0.11604170036969293,1.894214045681197,0.058196604522748115,477,143,143,0.5892471988566073,0.016091803328081168,0.5731553955285261,62.23776223776224,55.24475524475524,-1.4378569967302488,-1.779689832031203,0.08245150116571455,0.5731553955285261,weak/mixed,2
tff,TFF Detailed,Non-reportable,non_reportable,flow1_z,NASDAQ-100,13w,464,-0.0813160303871366,-0.044783020250482294,-0.429549401546024,-1.8278888549398853,0.06756623404890844,464,139,139,5.249814678643322,6.101698131156459,-0.8518834525131371,77.6978417266187,75.53956834532374,-5.478690501463696,-6.19101311565699,0.044783020250482294,0.8518834525131371,weak/mixed,2
legacy,Legacy,Nonreportable,nonreportable,flow1_z,NASDAQ-100,13w,464,-0.0813160303871366,-0.044783020250482294,-0.429549401546024,-1.8278888549398853,0.06756623404890844,464,139,139,5.249814678643322,6.101698131156459,-0.8518834525131371,77.6978417266187,75.53956834532374,-5.478690501463696,-6.19101311565699,0.044783020250482294,0.8518834525131371,weak/mixed,2
tff,TFF Detailed,Other Reportables,other_reportable,trend13_z,S&P 500,1w,464,-0.0830130889642847,-0.06904263676703415,-0.1002689215504324,-1.7778981031859815,0.07542059182217935,464,139,139,0.046553366178890096,0.4326580156050533,-0.3861046494261632,58.27338129496403,68.34532374100719,-1.5650123896071118,-0.8198841324865782,0.06904263676703415,0.3861046494261632,weak/mixed,2
tff,TFF Detailed,Asset Manager / Institutional,asset_mgr,flow4_z,NASDAQ-100,1w,473,0.0726589097323608,0.037790073993503745,0.12385733830143655,1.7607703323058943,0.07827728314893108,473,142,142,0.513999871361125,0.14423022848585448,0.36976964287527053,64.7887323943662,52.816901408450704,-1.2081598616729652,-2.0135566138625154,0.037790073993503745,0.36976964287527053,weak/mixed,2
tff,TFF Detailed,Asset Manager / Institutional,asset_mgr,flow1_z,NASDAQ-100,4w,473,0.08371615281650521,0.043476683178713386,0.29683287629046007,1.7562543876047465,0.07904498177745635,473,142,142,1.5996170419368336,1.556471483010481,0.04314555892635252,66.90140845070422,64.08450704225352,-3.349480146159041,-3.8009457959911472,0.043476683178713386,0.04314555892635252,weak/mixed,2
legacy,Legacy,Noncommercial,noncommercial,net_z,NASDAQ-100,1w,477,-0.06536115749236147,-0.05763216315183214,-0.10750412643669703,-1.7230744068062473,0.08487507035077033,477,143,143,0.16878905309148706,0.627408455793445,-0.4586194027019579,57.34265734265735,62.93706293706294,-1.6773919863299305,-1.348719274705999,0.05763216315183214,0.4586194027019579,weak/mixed,2
tff,TFF Detailed,Non-reportable,non_reportable,trend26_z,NASDAQ-100,4w,448,-0.12452965116533454,-0.14410071811866998,-0.351657173394471,-1.6331049472902515,0.10244692628320134,448,135,135,0.9884533933477819,2.7999966796049307,-1.8115432862571488,62.22222222222222,77.03703703703704,-3.464168185217999,-3.103381957577587,0.14410071811866998,1.8115432862571488,weak/mixed,2
legacy,Legacy,Nonreportable,nonreportable,trend26_z,NASDAQ-100,4w,448,-0.12452965116533454,-0.14410071811866998,-0.351657173394471,-1.6331049472902515,0.10244692628320134,448,135,135,0.9884533933477819,2.7999966796049307,-1.8115432862571488,62.22222222222222,77.03703703703704,-3.464168185217999,-3.103381957577587,0.14410071811866998,1.8115432862571488,weak/mixed,2
tff,TFF Detailed,Non-reportable,non_reportable,flow4_z,S&P 500,13w,461,-0.13258001761182445,-0.0625991663716836,-0.5028772534113221,-1.5934940124188068,0.11104941048609115,461,139,139,2.8617603135753416,4.27321436186635,-1.411454048291008,72.66187050359713,76.2589928057554,-4.658877476183808,-5.228474281167377,0.0625991663716836,1.411454048291008,weak/mixed,2
legacy,Legacy,Nonreportable,nonreportable,flow4_z,S&P 500,13w,461,-0.13258001761182445,-0.0625991663716836,-0.5028772534113221,-1.5934940124188068,0.11104941048609115,461,139,139,2.8617603135753416,4.27321436186635,-1.411454048291008,72.66187050359713,76.2589928057554,-4.658877476183808,-5.228474281167377,0.0625991663716836,1.411454048291008,weak/mixed,2
tff,TFF Detailed,Non-reportable,non_reportable,trend26_z,NASDAQ-100,1w,451,-0.06887865268727573,-0.09486882640346915,-0.10290857092624968,-1.5914000287504053,0.1115195778681952,451,136,136,0.22817652836245705,0.6253327415783754,-0.3971562132159183,56.61764705882353,66.91176470588235,-1.5111467702198491,-1.600914707272975,0.09486882640346915,0.3971562132159183,weak/mixed,2
legacy,Legacy,Nonreportable,nonreportable,trend26_z,NASDAQ-100,1w,451,-0.06887865268727573,-0.09486882640346915,-0.10290857092624968,-1.5914000287504053,0.1115195778681952,451,136,136,0.22817652836245705,0.6253327415783754,-0.3971562132159183,56.61764705882353,66.91176470588235,-1.5111467702198491,-1.600914707272975,0.09486882640346915,0.3971562132159183,weak/mixed,2
tff,TFF Detailed,Leveraged Funds,lev_money,trend13_z,S&P 500,26w,439,0.16414120518495953,0.21819543454641904,0.7991594255430771,1.5899202184940637,0.1118527896022419,439,132,132,9.09646375152045,5.057038438955517,4.039425312564933,81.81818181818183,75.75757575757575,-6.747277157178415,-7.012224168578567,0.21819543454641904,4.039425312564933,weak/mixed,2
legacy,Legacy,Commercial,commercial,net_z,S&P 500,4w,474,0.10314997353800694,0.09537765520660646,0.23480552856467554,1.5538032388085996,0.12023135776022469,474,142,142,1.3294912389696254,0.3900186782928475,0.939472560676778,69.01408450704226,62.676056338028175,-2.452344978175715,-3.264520715946971,0.09537765520660646,0.939472560676778,weak/mixed,2
tff,TFF Detailed,Dealer / Intermediary,dealer,trend13_z,NASDAQ-100,13w,452,0.2013706250566584,0.19566214314943198,1.0615543852119584,1.5499272608145842,0.12115897570224393,452,136,136,6.992612835022736,3.3391701416466306,3.653442693376105,71.32352941176471,71.32352941176471,-6.48401295598823,-6.405893105498886,0.19566214314943198,3.653442693376105,weak/mixed,2
legacy,Legacy,Commercial,commercial,trend13_z,NASDAQ-100,1w,464,0.06134467357534944,0.046382469602654255,0.09724029691417362,1.5128866694047178,0.13030844859522514,464,139,139,0.5105022050649407,0.4050112768093603,0.10549092825558043,61.15107913669065,58.992805755395686,-1.6132398386689675,-1.4826174690841272,0.046382469602654255,0.10549092825558043,weak/mixed,2
