dataset,dataset_label,player,player_key,source,source_label,source_kind,source_interpretation,target,horizon,n,positive_n,negative_n,positive_avg_return,negative_avg_return,side_edge_pp,positive_hit_rate,negative_hit_rate,positive_avg_drawdown,negative_avg_drawdown,hac_t,hac_p,better_side,abs_side_edge_pp,evidence
tff,TFF Detailed,Asset Manager / Institutional,asset_mgr,nq,NASDAQ-100 only,single,positive = net long NASDAQ-100; negative = net short NASDAQ-100,S&P 500,1w,530,480,50,0.2505075112309504,0.4419001270580448,-0.19139261582709444,61.25000000000001,70.0,-1.0377756558124642,-1.3199137634608413,-0.5303024366383756,0.59590225755726,negative,0.19139261582709444,none
tff,TFF Detailed,Asset Manager / Institutional,asset_mgr,vix_inverse,"VIX only, inverted",single,positive = net short VIX / hedge selling; negative = net long VIX / hedge buying,S&P 500,1w,530,109,421,0.29943810636936635,0.2605697343218468,0.03886837204751953,66.05504587155964,61.04513064133017,-0.8591237459449137,-1.1175380395606396,0.21057224504893302,0.8332210719297298,positive,0.03886837204751953,none
tff,TFF Detailed,Asset Manager / Institutional,asset_mgr,nq,NASDAQ-100 only,single,positive = net long NASDAQ-100; negative = net short NASDAQ-100,S&P 500,4w,527,477,50,1.008657799467693,1.695192678323722,-0.6865348788560288,69.60167714884696,74.0,-2.4838895503822664,-2.704292963052189,-0.7035506051208172,0.48171268155066516,negative,0.6865348788560288,none
tff,TFF Detailed,Asset Manager / Institutional,asset_mgr,vix_inverse,"VIX only, inverted",single,positive = net short VIX / hedge selling; negative = net long VIX / hedge buying,S&P 500,4w,527,106,421,0.7723834035048596,1.1496835237310228,-0.3773001202261632,68.86792452830188,70.30878859857482,-2.272616594128934,-2.563260343722764,-0.763899301547579,0.44492725369884717,negative,0.3773001202261632,none
tff,TFF Detailed,Asset Manager / Institutional,asset_mgr,nq,NASDAQ-100 only,single,positive = net long NASDAQ-100; negative = net short NASDAQ-100,S&P 500,13w,518,468,50,3.2934278992376393,4.775046907440584,-1.4816190082029443,75.85470085470085,84.0,-4.716082142687175,-4.329126015220293,-1.1227811040178803,0.2615304725251132,negative,1.4816190082029443,none
tff,TFF Detailed,Asset Manager / Institutional,asset_mgr,vix_inverse,"VIX only, inverted",single,positive = net short VIX / hedge selling; negative = net long VIX / hedge buying,S&P 500,13w,518,98,420,1.9555471075527655,3.781983299226365,-1.8264361916735994,70.40816326530613,78.0952380952381,-5.714917326930396,-4.436954394046271,-1.226078368540971,0.22016918520905865,negative,1.8264361916735994,weak/mixed
tff,TFF Detailed,Asset Manager / Institutional,asset_mgr,nq,NASDAQ-100 only,single,positive = net long NASDAQ-100; negative = net short NASDAQ-100,S&P 500,26w,505,455,50,6.728484919460172,7.371125430241028,-0.6426405107808559,79.12087912087912,86.0,-6.7722450783088055,-4.8526499534418575,-0.3234762925182006,0.7463345590882569,negative,0.6426405107808559,none
tff,TFF Detailed,Asset Manager / Institutional,asset_mgr,vix_inverse,"VIX only, inverted",single,positive = net short VIX / hedge selling; negative = net long VIX / hedge buying,S&P 500,26w,505,91,414,6.457166806251955,6.8657360640036265,-0.4085692577516715,79.12087912087912,79.95169082125604,-7.594038827679224,-6.359774094163743,-0.18527376536040346,0.853014313995373,negative,0.4085692577516715,none
tff,TFF Detailed,Asset Manager / Institutional,asset_mgr,nq,NASDAQ-100 only,single,positive = net long NASDAQ-100; negative = net short NASDAQ-100,NASDAQ-100,1w,530,480,50,0.35415874892273264,0.7965026554320823,-0.4423439065093497,58.75,72.0,-1.4118304119315848,-1.4957048012556264,-0.9846356440076006,0.32480307475163656,negative,0.4423439065093497,none
tff,TFF Detailed,Asset Manager / Institutional,asset_mgr,vix_inverse,"VIX only, inverted",single,positive = net short VIX / hedge selling; negative = net long VIX / hedge buying,NASDAQ-100,1w,530,109,421,0.43090831653032036,0.3868226264909997,0.04408569003932067,61.46788990825688,59.61995249406176,-1.2514669319611318,-1.4633110266180016,0.17103187524334604,0.8641987020336279,positive,0.04408569003932067,none
tff,TFF Detailed,Asset Manager / Institutional,asset_mgr,nq,NASDAQ-100 only,single,positive = net long NASDAQ-100; negative = net short NASDAQ-100,NASDAQ-100,4w,527,477,50,1.4955902460948474,2.389677108156723,-0.8940868620618756,67.9245283018868,72.0,-3.153849047689018,-3.2926022207043752,-0.8002769080827061,0.4235503790730237,negative,0.8940868620618756,none
tff,TFF Detailed,Asset Manager / Institutional,asset_mgr,vix_inverse,"VIX only, inverted",single,positive = net short VIX / hedge selling; negative = net long VIX / hedge buying,NASDAQ-100,4w,527,106,421,1.1972231771302473,1.6768996342500524,-0.4796764571198051,64.15094339622641,69.35866983372921,-2.9620855092779776,-3.218610552967731,-0.7014865971443315,0.4829993960595316,negative,0.4796764571198051,none
tff,TFF Detailed,Asset Manager / Institutional,asset_mgr,nq,NASDAQ-100 only,single,positive = net long NASDAQ-100; negative = net short NASDAQ-100,NASDAQ-100,13w,518,468,50,5.067805319656516,6.210325541800492,-1.1425202221439754,75.85470085470085,84.0,-5.626107130904688,-5.116114533700351,-0.5929257538493262,0.5532308416783095,negative,1.1425202221439754,none
tff,TFF Detailed,Asset Manager / Institutional,asset_mgr,vix_inverse,"VIX only, inverted",single,positive = net short VIX / hedge selling; negative = net long VIX / hedge buying,NASDAQ-100,13w,518,98,420,3.7410778652656784,5.513389371174377,-1.7723115059086982,67.3469387755102,78.80952380952381,-6.451494799132853,-5.372803270555695,-1.096598039669269,0.27281714482046904,negative,1.7723115059086982,weak/mixed
tff,TFF Detailed,Asset Manager / Institutional,asset_mgr,nq,NASDAQ-100 only,single,positive = net long NASDAQ-100; negative = net short NASDAQ-100,NASDAQ-100,26w,505,455,50,10.12440778086655,10.875589956223983,-0.7511821753574335,82.41758241758241,84.0,-7.663233083960636,-5.903085136991559,-0.2832163977594499,0.7770109591466196,negative,0.7511821753574335,none
tff,TFF Detailed,Asset Manager / Institutional,asset_mgr,vix_inverse,"VIX only, inverted",single,positive = net short VIX / hedge selling; negative = net long VIX / hedge buying,NASDAQ-100,26w,505,91,414,10.569379978421406,10.117322367316744,0.4520576111046619,91.20879120879121,80.67632850241546,-8.433370194304466,-7.281373483985412,0.19606112289897396,0.8445623250819557,positive,0.4520576111046619,none
tff,TFF Detailed,Leveraged Funds,lev_money,combined,Combined SP+NQ-VIX,combined,positive = equity risk-on net long; negative = equity risk-on net short,S&P 500,1w,530,31,499,-0.1771579954880225,0.2962535262602948,-0.47341152174831724,54.83870967741935,62.525050100200396,-2.4834313685789144,-0.9762357325392356,-0.8803269347785064,0.3786822253263468,negative,0.47341152174831724,none
tff,TFF Detailed,Leveraged Funds,lev_money,sp500,S&P 500 only,single,positive = net long S&P 500; negative = net short S&P 500,S&P 500,1w,530,20,510,0.2661220390571215,0.26865915875022744,-0.002537119693105938,65.0,61.96078431372549,-2.1710115276394175,-1.0209956321769345,-0.0036726732030061987,0.9970696373421618,negative,0.002537119693105938,none
tff,TFF Detailed,Leveraged Funds,lev_money,nq,NASDAQ-100 only,single,positive = net long NASDAQ-100; negative = net short NASDAQ-100,S&P 500,1w,530,108,422,0.33337528351810825,0.2519764955540349,0.08139878796407335,61.111111111111114,62.32227488151659,-0.8638263911305224,-1.115722162845802,0.3963014739425492,0.6918826400170395,positive,0.08139878796407335,none
tff,TFF Detailed,Leveraged Funds,lev_money,combined,Combined SP+NQ-VIX,combined,positive = equity risk-on net long; negative = equity risk-on net short,S&P 500,4w,527,31,496,-0.14973590295240347,1.1502645509149199,-1.3000004538673233,48.38709677419355,71.37096774193549,-5.665255239998273,-2.3072722807358956,-0.839500565174296,0.40118847218126036,negative,1.3000004538673233,none
tff,TFF Detailed,Leveraged Funds,lev_money,sp500,S&P 500 only,single,positive = net long S&P 500; negative = net short S&P 500,S&P 500,4w,527,20,507,2.1573571829562175,1.0310498236748549,1.1263073592813626,70.0,70.01972386587771,-3.4867959669218096,-2.4660632038392785,0.7892869006036488,0.42994434105660195,positive,1.1263073592813626,none
tff,TFF Detailed,Leveraged Funds,lev_money,nq,NASDAQ-100 only,single,positive = net long NASDAQ-100; negative = net short NASDAQ-100,S&P 500,4w,527,108,419,1.3055738186353953,1.0140511499991718,0.29152266863622356,73.14814814814815,69.21241050119332,-1.8481206773056795,-2.674064273355459,0.5974636276352157,0.550197883903736,positive,0.29152266863622356,none
tff,TFF Detailed,Leveraged Funds,lev_money,combined,Combined SP+NQ-VIX,combined,positive = equity risk-on net long; negative = equity risk-on net short,S&P 500,13w,518,31,487,1.0156756690007873,3.5905352289039425,-2.574859559903155,41.935483870967744,78.85010266940452,-9.553587573185085,-4.368422030328286,-0.8184835478587591,0.4130811325465795,negative,2.574859559903155,weak/mixed
tff,TFF Detailed,Leveraged Funds,lev_money,sp500,S&P 500 only,single,positive = net long S&P 500; negative = net short S&P 500,S&P 500,13w,518,20,498,1.7825895388836621,3.5028610671437166,-1.7202715282600545,50.0,77.71084337349397,-6.549563994291428,-4.603597316571856,-0.4340694150555356,0.6642380345913952,negative,1.7202715282600545,weak/mixed
tff,TFF Detailed,Leveraged Funds,lev_money,nq,NASDAQ-100 only,single,positive = net long NASDAQ-100; negative = net short NASDAQ-100,S&P 500,13w,518,108,410,3.6193196323562082,3.3882684924896926,0.2310511398665156,83.33333333333334,74.8780487804878,-3.431569005970627,-5.007251929009231,0.24681898976999264,0.8050483133695181,positive,0.2310511398665156,none
tff,TFF Detailed,Leveraged Funds,lev_money,combined,Combined SP+NQ-VIX,combined,positive = equity risk-on net long; negative = equity risk-on net short,S&P 500,26w,505,31,474,2.0068690888526395,7.105071662683541,-5.098202573830902,51.61290322580645,81.64556962025317,-13.131642199207974,-6.153846202799898,-0.8639766040178386,0.38760074301093184,negative,5.098202573830902,weak/mixed
tff,TFF Detailed,Leveraged Funds,lev_money,sp500,S&P 500 only,single,positive = net long S&P 500; negative = net short S&P 500,S&P 500,26w,505,20,485,2.9777731465587953,6.949405045227327,-3.971631898668532,55.00000000000001,80.82474226804123,-10.165654204956265,-6.4344142767081935,-0.7099394684217856,0.4777416738633463,negative,3.971631898668532,weak/mixed
tff,TFF Detailed,Leveraged Funds,lev_money,nq,NASDAQ-100 only,single,positive = net long NASDAQ-100; negative = net short NASDAQ-100,S&P 500,26w,505,108,397,7.491635280044014,6.601814356729664,0.8898209233143506,88.88888888888889,77.32997481108312,-4.140783096857654,-7.246346180962147,0.6979372014435223,0.4852164679838672,positive,0.8898209233143506,none
tff,TFF Detailed,Leveraged Funds,lev_money,combined,Combined SP+NQ-VIX,combined,positive = equity risk-on net long; negative = equity risk-on net short,NASDAQ-100,1w,530,31,499,-0.2505085422145139,0.43604628669973083,-0.6865548289142447,54.83870967741935,60.320641282565134,-2.970313347810592,-1.3234150781719711,-1.1539621509615214,0.24851568657621367,negative,0.6865548289142447,none
tff,TFF Detailed,Leveraged Funds,lev_money,sp500,S&P 500 only,single,positive = net long S&P 500; negative = net short S&P 500,NASDAQ-100,1w,530,20,510,0.4573768776250384,0.3934780288274804,0.06389884879755803,65.0,59.80392156862745,-2.599650673314588,-1.373472204556177,0.08027314347885241,0.9360200176672029,positive,0.06389884879755803,none
tff,TFF Detailed,Leveraged Funds,lev_money,nq,NASDAQ-100 only,single,positive = net long NASDAQ-100; negative = net short NASDAQ-100,NASDAQ-100,1w,530,108,422,0.4720780755090178,0.37639075852972004,0.09568731697929778,62.03703703703704,59.47867298578199,-1.1982235602407658,-1.476435292142036,0.3506646761957715,0.725839929051094,positive,0.09568731697929778,none
tff,TFF Detailed,Leveraged Funds,lev_money,combined,Combined SP+NQ-VIX,combined,positive = equity risk-on net long; negative = equity risk-on net short,NASDAQ-100,4w,527,31,496,-0.4686265046560869,1.7084835170149535,-2.1771100216710404,38.70967741935484,70.16129032258065,-6.546554262758729,-2.955792186768871,-1.3573423568412044,0.17467245466877457,negative,2.1771100216710404,weak/mixed
tff,TFF Detailed,Leveraged Funds,lev_money,sp500,S&P 500 only,single,positive = net long S&P 500; negative = net short S&P 500,NASDAQ-100,4w,527,20,507,2.129915714003075,1.558741791942834,0.571173922060241,55.00000000000001,68.83629191321499,-4.506342121314907,-3.1141800085928644,0.31111184371213707,0.7557155976606251,positive,0.571173922060241,none
tff,TFF Detailed,Leveraged Funds,lev_money,nq,NASDAQ-100 only,single,positive = net long NASDAQ-100; negative = net short NASDAQ-100,NASDAQ-100,4w,527,108,419,1.943847184553682,1.4867420211534144,0.45710516340026763,75.92592592592592,66.34844868735084,-2.3515984646197756,-3.377192058720632,0.7405045786245684,0.4589938840001047,positive,0.45710516340026763,none
tff,TFF Detailed,Leveraged Funds,lev_money,combined,Combined SP+NQ-VIX,combined,positive = equity risk-on net long; negative = equity risk-on net short,NASDAQ-100,13w,518,31,487,0.4526172340801098,5.478887130252137,-5.026269896172027,45.16129032258064,78.64476386036962,-12.08303165043635,-5.162730765472043,-0.9997452462763564,0.31743380945285127,negative,5.026269896172027,weak/mixed
tff,TFF Detailed,Leveraged Funds,lev_money,sp500,S&P 500 only,single,positive = net long S&P 500; negative = net short S&P 500,NASDAQ-100,13w,518,20,498,1.2319955572506156,5.3365647701692005,-4.104569212918585,50.0,77.71084337349397,-9.334359249426518,-5.425977266987714,-0.6879254956672946,0.4914997002201159,negative,4.104569212918585,weak/mixed
tff,TFF Detailed,Leveraged Funds,lev_money,nq,NASDAQ-100 only,single,positive = net long NASDAQ-100; negative = net short NASDAQ-100,NASDAQ-100,13w,518,108,410,5.5892340395237925,5.069785098587085,0.5194489409367078,85.18518518518519,74.39024390243902,-3.824551697702126,-6.038468977064835,0.39021900130718296,0.6963746121526497,positive,0.5194489409367078,none
tff,TFF Detailed,Leveraged Funds,lev_money,combined,Combined SP+NQ-VIX,combined,positive = equity risk-on net long; negative = equity risk-on net short,NASDAQ-100,26w,505,31,474,2.866794796226753,10.67830042072247,-7.811505624495718,51.61290322580645,84.59915611814345,-16.214578243640833,-6.918298279533335,-0.8608398715391159,0.3893262418732887,negative,7.811505624495718,weak/mixed
tff,TFF Detailed,Leveraged Funds,lev_money,sp500,S&P 500 only,single,positive = net long S&P 500; negative = net short S&P 500,NASDAQ-100,26w,505,20,485,3.007706212482668,10.495321471867683,-7.487615259385015,55.00000000000001,83.71134020618557,-13.400176148464501,-7.245199560994592,-0.9454023838135959,0.3444534856596272,negative,7.487615259385015,weak/mixed
tff,TFF Detailed,Leveraged Funds,lev_money,nq,NASDAQ-100 only,single,positive = net long NASDAQ-100; negative = net short NASDAQ-100,NASDAQ-100,26w,505,108,397,11.75163309204997,9.77634424222691,1.975288849823059,90.74074074074075,80.35264483627203,-4.553830897266633,-8.287434693065165,1.1404264105695268,0.254108695015575,positive,1.975288849823059,weak/mixed
tff,TFF Detailed,Other Reportables,other_reportable,combined,Combined SP+NQ-VIX,combined,positive = equity risk-on net long; negative = equity risk-on net short,S&P 500,1w,530,115,415,0.26833778142937054,0.2686259442876646,-0.00028816285829408317,59.130434782608695,62.89156626506024,-1.1048450920161148,-1.053182692484751,-0.0013374971495677607,0.998932831992418,negative,0.00028816285829408317,none
tff,TFF Detailed,Other Reportables,other_reportable,sp500,S&P 500 only,single,positive = net long S&P 500; negative = net short S&P 500,S&P 500,1w,530,108,422,0.2212877889161854,0.28066239464647014,-0.059374605730284746,58.333333333333336,63.03317535545023,-1.1685442425415262,-1.0377374994515167,-0.27225964260594043,0.785422385000067,negative,0.059374605730284746,none
tff,TFF Detailed,Other Reportables,other_reportable,nq,NASDAQ-100 only,single,positive = net long NASDAQ-100; negative = net short NASDAQ-100,S&P 500,1w,530,163,367,0.3561099328471252,0.2296803615522534,0.1264295712948718,61.963190184049076,62.125340599455036,-0.8713622718261375,-1.1501252115949987,0.629161992451068,0.5292430087318447,positive,0.1264295712948718,none
tff,TFF Detailed,Other Reportables,other_reportable,vix_inverse,"VIX only, inverted",single,positive = net short VIX / hedge selling; negative = net long VIX / hedge buying,S&P 500,1w,530,95,435,0.015797645531503177,0.32376513889256464,-0.30796749336106144,54.736842105263165,63.678160919540225,-1.0587100815149717,-1.0656334372852934,-1.4475795416699724,0.14773467615964916,negative,0.30796749336106144,weak/mixed
tff,TFF Detailed,Other Reportables,other_reportable,combined,Combined SP+NQ-VIX,combined,positive = equity risk-on net long; negative = equity risk-on net short,S&P 500,4w,527,114,413,1.2207312101755239,1.0332349789401114,0.18749623123541248,66.66666666666666,70.94430992736078,-2.567809638899664,-2.487408389468254,0.27961121587509213,0.7797758011900059,positive,0.18749623123541248,none
tff,TFF Detailed,Other Reportables,other_reportable,sp500,S&P 500 only,single,positive = net long S&P 500; negative = net short S&P 500,S&P 500,4w,527,107,420,1.1387714998334115,1.0572401280478587,0.08153137178555281,64.48598130841121,71.42857142857143,-2.6943366426909785,-2.4565141498024192,0.11672245923733983,0.9070799920310902,positive,0.08153137178555281,none
tff,TFF Detailed,Other Reportables,other_reportable,nq,NASDAQ-100 only,single,positive = net long NASDAQ-100; negative = net short NASDAQ-100,S&P 500,4w,527,162,365,1.216690150123015,1.0103715066913628,0.20631864343165218,70.98765432098766,69.58904109589041,-2.143037553250767,-2.6653640549543187,0.3743774656351696,0.7081235058202213,positive,0.20631864343165218,none
tff,TFF Detailed,Other Reportables,other_reportable,vix_inverse,"VIX only, inverted",single,positive = net short VIX / hedge selling; negative = net long VIX / hedge buying,S&P 500,4w,527,95,432,1.2031938392137562,1.0453379387429835,0.1578559004707727,65.26315789473685,71.06481481481481,-2.2285691229834073,-2.5655460578739047,0.2874742568911522,0.7737492104607451,positive,0.1578559004707727,none
tff,TFF Detailed,Other Reportables,other_reportable,combined,Combined SP+NQ-VIX,combined,positive = equity risk-on net long; negative = equity risk-on net short,S&P 500,13w,518,105,413,4.311118753616396,3.214065697543638,1.0970530560727583,78.0952380952381,76.27118644067797,-5.118071805938208,-4.567034392046249,0.5992754054980938,0.5489892458765869,positive,1.0970530560727583,none
tff,TFF Detailed,Other Reportables,other_reportable,sp500,S&P 500 only,single,positive = net long S&P 500; negative = net short S&P 500,S&P 500,13w,518,98,420,4.2218786856021335,3.253172597681513,0.9687060879206206,78.57142857142857,76.19047619047619,-5.423311168440133,-4.504995831027333,0.5918883215191144,0.5539253746213031,positive,0.9687060879206206,none
tff,TFF Detailed,Other Reportables,other_reportable,nq,NASDAQ-100 only,single,positive = net long NASDAQ-100; negative = net short NASDAQ-100,S&P 500,13w,518,158,360,3.6752324184665586,3.3316385558264665,0.34359386264009206,78.48101265822784,75.83333333333333,-4.266108279333902,-4.859826765010712,0.24733047594823773,0.8046524748938435,positive,0.34359386264009206,none
tff,TFF Detailed,Other Reportables,other_reportable,vix_inverse,"VIX only, inverted",single,positive = net short VIX / hedge selling; negative = net long VIX / hedge buying,S&P 500,13w,518,90,428,3.1977768480067374,3.4866277707818645,-0.28885092277512703,76.66666666666667,76.63551401869158,-4.3752608753114055,-4.742545011122865,-0.23431461490433458,0.8147407406567082,negative,0.28885092277512703,none
tff,TFF Detailed,Other Reportables,other_reportable,combined,Combined SP+NQ-VIX,combined,positive = equity risk-on net long; negative = equity risk-on net short,S&P 500,26w,505,92,413,7.5667476670872205,6.619554780858124,0.9471928862290966,83.69565217391305,78.93462469733656,-7.566439834954268,-6.362933519338515,0.336469215363813,0.7365170622756452,positive,0.9471928862290966,none
tff,TFF Detailed,Other Reportables,other_reportable,sp500,S&P 500 only,single,positive = net long S&P 500; negative = net short S&P 500,S&P 500,26w,505,85,420,7.861293746227705,6.575730812945415,1.2855629332822902,87.05882352941177,78.33333333333333,-7.347218719495368,-6.427358136060698,0.49139864297866664,0.6231445238472892,positive,1.2855629332822902,none
tff,TFF Detailed,Other Reportables,other_reportable,nq,NASDAQ-100 only,single,positive = net long NASDAQ-100; negative = net short NASDAQ-100,S&P 500,26w,505,146,359,6.019716208744964,7.10623493980408,-1.0865187310591153,80.82191780821918,79.38718662952647,-6.6918264277591275,-6.537597074790436,-0.4747799177611197,0.634943848343539,negative,1.0865187310591153,none
tff,TFF Detailed,Other Reportables,other_reportable,vix_inverse,"VIX only, inverted",single,positive = net short VIX / hedge selling; negative = net long VIX / hedge buying,S&P 500,26w,505,81,424,7.010288170810505,6.750432943468818,0.25985522734168764,88.88888888888889,78.06603773584906,-5.503051806496281,-6.78834153768019,0.17734649255503418,0.8592362337513333,positive,0.25985522734168764,none
tff,TFF Detailed,Other Reportables,other_reportable,combined,Combined SP+NQ-VIX,combined,positive = equity risk-on net long; negative = equity risk-on net short,NASDAQ-100,1w,530,115,415,0.3828820785896346,0.39949371859447663,-0.016611640004842054,60.0,60.0,-1.4854801817595011,-1.4015267876809623,-0.05752721506635037,0.9541252275130234,negative,0.016611640004842054,none
tff,TFF Detailed,Other Reportables,other_reportable,sp500,S&P 500 only,single,positive = net long S&P 500; negative = net short S&P 500,NASDAQ-100,1w,530,108,422,0.27658422838775365,0.4264223592147829,-0.14983813082702924,56.481481481481474,60.90047393364929,-1.5902384325171388,-1.3761092110855238,-0.5020899050134402,0.6156042809300839,negative,0.14983813082702924,none
tff,TFF Detailed,Other Reportables,other_reportable,nq,NASDAQ-100 only,single,positive = net long NASDAQ-100; negative = net short NASDAQ-100,NASDAQ-100,1w,530,163,367,0.4777903212880786,0.3595136509116048,0.11827667037647377,62.57668711656442,58.855585831062676,-1.1916865957162186,-1.521032486888824,0.45266511478338417,0.6507899032571218,positive,0.11827667037647377,none
tff,TFF Detailed,Other Reportables,other_reportable,vix_inverse,"VIX only, inverted",single,positive = net short VIX / hedge selling; negative = net long VIX / hedge buying,NASDAQ-100,1w,530,95,435,0.020292059325113663,0.4779162910773103,-0.45762423175219663,53.68421052631579,61.37931034482759,-1.5354590169653466,-1.3944717958120325,-1.5169738715410332,0.12927328099284852,negative,0.45762423175219663,weak/mixed
tff,TFF Detailed,Other Reportables,other_reportable,combined,Combined SP+NQ-VIX,combined,positive = equity risk-on net long; negative = equity risk-on net short,NASDAQ-100,4w,527,114,413,1.600630750414349,1.5748389763870276,0.025791774027321468,62.28070175438597,69.97578692493947,-3.347861921849974,-3.117094062208192,0.027871028907366736,0.9777650150464685,positive,0.025791774027321468,none
tff,TFF Detailed,Other Reportables,other_reportable,sp500,S&P 500 only,single,positive = net long S&P 500; negative = net short S&P 500,NASDAQ-100,4w,527,107,420,1.4027226828986268,1.6256882755355362,-0.2229655926369094,60.747663551401864,70.23809523809523,-3.606460310976242,-3.0550591750200535,-0.228613009694403,0.819169712059813,negative,0.2229655926369094,none
tff,TFF Detailed,Other Reportables,other_reportable,nq,NASDAQ-100 only,single,positive = net long NASDAQ-100; negative = net short NASDAQ-100,NASDAQ-100,4w,527,162,365,1.6870414925893154,1.5330950164263264,0.15394647616298895,68.51851851851852,68.21917808219177,-2.813409110430071,-3.323955701077284,0.20771800984968253,0.8354491545556935,positive,0.15394647616298895,none
tff,TFF Detailed,Other Reportables,other_reportable,vix_inverse,"VIX only, inverted",single,positive = net short VIX / hedge selling; negative = net long VIX / hedge buying,NASDAQ-100,4w,527,95,432,1.4828640166183464,1.6018711139267021,-0.11900709730835568,64.21052631578948,69.21296296296296,-3.1651996562801297,-3.167412359806176,-0.16087011600297751,0.8721956996842207,negative,0.11900709730835568,none
tff,TFF Detailed,Other Reportables,other_reportable,combined,Combined SP+NQ-VIX,combined,positive = equity risk-on net long; negative = equity risk-on net short,NASDAQ-100,13w,518,105,413,6.215726192286251,4.914280669489632,1.3014455227966186,72.38095238095238,77.72397094430993,-6.199612991079919,-5.418558111101745,0.5088544262991347,0.6108542664404466,positive,1.3014455227966186,none
tff,TFF Detailed,Other Reportables,other_reportable,sp500,S&P 500 only,single,positive = net long S&P 500; negative = net short S&P 500,NASDAQ-100,13w,518,98,420,6.197202841945168,4.940293543282495,1.2569092986626726,72.44897959183673,77.61904761904762,-6.657775368461943,-5.324671137712243,0.5288045159279154,0.5969410647152205,positive,1.2569092986626726,none
tff,TFF Detailed,Other Reportables,other_reportable,nq,NASDAQ-100 only,single,positive = net long NASDAQ-100; negative = net short NASDAQ-100,NASDAQ-100,13w,518,158,360,5.029788248857462,5.2431739538049875,-0.21338570494752584,76.58227848101265,76.66666666666667,-5.468668395523062,-5.624372937377133,-0.1161008796076309,0.9075725917035988,negative,0.21338570494752584,none
tff,TFF Detailed,Other Reportables,other_reportable,vix_inverse,"VIX only, inverted",single,positive = net short VIX / hedge selling; negative = net long VIX / hedge buying,NASDAQ-100,13w,518,90,428,5.554612552684343,5.098911301279634,0.45570125140470896,78.88888888888889,76.16822429906543,-5.568472213339752,-5.578648048476248,0.23672757845089495,0.812868138475829,positive,0.45570125140470896,none
tff,TFF Detailed,Other Reportables,other_reportable,combined,Combined SP+NQ-VIX,combined,positive = equity risk-on net long; negative = equity risk-on net short,NASDAQ-100,26w,505,92,413,10.605841643953568,10.108105585621674,0.4977360583318937,88.04347826086956,81.35593220338984,-9.128421123504765,-7.123754398763265,0.1364289599205702,0.8914821810027467,positive,0.4977360583318937,none
tff,TFF Detailed,Other Reportables,other_reportable,sp500,S&P 500 only,single,positive = net long S&P 500; negative = net short S&P 500,NASDAQ-100,26w,505,85,420,11.19210276366781,9.997753102842179,1.1943496608256314,87.05882352941177,81.66666666666667,-9.040764189048206,-7.174905604720404,0.3509318554997373,0.7256394722201542,positive,1.1943496608256314,none
tff,TFF Detailed,Other Reportables,other_reportable,nq,NASDAQ-100 only,single,positive = net long NASDAQ-100; negative = net short NASDAQ-100,NASDAQ-100,26w,505,146,359,8.348082497271724,10.951434522294731,-2.603352025023007,82.87671232876713,82.45125348189416,-8.36429583013211,-7.132975261427238,-0.8366035193359761,0.4028154667204167,negative,2.603352025023007,weak/mixed
tff,TFF Detailed,Other Reportables,other_reportable,vix_inverse,"VIX only, inverted",single,positive = net short VIX / hedge selling; negative = net long VIX / hedge buying,NASDAQ-100,26w,505,81,424,10.261566739322108,10.186788047689598,0.07477869163250972,87.65432098765432,81.60377358490565,-7.258773661503862,-7.532935479881732,0.02986629676504437,0.9761736851371265,positive,0.07477869163250972,none
tff,TFF Detailed,Non-reportable,non_reportable,combined,Combined SP+NQ-VIX,combined,positive = equity risk-on net long; negative = equity risk-on net short,S&P 500,1w,530,356,174,0.2276116580540094,0.3523497786007534,-0.12473812054674399,60.95505617977528,64.36781609195403,-1.01483471449795,-1.1657864632284753,-0.6029702033102236,0.546528511568359,negative,0.12473812054674399,none
tff,TFF Detailed,Non-reportable,non_reportable,sp500,S&P 500 only,single,positive = net long S&P 500; negative = net short S&P 500,S&P 500,1w,530,369,161,0.22958262600164436,0.3579044891251655,-0.12832186312352112,61.24661246612466,63.975155279503106,-1.009625598416799,-1.1899140195479883,-0.6139724104511551,0.5392335588014867,negative,0.12832186312352112,none
tff,TFF Detailed,Non-reportable,non_reportable,nq,NASDAQ-100 only,single,positive = net long NASDAQ-100; negative = net short NASDAQ-100,S&P 500,1w,530,252,278,0.16638345498228574,0.36118698233173535,-0.1948035273494496,60.317460317460316,63.66906474820144,-1.1316049728882078,-1.0034660064575418,-1.084440500824549,0.2781695345080125,negative,0.1948035273494496,none
tff,TFF Detailed,Non-reportable,non_reportable,vix_inverse,"VIX only, inverted",single,positive = net short VIX / hedge selling; negative = net long VIX / hedge buying,S&P 500,1w,530,438,92,0.2354324382489189,0.4262956933775211,-0.1908632551286022,63.013698630136986,57.608695652173914,-1.0758102933054887,-1.010033635817618,-0.7865927702949489,0.4315202928252742,negative,0.1908632551286022,none
tff,TFF Detailed,Non-reportable,non_reportable,combined,Combined SP+NQ-VIX,combined,positive = equity risk-on net long; negative = equity risk-on net short,S&P 500,4w,527,353,174,0.9321855302484853,1.3610799545089682,-0.42889442426048296,69.97167138810198,70.11494252873564,-2.572438992462146,-2.3675804560104203,-0.7149270685372222,0.47465410992286905,negative,0.42889442426048296,none
tff,TFF Detailed,Non-reportable,non_reportable,sp500,S&P 500 only,single,positive = net long S&P 500; negative = net short S&P 500,S&P 500,4w,527,366,161,0.7995165208286316,1.6973065691863145,-0.897790048357683,68.0327868852459,74.53416149068323,-2.606769825416912,-2.272995078151309,-1.5501475906327453,0.12110609564718262,negative,0.897790048357683,weak/mixed
tff,TFF Detailed,Non-reportable,non_reportable,nq,NASDAQ-100 only,single,positive = net long NASDAQ-100; negative = net short NASDAQ-100,S&P 500,4w,527,249,278,1.199223321489321,0.9614489108324991,0.23777441065682203,69.47791164658635,70.50359712230215,-2.52167581298503,-2.4896859217686265,0.4852141660141392,0.6275244343827028,positive,0.23777441065682203,none
tff,TFF Detailed,Non-reportable,non_reportable,vix_inverse,"VIX only, inverted",single,positive = net short VIX / hedge selling; negative = net long VIX / hedge buying,S&P 500,4w,527,436,91,0.9516427693330217,1.6590456794843775,-0.7074029101513558,68.57798165137615,76.92307692307693,-2.5941868171440396,-2.0765330924192233,-1.1696377844402241,0.24214676508235433,negative,0.7074029101513558,none
tff,TFF Detailed,Non-reportable,non_reportable,combined,Combined SP+NQ-VIX,combined,positive = equity risk-on net long; negative = equity risk-on net short,S&P 500,13w,518,344,174,3.200484474037724,3.9029307077371675,-0.7024462336994435,75.5813953488372,78.73563218390804,-5.118889213119224,-3.8085336449747116,-0.42212275335734784,0.6729354208051627,negative,0.7024462336994435,none
tff,TFF Detailed,Non-reportable,non_reportable,sp500,S&P 500 only,single,positive = net long S&P 500; negative = net short S&P 500,S&P 500,13w,518,357,161,2.8678422621631943,4.697247916912944,-1.8294056547497495,74.2296918767507,81.98757763975155,-5.233993096314779,-3.447498187293396,-1.1660350700890294,0.24360026652202663,negative,1.8294056547497495,weak/mixed
tff,TFF Detailed,Non-reportable,non_reportable,nq,NASDAQ-100 only,single,positive = net long NASDAQ-100; negative = net short NASDAQ-100,S&P 500,13w,518,240,278,4.38028445965213,2.6216127046717013,1.758671754980429,81.66666666666667,72.3021582733813,-4.239365488458764,-5.058039662980248,1.5023016176091906,0.13301923108986133,positive,1.758671754980429,weak/mixed
tff,TFF Detailed,Non-reportable,non_reportable,vix_inverse,"VIX only, inverted",single,positive = net short VIX / hedge selling; negative = net long VIX / hedge buying,S&P 500,13w,518,430,88,3.05302923814289,5.309932156975019,-2.256902918832129,74.65116279069768,86.36363636363636,-4.931540321516609,-3.4434136964371693,-1.678592108861941,0.0932315655344538,negative,2.256902918832129,tentative
tff,TFF Detailed,Non-reportable,non_reportable,combined,Combined SP+NQ-VIX,combined,positive = equity risk-on net long; negative = equity risk-on net short,S&P 500,26w,505,331,174,6.4174276434070805,7.5048756316016405,-1.08744798819456,76.73716012084593,85.63218390804597,-7.656349784070485,-4.538805918248672,-0.41796204292894734,0.6759748692943798,negative,1.08744798819456,none
tff,TFF Detailed,Non-reportable,non_reportable,sp500,S&P 500 only,single,positive = net long S&P 500; negative = net short S&P 500,S&P 500,26w,505,344,161,5.820531727926192,8.868037238880868,-3.047505510954676,75.0,90.06211180124224,-7.821252853851341,-3.9347392955139004,-1.166078193080612,0.2435828325465558,negative,3.047505510954676,weak/mixed
tff,TFF Detailed,Non-reportable,non_reportable,nq,NASDAQ-100 only,single,positive = net long NASDAQ-100; negative = net short NASDAQ-100,S&P 500,26w,505,229,276,8.96933178542966,4.985651923924049,3.9836798615056104,87.77292576419214,73.18840579710145,-5.62615136831439,-7.375417916516683,2.4941467931392913,0.012626031654373574,positive,3.9836798615056104,supported
tff,TFF Detailed,Non-reportable,non_reportable,vix_inverse,"VIX only, inverted",single,positive = net short VIX / hedge selling; negative = net long VIX / hedge buying,S&P 500,26w,505,421,84,6.271148934352916,9.403133434569664,-3.131984500216748,78.14726840855107,88.09523809523809,-6.899887359016086,-4.989897978057468,-1.3632363831919194,0.17280802416183363,negative,3.131984500216748,weak/mixed
tff,TFF Detailed,Non-reportable,non_reportable,combined,Combined SP+NQ-VIX,combined,positive = equity risk-on net long; negative = equity risk-on net short,NASDAQ-100,1w,530,356,174,0.3286731862459562,0.5334119422468702,-0.20473875600091396,58.70786516853933,62.643678160919535,-1.3786961504477848,-1.5037241852329348,-0.7774612874749334,0.43688666578649804,negative,0.20473875600091396,none
tff,TFF Detailed,Non-reportable,non_reportable,sp500,S&P 500 only,single,positive = net long S&P 500; negative = net short S&P 500,NASDAQ-100,1w,530,369,161,0.3434792324450092,0.5160092887099836,-0.17253005626497442,58.80758807588076,62.732919254658384,-1.3729434009515058,-1.5270044896822135,-0.673146118156779,0.5008543363813427,negative,0.17253005626497442,none
tff,TFF Detailed,Non-reportable,non_reportable,nq,NASDAQ-100 only,single,positive = net long NASDAQ-100; negative = net short NASDAQ-100,NASDAQ-100,1w,530,252,278,0.26762439691042506,0.5121582166657865,-0.24453381975536148,58.333333333333336,61.51079136690647,-1.5135729069149066,-1.3346887239114589,-1.0700739009452482,0.2845860457431341,negative,0.24453381975536148,none
tff,TFF Detailed,Non-reportable,non_reportable,vix_inverse,"VIX only, inverted",single,positive = net short VIX / hedge selling; negative = net long VIX / hedge buying,NASDAQ-100,1w,530,438,92,0.40441356516868593,0.355306420767732,0.04910714440095393,60.95890410958904,55.434782608695656,-1.4050002857956176,-1.489931658820235,0.15730803166242427,0.8750020907166652,positive,0.04910714440095393,none
tff,TFF Detailed,Non-reportable,non_reportable,combined,Combined SP+NQ-VIX,combined,positive = equity risk-on net long; negative = equity risk-on net short,NASDAQ-100,4w,527,353,174,1.3729889328523326,2.0012374109092232,-0.6282484780568907,66.28895184135978,72.41379310344827,-3.2681643014282518,-2.961805220567285,-0.8141852848975307,0.41553881405541454,negative,0.6282484780568907,none
tff,TFF Detailed,Non-reportable,non_reportable,sp500,S&P 500 only,single,positive = net long S&P 500; negative = net short S&P 500,NASDAQ-100,4w,527,366,161,1.2137038800206408,2.4140669733386564,-1.2003630933180156,65.30054644808743,75.15527950310559,-3.337267986853435,-2.7799753018293383,-1.6273973266427573,0.10365273894807368,negative,1.2003630933180156,weak/mixed
tff,TFF Detailed,Non-reportable,non_reportable,nq,NASDAQ-100 only,single,positive = net long NASDAQ-100; negative = net short NASDAQ-100,NASDAQ-100,4w,527,249,278,1.6186996306760548,1.5461301969666927,0.07256943370936209,67.06827309236948,69.42446043165468,-3.2395410689655786,-3.1020517288145735,0.11332839714313729,0.9097702045964895,positive,0.07256943370936209,none
tff,TFF Detailed,Non-reportable,non_reportable,vix_inverse,"VIX only, inverted",single,positive = net short VIX / hedge selling; negative = net long VIX / hedge buying,NASDAQ-100,4w,527,436,91,1.4803424948376005,2.0599019235811475,-0.579559428743547,67.66055045871559,71.42857142857143,-3.237009031615253,-2.8316502087761584,-0.7174990661024337,0.47306621245495606,negative,0.579559428743547,none
tff,TFF Detailed,Non-reportable,non_reportable,combined,Combined SP+NQ-VIX,combined,positive = equity risk-on net long; negative = equity risk-on net short,NASDAQ-100,13w,518,344,174,4.7468992464565245,6.030550723610515,-1.2836514771539909,75.0,79.88505747126436,-6.054936250341632,-4.631757435809715,-0.543569655368865,0.5867376459320996,negative,1.2836514771539909,none
tff,TFF Detailed,Non-reportable,non_reportable,sp500,S&P 500 only,single,positive = net long S&P 500; negative = net short S&P 500,NASDAQ-100,13w,518,357,161,4.401194092492788,6.900763202915212,-2.4995691104224242,73.94957983193278,82.6086956521739,-6.238567939369401,-4.109659065798361,-1.1002220725469074,0.27123537573500195,negative,2.4995691104224242,weak/mixed
tff,TFF Detailed,Non-reportable,non_reportable,nq,NASDAQ-100 only,single,positive = net long NASDAQ-100; negative = net short NASDAQ-100,NASDAQ-100,13w,518,240,278,5.930887950790154,4.528187260790062,1.402700690000092,79.58333333333333,74.10071942446042,-5.1735264192042365,-5.925099004817968,0.8594280816745568,0.39010438228271543,positive,1.402700690000092,none
tff,TFF Detailed,Non-reportable,non_reportable,vix_inverse,"VIX only, inverted",single,positive = net short VIX / hedge selling; negative = net long VIX / hedge buying,NASDAQ-100,13w,518,430,88,4.749363457844348,7.272987270638695,-2.523623812794347,74.88372093023256,85.22727272727273,-5.78496697240388,-4.560091656985724,-1.4179659422506683,0.15620070836440408,negative,2.523623812794347,weak/mixed
tff,TFF Detailed,Non-reportable,non_reportable,combined,Combined SP+NQ-VIX,combined,positive = equity risk-on net long; negative = equity risk-on net short,NASDAQ-100,26w,505,331,174,9.36501174032749,11.784862942856789,-2.4198512025292978,83.08157099697885,81.60919540229885,-8.565344074114233,-5.441358744366988,-0.6704208623561916,0.5025895390945323,negative,2.4198512025292978,weak/mixed
tff,TFF Detailed,Non-reportable,non_reportable,sp500,S&P 500 only,single,positive = net long S&P 500; negative = net short S&P 500,NASDAQ-100,26w,505,344,161,8.809944745577283,13.166236308241581,-4.356291562664298,80.81395348837209,86.33540372670807,-8.8207724135577,-4.643351551477137,-1.2735517835487782,0.20282230939209214,negative,4.356291562664298,weak/mixed
tff,TFF Detailed,Non-reportable,non_reportable,nq,NASDAQ-100 only,single,positive = net long NASDAQ-100; negative = net short NASDAQ-100,NASDAQ-100,26w,505,229,276,11.5773462095373,9.054973754063182,2.522372455474118,91.26637554585153,75.36231884057972,-6.772658711497542,-8.083284293908441,1.0207714667820929,0.3073627258504005,positive,2.522372455474118,weak/mixed
tff,TFF Detailed,Non-reportable,non_reportable,vix_inverse,"VIX only, inverted",single,positive = net short VIX / hedge selling; negative = net long VIX / hedge buying,NASDAQ-100,26w,505,421,84,9.762769952651688,12.384034381418084,-2.6212644287663966,80.76009501187649,91.66666666666666,-7.714935776014508,-6.356397004161421,-0.8412228295897594,0.4002231132859805,negative,2.6212644287663966,weak/mixed
legacy,Legacy,Noncommercial,noncommercial,combined,Combined SP+NQ-VIX,combined,positive = equity risk-on net long; negative = equity risk-on net short,S&P 500,1w,530,316,214,0.1789468044917399,0.40089449310452613,-0.22194768861278621,61.70886075949367,62.616822429906534,-1.0740714582886461,-1.0501001034757604,-1.227392477586357,0.21967511236321383,negative,0.22194768861278621,none
legacy,Legacy,Noncommercial,noncommercial,sp500,S&P 500 only,single,positive = net long S&P 500; negative = net short S&P 500,S&P 500,1w,530,270,260,0.1285226024342048,0.4139904195635505,-0.28546781712934566,61.111111111111114,63.07692307692307,-1.0975188371344495,-1.0299919882181672,-1.565826579001742,0.11738922204874688,negative,0.28546781712934566,weak/mixed
legacy,Legacy,Noncommercial,noncommercial,nq,NASDAQ-100 only,single,positive = net long NASDAQ-100; negative = net short NASDAQ-100,S&P 500,1w,530,408,122,0.22899145898652937,0.40090243014142973,-0.17191097115490037,61.274509803921575,64.75409836065575,-1.0924121568941425,-0.9706872372968427,-0.9170073408785984,0.3591387934079644,negative,0.17191097115490037,none
legacy,Legacy,Noncommercial,noncommercial,vix_inverse,"VIX only, inverted",single,positive = net short VIX / hedge selling; negative = net long VIX / hedge buying,S&P 500,1w,530,498,32,0.2688620744881724,0.26391558277026816,0.004946491717904233,62.048192771084345,62.5,-1.045869088923142,-1.35266239622813,0.010129630103088587,0.9919178627515551,positive,0.004946491717904233,none
legacy,Legacy,Noncommercial,noncommercial,combined,Combined SP+NQ-VIX,combined,positive = equity risk-on net long; negative = equity risk-on net short,S&P 500,4w,527,316,211,0.753771254790777,1.5530696101819441,-0.7992983553911671,68.9873417721519,71.56398104265402,-2.6594524784188414,-2.2731894810644393,-1.4422429986401346,0.14923383431298184,negative,0.7992983553911671,weak/mixed
legacy,Legacy,Noncommercial,noncommercial,sp500,S&P 500 only,single,positive = net long S&P 500; negative = net short S&P 500,S&P 500,4w,527,270,257,0.6805375700105313,1.4869426473129663,-0.806405077302435,69.25925925925925,70.8171206225681,-2.764017663439696,-2.232471574148765,-1.4598778508647625,0.1443236475482178,negative,0.806405077302435,weak/mixed
legacy,Legacy,Noncommercial,noncommercial,nq,NASDAQ-100 only,single,positive = net long NASDAQ-100; negative = net short NASDAQ-100,S&P 500,4w,527,408,119,1.0025601512573483,1.3180240550359463,-0.315463903778598,68.87254901960785,73.94957983193278,-2.5991234696498706,-2.1814083030907847,-0.617274341555013,0.5370537879113526,negative,0.315463903778598,none
legacy,Legacy,Noncommercial,noncommercial,vix_inverse,"VIX only, inverted",single,positive = net short VIX / hedge selling; negative = net long VIX / hedge buying,S&P 500,4w,527,495,32,1.113956092292648,0.45253558054422194,0.661420511748426,70.5050505050505,62.5,-2.431260283823191,-3.64237884976472,0.5495108204785695,0.5826549409250235,positive,0.661420511748426,none
legacy,Legacy,Noncommercial,noncommercial,combined,Combined SP+NQ-VIX,combined,positive = equity risk-on net long; negative = equity risk-on net short,S&P 500,13w,518,316,202,2.72637101701887,4.5472443605806,-1.82087334356173,74.68354430379746,79.70297029702971,-5.056020342209545,-4.088516412873249,-1.3648513202534847,0.1722997849684418,negative,1.82087334356173,weak/mixed
legacy,Legacy,Noncommercial,noncommercial,sp500,S&P 500 only,single,positive = net long S&P 500; negative = net short S&P 500,S&P 500,13w,518,270,248,2.3969420250764037,4.5681542558250605,-2.1712122307486568,72.96296296296296,80.64516129032258,-5.239983888311127,-4.067689893929871,-1.6113004522821,0.10711425224589202,negative,2.1712122307486568,weak/mixed
legacy,Legacy,Noncommercial,noncommercial,nq,NASDAQ-100 only,single,positive = net long NASDAQ-100; negative = net short NASDAQ-100,S&P 500,13w,518,408,110,3.028492236373982,4.949561543405997,-1.9210693070320146,73.2843137254902,89.0909090909091,-5.054024793020408,-3.2867329816935085,-2.0072235726222614,0.04472586273265799,negative,1.9210693070320146,tentative
legacy,Legacy,Noncommercial,noncommercial,vix_inverse,"VIX only, inverted",single,positive = net short VIX / hedge selling; negative = net long VIX / hedge buying,S&P 500,13w,518,486,32,3.3153612315707623,5.275345114745435,-1.9599838831746728,75.92592592592592,87.5,-4.660029976739454,-4.96275546385118,-1.1912244095027202,0.23356549946054744,negative,1.9599838831746728,weak/mixed
legacy,Legacy,Noncommercial,noncommercial,combined,Combined SP+NQ-VIX,combined,positive = equity risk-on net long; negative = equity risk-on net short,S&P 500,26w,505,316,189,5.225834161589236,9.410864099493287,-4.1850299379040505,72.46835443037975,92.06349206349206,-7.642632590952758,-4.809164600854645,-2.2066936276739173,0.027335470739176096,negative,4.1850299379040505,supported
legacy,Legacy,Noncommercial,noncommercial,sp500,S&P 500 only,single,positive = net long S&P 500; negative = net short S&P 500,S&P 500,26w,505,270,235,4.397092552371672,9.543837960536505,-5.146745408164834,70.0,91.06382978723404,-7.940786171405433,-5.021241455417585,-2.7901595303151323,0.005268207641035866,negative,5.146745408164834,supported
legacy,Legacy,Noncommercial,noncommercial,nq,NASDAQ-100 only,single,positive = net long NASDAQ-100; negative = net short NASDAQ-100,S&P 500,26w,505,398,107,6.410941031931914,8.209928777173154,-1.7989877452412397,76.88442211055276,90.65420560747664,-7.315849086747927,-3.8532343156721893,-1.4682266896822367,0.14204265675130567,negative,1.7989877452412397,weak/mixed
legacy,Legacy,Noncommercial,noncommercial,vix_inverse,"VIX only, inverted",single,positive = net short VIX / hedge selling; negative = net long VIX / hedge buying,S&P 500,26w,505,473,32,6.66846895254208,8.619721728563293,-1.9512527760212137,78.8583509513742,93.75,-6.636933817491392,-5.772947269661589,-0.8171478815969911,0.41384392262735137,negative,1.9512527760212137,weak/mixed
legacy,Legacy,Noncommercial,noncommercial,combined,Combined SP+NQ-VIX,combined,positive = equity risk-on net long; negative = equity risk-on net short,NASDAQ-100,1w,530,316,214,0.2787678377454534,0.5688350258268808,-0.29006718808142745,58.86075949367089,61.6822429906542,-1.4283241211177673,-1.4070720351248955,-1.2282121997239963,0.21936732018891344,negative,0.29006718808142745,none
legacy,Legacy,Noncommercial,noncommercial,sp500,S&P 500 only,single,positive = net long S&P 500; negative = net short S&P 500,NASDAQ-100,1w,530,270,260,0.25960555411596653,0.5374147409354031,-0.27780918681943656,57.77777777777777,62.30769230769231,-1.4285803965885178,-1.4105658873501625,-1.1907591130793573,0.2337481642342869,negative,0.27780918681943656,none
legacy,Legacy,Noncommercial,noncommercial,nq,NASDAQ-100 only,single,positive = net long NASDAQ-100; negative = net short NASDAQ-100,NASDAQ-100,1w,530,408,122,0.34302198871126993,0.5726914824616203,-0.22966949375035034,60.5392156862745,58.19672131147541,-1.4266918762368577,-1.396504526928722,-0.8518913766969991,0.3942743834187038,negative,0.22966949375035034,none
legacy,Legacy,Noncommercial,noncommercial,vix_inverse,"VIX only, inverted",single,positive = net short VIX / hedge selling; negative = net long VIX / hedge buying,NASDAQ-100,1w,530,498,32,0.38477161620774103,0.5689083557206485,-0.18413673951290743,59.43775100401606,68.75,-1.4042629150868489,-1.660653314896601,-0.2979976806180321,0.7657049338503055,negative,0.18413673951290743,none
legacy,Legacy,Noncommercial,noncommercial,combined,Combined SP+NQ-VIX,combined,positive = equity risk-on net long; negative = equity risk-on net short,NASDAQ-100,4w,527,316,211,1.159836881532612,2.2102935935107713,-1.0504567119781592,67.40506329113924,69.66824644549763,-3.3006196225371522,-2.966920881806353,-1.4578742394980175,0.14487521034250553,negative,1.0504567119781592,weak/mixed
legacy,Legacy,Noncommercial,noncommercial,sp500,S&P 500 only,single,positive = net long S&P 500; negative = net short S&P 500,NASDAQ-100,4w,527,270,257,1.2081735233857178,1.971492418213753,-0.7633188948280352,68.14814814814815,68.48249027237354,-3.280898128603715,-3.047368140310807,-1.0840790885930613,0.2783297337366173,negative,0.7633188948280352,none
legacy,Legacy,Noncommercial,noncommercial,nq,NASDAQ-100 only,single,positive = net long NASDAQ-100; negative = net short NASDAQ-100,NASDAQ-100,4w,527,408,119,1.451773915818018,2.021484412952326,-0.5697104971343081,68.13725490196079,68.90756302521008,-3.244922091463939,-2.8998982644167506,-0.8313461546709405,0.4057781079248257,negative,0.5697104971343081,none
legacy,Legacy,Noncommercial,noncommercial,vix_inverse,"VIX only, inverted",single,positive = net short VIX / hedge selling; negative = net long VIX / hedge buying,NASDAQ-100,4w,527,495,32,1.5977461376108295,1.3123770211786763,0.28536911643215324,68.88888888888889,59.375,-3.102670609570309,-4.162317345174298,0.20648550736639695,0.8364116842706019,positive,0.28536911643215324,none
legacy,Legacy,Noncommercial,noncommercial,combined,Combined SP+NQ-VIX,combined,positive = equity risk-on net long; negative = equity risk-on net short,NASDAQ-100,13w,518,316,202,4.2196918508089984,6.677359117988272,-2.457667267179273,76.89873417721519,76.23762376237624,-5.849395896836358,-5.150568121525359,-1.2621796155986076,0.2068841619603498,negative,2.457667267179273,weak/mixed
legacy,Legacy,Noncommercial,noncommercial,sp500,S&P 500 only,single,positive = net long S&P 500; negative = net short S&P 500,NASDAQ-100,13w,518,270,248,4.126352689705289,6.323120727696961,-2.1967680379916716,75.92592592592592,77.41935483870968,-5.88867612742897,-5.2374246352523794,-1.1257750027812417,0.26026076745209936,negative,2.1967680379916716,weak/mixed
legacy,Legacy,Noncommercial,noncommercial,nq,NASDAQ-100 only,single,positive = net long NASDAQ-100; negative = net short NASDAQ-100,NASDAQ-100,13w,518,408,110,4.554693325336741,7.490311726835309,-2.9356184014985685,73.77450980392157,87.27272727272727,-5.946476891389513,-4.2060117478317345,-2.1441570094847813,0.032020308416334124,negative,2.9356184014985685,supported
legacy,Legacy,Noncommercial,noncommercial,vix_inverse,"VIX only, inverted",single,positive = net short VIX / hedge selling; negative = net long VIX / hedge buying,NASDAQ-100,13w,518,486,32,4.974201216584064,8.27460548216935,-3.3004042655852865,75.30864197530865,96.875,-5.583304079313793,-5.479315043809661,-1.80111823789578,0.07168424572830415,negative,3.3004042655852865,tentative
legacy,Legacy,Noncommercial,noncommercial,combined,Combined SP+NQ-VIX,combined,positive = equity risk-on net long; negative = equity risk-on net short,NASDAQ-100,26w,505,316,189,8.210238223579529,13.523543700816662,-5.313305477237133,77.53164556962025,91.005291005291,-8.349416207898196,-6.050316340507076,-1.9047068783014773,0.05681818440059211,negative,5.313305477237133,tentative
legacy,Legacy,Noncommercial,noncommercial,sp500,S&P 500 only,single,positive = net long S&P 500; negative = net short S&P 500,NASDAQ-100,26w,505,270,235,7.313434154101997,13.513863048927407,-6.20042889482541,75.18518518518519,91.06382978723404,-8.619163619442336,-6.190430352349941,-2.096168760953735,0.03606722305795374,negative,6.20042889482541,supported
legacy,Legacy,Noncommercial,noncommercial,nq,NASDAQ-100 only,single,positive = net long NASDAQ-100; negative = net short NASDAQ-100,NASDAQ-100,26w,505,398,107,9.927666506078687,11.207231483048249,-1.2795649769695618,81.65829145728644,85.98130841121495,-8.070048776661158,-5.327531747107716,-0.5671480752722833,0.5706135825564358,negative,1.2795649769695618,none
legacy,Legacy,Noncommercial,noncommercial,vix_inverse,"VIX only, inverted",single,positive = net short VIX / hedge selling; negative = net long VIX / hedge buying,NASDAQ-100,26w,505,473,32,10.038971409449521,12.560986294870483,-2.522014885420962,81.81818181818183,93.75,-7.563373538118825,-6.3890508287957015,-0.8024173224069885,0.42231159613100194,negative,2.522014885420962,weak/mixed
legacy,Legacy,Commercial,commercial,combined,Combined SP+NQ-VIX,combined,positive = equity risk-on net long; negative = equity risk-on net short,S&P 500,1w,530,145,385,0.39229714997279613,0.22196240259143632,0.1703347473813598,62.758620689655174,61.81818181818181,-1.1158767605829438,-1.0450022666973975,0.8295099876373955,0.406815887573826,positive,0.1703347473813598,none
legacy,Legacy,Commercial,commercial,sp500,S&P 500 only,single,positive = net long S&P 500; negative = net short S&P 500,S&P 500,1w,530,205,325,0.41866358816481525,0.1738848497537578,0.24477873841105746,65.3658536585366,60.0,-1.0655169328671596,-1.0636831745392528,1.3193008649664206,0.18706854877782456,positive,0.24477873841105746,weak/mixed
legacy,Legacy,Commercial,commercial,nq,NASDAQ-100 only,single,positive = net long NASDAQ-100; negative = net short NASDAQ-100,S&P 500,1w,530,139,391,0.2271202138788109,0.2832964245897793,-0.05617621071096843,62.589928057553955,61.892583120204606,-1.1262011750325456,-1.0424195387046062,-0.28592927783986116,0.7749322889797647,negative,0.05617621071096843,none
legacy,Legacy,Commercial,commercial,vix_inverse,"VIX only, inverted",single,positive = net short VIX / hedge selling; negative = net long VIX / hedge buying,S&P 500,1w,530,32,498,0.1522141149548647,0.27603967884578867,-0.12382556389092397,59.375,62.24899598393574,-1.4209547352281504,-1.041480826176153,-0.2544562045073234,0.7991431344980628,negative,0.12382556389092397,none
legacy,Legacy,Commercial,commercial,combined,Combined SP+NQ-VIX,combined,positive = equity risk-on net long; negative = equity risk-on net short,S&P 500,4w,527,145,382,1.52356143648652,0.9030706700830637,0.6204907664034562,71.03448275862068,69.63350785340315,-2.322767171772337,-2.5738971826648207,1.030417964374047,0.3028138438267551,positive,0.6204907664034562,none
legacy,Legacy,Commercial,commercial,sp500,S&P 500 only,single,positive = net long S&P 500; negative = net short S&P 500,S&P 500,4w,527,205,322,1.6562869030413387,0.702952140182613,0.9533347628587258,72.6829268292683,68.32298136645963,-2.2231739590930752,-2.684097211400218,1.7780604296876619,0.07539393051718142,positive,0.9533347628587258,weak/mixed
legacy,Legacy,Commercial,commercial,nq,NASDAQ-100 only,single,positive = net long NASDAQ-100; negative = net short NASDAQ-100,S&P 500,4w,527,139,388,0.8184947832278385,1.1652541994680572,-0.34675941624021867,67.62589928057554,70.87628865979381,-2.5800193789005608,-2.4778537887055996,-0.6243431755744507,0.5324022348419757,negative,0.34675941624021867,none
legacy,Legacy,Commercial,commercial,vix_inverse,"VIX only, inverted",single,positive = net short VIX / hedge selling; negative = net long VIX / hedge buying,S&P 500,4w,527,32,495,0.5541732419260865,1.1073855768093757,-0.5532123348832891,65.625,70.3030303030303,-3.6523445652646673,-2.430616035548447,-0.4569872692485003,0.6476801959937057,negative,0.5532123348832891,none
legacy,Legacy,Commercial,commercial,combined,Combined SP+NQ-VIX,combined,positive = equity risk-on net long; negative = equity risk-on net short,S&P 500,13w,518,139,379,4.843874685415408,2.9202586304551517,1.9236160549602568,81.29496402877699,74.93403693931398,-3.7198040662368275,-5.0304221064160775,1.347752578340493,0.17773797490988244,positive,1.9236160549602568,weak/mixed
legacy,Legacy,Commercial,commercial,sp500,S&P 500 only,single,positive = net long S&P 500; negative = net short S&P 500,S&P 500,13w,518,199,319,5.119305636303948,2.3866294062406226,2.7326762300633254,84.42211055276381,71.78683385579937,-3.38228556441352,-5.487485630784709,1.9952702105757432,0.04601341707234635,positive,2.7326762300633254,supported
legacy,Legacy,Commercial,commercial,nq,NASDAQ-100 only,single,positive = net long NASDAQ-100; negative = net short NASDAQ-100,S&P 500,13w,518,132,386,3.503326678885666,3.4135686025967265,0.08975807628893939,79.54545454545455,75.64766839378238,-4.313892803255011,-4.803494542769304,0.07675135445817458,0.9388213500419872,positive,0.08975807628893939,none
legacy,Legacy,Commercial,commercial,vix_inverse,"VIX only, inverted",single,positive = net short VIX / hedge selling; negative = net long VIX / hedge buying,S&P 500,13w,518,32,486,5.450788782972515,3.303809385103136,2.1469793978693787,90.625,75.7201646090535,-4.644847972833643,-4.680962157217976,1.2842770917103299,0.1990450193898514,positive,2.1469793978693787,weak/mixed
legacy,Legacy,Commercial,commercial,combined,Combined SP+NQ-VIX,combined,positive = equity risk-on net long; negative = equity risk-on net short,S&P 500,26w,505,131,374,9.717467802859883,5.767456223774826,3.9500115790850563,91.6030534351145,75.66844919786097,-4.060073525517098,-7.465599937058448,1.9225279314842891,0.05453936248244163,positive,3.9500115790850563,tentative
legacy,Legacy,Commercial,commercial,sp500,S&P 500 only,single,positive = net long S&P 500; negative = net short S&P 500,S&P 500,26w,505,190,315,10.113681303885723,4.788626863898864,5.325054439986859,91.57894736842105,72.6984126984127,-3.9144545430613276,-8.19129411149507,2.5894990358605567,0.0096115691994508,positive,5.325054439986859,supported
legacy,Legacy,Commercial,commercial,nq,NASDAQ-100 only,single,positive = net long NASDAQ-100; negative = net short NASDAQ-100,S&P 500,26w,505,130,375,6.306985820402373,6.960290008570989,-0.6533041881686161,83.84615384615385,78.4,-4.98823965018986,-7.1347542767411145,-0.43325639789438114,0.6648285106464478,negative,0.6533041881686161,none
legacy,Legacy,Commercial,commercial,vix_inverse,"VIX only, inverted",single,positive = net short VIX / hedge selling; negative = net long VIX / hedge buying,S&P 500,26w,505,32,473,8.167346796357164,6.699073599118394,1.4682731972387693,90.625,79.06976744186046,-5.842217212930824,-6.6322474788347,0.5728518877516577,0.5667449830765504,positive,1.4682731972387693,none
legacy,Legacy,Commercial,commercial,combined,Combined SP+NQ-VIX,combined,positive = equity risk-on net long; negative = equity risk-on net short,NASDAQ-100,1w,530,145,385,0.5967124967238053,0.3202545979988675,0.2764578987249378,62.758620689655174,58.96103896103896,-1.391538883329005,-1.4303654537850292,1.0409458479905762,0.2979006814785613,positive,0.2764578987249378,none
legacy,Legacy,Commercial,commercial,sp500,S&P 500 only,single,positive = net long S&P 500; negative = net short S&P 500,NASDAQ-100,1w,530,205,325,0.5897667435166122,0.2735973841034162,0.31616935941319596,64.39024390243902,57.230769230769226,-1.3998306192602092,-1.4323032641279974,1.3100616526277704,0.19017497974813624,positive,0.31616935941319596,weak/mixed
legacy,Legacy,Commercial,commercial,nq,NASDAQ-100 only,single,positive = net long NASDAQ-100; negative = net short NASDAQ-100,NASDAQ-100,1w,530,139,391,0.35884597288217085,0.40905816374397447,-0.05021219086180362,58.27338129496403,60.61381074168798,-1.5319430688650695,-1.3798561412217325,-0.18886170990676493,0.8502012045119349,negative,0.05021219086180362,none
legacy,Legacy,Commercial,commercial,vix_inverse,"VIX only, inverted",single,positive = net short VIX / hedge selling; negative = net long VIX / hedge buying,NASDAQ-100,1w,530,32,498,0.4377482733754538,0.39319957330622746,0.044548700069226344,65.625,59.63855421686747,-1.7610500785026186,-1.397811717425418,0.07168876812452371,0.9428495949017752,positive,0.044548700069226344,none
legacy,Legacy,Commercial,commercial,combined,Combined SP+NQ-VIX,combined,positive = equity risk-on net long; negative = equity risk-on net short,NASDAQ-100,4w,527,145,382,2.398267081764523,1.26997820926498,1.1282888724995428,73.79310344827587,66.2303664921466,-2.8396462883270974,-3.2912759030770973,1.4089510337702489,0.15884964762888173,positive,1.1282888724995428,weak/mixed
legacy,Legacy,Commercial,commercial,sp500,S&P 500 only,single,positive = net long S&P 500; negative = net short S&P 500,NASDAQ-100,4w,527,205,322,2.24687227997207,1.1561229360273413,1.0907493439447289,72.1951219512195,65.83850931677019,-2.898953767981046,-3.3376726221949253,1.5650881796437675,0.11756223476407093,positive,1.0907493439447289,weak/mixed
legacy,Legacy,Commercial,commercial,nq,NASDAQ-100 only,single,positive = net long NASDAQ-100; negative = net short NASDAQ-100,NASDAQ-100,4w,527,139,388,1.3566727142895814,1.660574472960893,-0.30390175867131175,64.74820143884892,69.58762886597938,-3.4294726224954255,-3.0729881759175677,-0.404125635578595,0.6861203345345889,negative,0.30390175867131175,none
legacy,Legacy,Commercial,commercial,vix_inverse,"VIX only, inverted",single,positive = net short VIX / hedge selling; negative = net long VIX / hedge buying,NASDAQ-100,4w,527,32,495,1.4190367748994317,1.59085096161272,-0.1718141867132883,62.5,68.68686868686868,-4.1327788066123645,-3.104580171659161,-0.1251783764294191,0.9003823356884109,negative,0.1718141867132883,none
legacy,Legacy,Commercial,commercial,combined,Combined SP+NQ-VIX,combined,positive = equity risk-on net long; negative = equity risk-on net short,NASDAQ-100,13w,518,139,379,7.522450141186224,4.318281258745091,3.2041688824411327,81.29496402877699,74.93403693931398,-4.540082845742877,-5.957130206834175,1.415278229799355,0.15698693540312608,positive,3.2041688824411327,weak/mixed
legacy,Legacy,Commercial,commercial,sp500,S&P 500 only,single,positive = net long S&P 500; negative = net short S&P 500,NASDAQ-100,13w,518,199,319,7.345503816110824,3.8259997093517883,3.519504106759036,81.4070351758794,73.66771159874608,-4.285543187853035,-6.382447553497361,1.7903783338192811,0.07339311096148086,positive,3.519504106759036,tentative
legacy,Legacy,Commercial,commercial,nq,NASDAQ-100 only,single,positive = net long NASDAQ-100; negative = net short NASDAQ-100,NASDAQ-100,13w,518,132,386,5.69236786604299,5.002219192672539,0.6901486733704516,79.54545454545455,75.64766839378238,-5.459989914358663,-5.616852837443184,0.38012630636510847,0.7038516592071209,positive,0.6901486733704516,none
legacy,Legacy,Commercial,commercial,vix_inverse,"VIX only, inverted",single,positive = net short VIX / hedge selling; negative = net long VIX / hedge buying,NASDAQ-100,13w,518,32,486,8.494718844461595,4.959708155692394,3.5350106887692005,100.0,75.1028806584362,-5.161781396497811,-5.604211644568893,1.9122537563675073,0.05584365409937498,positive,3.5350106887692005,tentative
legacy,Legacy,Commercial,commercial,combined,Combined SP+NQ-VIX,combined,positive = equity risk-on net long; negative = equity risk-on net short,NASDAQ-100,26w,505,131,374,14.384461659897669,8.732675295879373,5.651786364018296,87.78625954198473,80.74866310160428,-4.961706440586971,-8.374175845814904,1.772354398119351,0.07633574653842466,positive,5.651786364018296,tentative
legacy,Legacy,Commercial,commercial,sp500,S&P 500 only,single,positive = net long S&P 500; negative = net short S&P 500,NASDAQ-100,26w,505,190,315,14.600325490190567,7.5438831586326085,7.0564423315579585,90.0,78.0952380952381,-4.931744884721584,-9.031408831601798,2.361738733894932,0.018189456156145974,positive,7.0564423315579585,supported
legacy,Legacy,Commercial,commercial,nq,NASDAQ-100 only,single,positive = net long NASDAQ-100; negative = net short NASDAQ-100,NASDAQ-100,26w,505,130,375,9.617986946521123,10.400124626820624,-0.7821376802995008,81.53846153846153,82.93333333333334,-6.6766179937910115,-7.770573255623562,-0.29192043848483407,0.7703474561402897,negative,0.7821376802995008,none
legacy,Legacy,Commercial,commercial,vix_inverse,"VIX only, inverted",single,positive = net short VIX / hedge selling; negative = net long VIX / hedge buying,NASDAQ-100,26w,505,32,473,11.962331540491741,10.079472365348296,1.8828591751434445,90.625,82.02959830866807,-6.497297509599992,-7.556050295442848,0.5608675278768325,0.5748878480278263,positive,1.8828591751434445,weak/mixed
legacy,Legacy,Nonreportable,nonreportable,combined,Combined SP+NQ-VIX,combined,positive = equity risk-on net long; negative = equity risk-on net short,S&P 500,1w,530,356,174,0.2276116580540094,0.3523497786007534,-0.12473812054674399,60.95505617977528,64.36781609195403,-1.01483471449795,-1.1657864632284753,-0.6029702033102236,0.546528511568359,negative,0.12473812054674399,none
legacy,Legacy,Nonreportable,nonreportable,sp500,S&P 500 only,single,positive = net long S&P 500; negative = net short S&P 500,S&P 500,1w,530,369,161,0.22958262600164436,0.3579044891251655,-0.12832186312352112,61.24661246612466,63.975155279503106,-1.009625598416799,-1.1899140195479883,-0.6139724104511551,0.5392335588014867,negative,0.12832186312352112,none
legacy,Legacy,Nonreportable,nonreportable,nq,NASDAQ-100 only,single,positive = net long NASDAQ-100; negative = net short NASDAQ-100,S&P 500,1w,530,252,278,0.16638345498228574,0.36118698233173535,-0.1948035273494496,60.317460317460316,63.66906474820144,-1.1316049728882078,-1.0034660064575418,-1.084440500824549,0.2781695345080125,negative,0.1948035273494496,none
legacy,Legacy,Nonreportable,nonreportable,vix_inverse,"VIX only, inverted",single,positive = net short VIX / hedge selling; negative = net long VIX / hedge buying,S&P 500,1w,530,438,92,0.2354324382489189,0.4262956933775211,-0.1908632551286022,63.013698630136986,57.608695652173914,-1.0758102933054887,-1.010033635817618,-0.7865927702949489,0.4315202928252742,negative,0.1908632551286022,none
legacy,Legacy,Nonreportable,nonreportable,combined,Combined SP+NQ-VIX,combined,positive = equity risk-on net long; negative = equity risk-on net short,S&P 500,4w,527,353,174,0.9321855302484853,1.3610799545089682,-0.42889442426048296,69.97167138810198,70.11494252873564,-2.572438992462146,-2.3675804560104203,-0.7149270685372222,0.47465410992286905,negative,0.42889442426048296,none
legacy,Legacy,Nonreportable,nonreportable,sp500,S&P 500 only,single,positive = net long S&P 500; negative = net short S&P 500,S&P 500,4w,527,366,161,0.7995165208286316,1.6973065691863145,-0.897790048357683,68.0327868852459,74.53416149068323,-2.606769825416912,-2.272995078151309,-1.5501475906327453,0.12110609564718262,negative,0.897790048357683,weak/mixed
legacy,Legacy,Nonreportable,nonreportable,nq,NASDAQ-100 only,single,positive = net long NASDAQ-100; negative = net short NASDAQ-100,S&P 500,4w,527,249,278,1.199223321489321,0.9614489108324991,0.23777441065682203,69.47791164658635,70.50359712230215,-2.52167581298503,-2.4896859217686265,0.4852141660141392,0.6275244343827028,positive,0.23777441065682203,none
legacy,Legacy,Nonreportable,nonreportable,vix_inverse,"VIX only, inverted",single,positive = net short VIX / hedge selling; negative = net long VIX / hedge buying,S&P 500,4w,527,436,91,0.9516427693330217,1.6590456794843775,-0.7074029101513558,68.57798165137615,76.92307692307693,-2.5941868171440396,-2.0765330924192233,-1.1696377844402241,0.24214676508235433,negative,0.7074029101513558,none
legacy,Legacy,Nonreportable,nonreportable,combined,Combined SP+NQ-VIX,combined,positive = equity risk-on net long; negative = equity risk-on net short,S&P 500,13w,518,344,174,3.200484474037724,3.9029307077371675,-0.7024462336994435,75.5813953488372,78.73563218390804,-5.118889213119224,-3.8085336449747116,-0.42212275335734784,0.6729354208051627,negative,0.7024462336994435,none
legacy,Legacy,Nonreportable,nonreportable,sp500,S&P 500 only,single,positive = net long S&P 500; negative = net short S&P 500,S&P 500,13w,518,357,161,2.8678422621631943,4.697247916912944,-1.8294056547497495,74.2296918767507,81.98757763975155,-5.233993096314779,-3.447498187293396,-1.1660350700890294,0.24360026652202663,negative,1.8294056547497495,weak/mixed
legacy,Legacy,Nonreportable,nonreportable,nq,NASDAQ-100 only,single,positive = net long NASDAQ-100; negative = net short NASDAQ-100,S&P 500,13w,518,240,278,4.38028445965213,2.6216127046717013,1.758671754980429,81.66666666666667,72.3021582733813,-4.239365488458764,-5.058039662980248,1.5023016176091906,0.13301923108986133,positive,1.758671754980429,weak/mixed
legacy,Legacy,Nonreportable,nonreportable,vix_inverse,"VIX only, inverted",single,positive = net short VIX / hedge selling; negative = net long VIX / hedge buying,S&P 500,13w,518,430,88,3.05302923814289,5.309932156975019,-2.256902918832129,74.65116279069768,86.36363636363636,-4.931540321516609,-3.4434136964371693,-1.678592108861941,0.0932315655344538,negative,2.256902918832129,tentative
legacy,Legacy,Nonreportable,nonreportable,combined,Combined SP+NQ-VIX,combined,positive = equity risk-on net long; negative = equity risk-on net short,S&P 500,26w,505,331,174,6.4174276434070805,7.5048756316016405,-1.08744798819456,76.73716012084593,85.63218390804597,-7.656349784070485,-4.538805918248672,-0.41796204292894734,0.6759748692943798,negative,1.08744798819456,none
legacy,Legacy,Nonreportable,nonreportable,sp500,S&P 500 only,single,positive = net long S&P 500; negative = net short S&P 500,S&P 500,26w,505,344,161,5.820531727926192,8.868037238880868,-3.047505510954676,75.0,90.06211180124224,-7.821252853851341,-3.9347392955139004,-1.166078193080612,0.2435828325465558,negative,3.047505510954676,weak/mixed
legacy,Legacy,Nonreportable,nonreportable,nq,NASDAQ-100 only,single,positive = net long NASDAQ-100; negative = net short NASDAQ-100,S&P 500,26w,505,229,276,8.96933178542966,4.985651923924049,3.9836798615056104,87.77292576419214,73.18840579710145,-5.62615136831439,-7.375417916516683,2.4941467931392913,0.012626031654373574,positive,3.9836798615056104,supported
legacy,Legacy,Nonreportable,nonreportable,vix_inverse,"VIX only, inverted",single,positive = net short VIX / hedge selling; negative = net long VIX / hedge buying,S&P 500,26w,505,421,84,6.271148934352916,9.403133434569664,-3.131984500216748,78.14726840855107,88.09523809523809,-6.899887359016086,-4.989897978057468,-1.3632363831919194,0.17280802416183363,negative,3.131984500216748,weak/mixed
legacy,Legacy,Nonreportable,nonreportable,combined,Combined SP+NQ-VIX,combined,positive = equity risk-on net long; negative = equity risk-on net short,NASDAQ-100,1w,530,356,174,0.3286731862459562,0.5334119422468702,-0.20473875600091396,58.70786516853933,62.643678160919535,-1.3786961504477848,-1.5037241852329348,-0.7774612874749334,0.43688666578649804,negative,0.20473875600091396,none
legacy,Legacy,Nonreportable,nonreportable,sp500,S&P 500 only,single,positive = net long S&P 500; negative = net short S&P 500,NASDAQ-100,1w,530,369,161,0.3434792324450092,0.5160092887099836,-0.17253005626497442,58.80758807588076,62.732919254658384,-1.3729434009515058,-1.5270044896822135,-0.673146118156779,0.5008543363813427,negative,0.17253005626497442,none
legacy,Legacy,Nonreportable,nonreportable,nq,NASDAQ-100 only,single,positive = net long NASDAQ-100; negative = net short NASDAQ-100,NASDAQ-100,1w,530,252,278,0.26762439691042506,0.5121582166657865,-0.24453381975536148,58.333333333333336,61.51079136690647,-1.5135729069149066,-1.3346887239114589,-1.0700739009452482,0.2845860457431341,negative,0.24453381975536148,none
legacy,Legacy,Nonreportable,nonreportable,vix_inverse,"VIX only, inverted",single,positive = net short VIX / hedge selling; negative = net long VIX / hedge buying,NASDAQ-100,1w,530,438,92,0.40441356516868593,0.355306420767732,0.04910714440095393,60.95890410958904,55.434782608695656,-1.4050002857956176,-1.489931658820235,0.15730803166242427,0.8750020907166652,positive,0.04910714440095393,none
legacy,Legacy,Nonreportable,nonreportable,combined,Combined SP+NQ-VIX,combined,positive = equity risk-on net long; negative = equity risk-on net short,NASDAQ-100,4w,527,353,174,1.3729889328523326,2.0012374109092232,-0.6282484780568907,66.28895184135978,72.41379310344827,-3.2681643014282518,-2.961805220567285,-0.8141852848975307,0.41553881405541454,negative,0.6282484780568907,none
legacy,Legacy,Nonreportable,nonreportable,sp500,S&P 500 only,single,positive = net long S&P 500; negative = net short S&P 500,NASDAQ-100,4w,527,366,161,1.2137038800206408,2.4140669733386564,-1.2003630933180156,65.30054644808743,75.15527950310559,-3.337267986853435,-2.7799753018293383,-1.6273973266427573,0.10365273894807368,negative,1.2003630933180156,weak/mixed
legacy,Legacy,Nonreportable,nonreportable,nq,NASDAQ-100 only,single,positive = net long NASDAQ-100; negative = net short NASDAQ-100,NASDAQ-100,4w,527,249,278,1.6186996306760548,1.5461301969666927,0.07256943370936209,67.06827309236948,69.42446043165468,-3.2395410689655786,-3.1020517288145735,0.11332839714313729,0.9097702045964895,positive,0.07256943370936209,none
legacy,Legacy,Nonreportable,nonreportable,vix_inverse,"VIX only, inverted",single,positive = net short VIX / hedge selling; negative = net long VIX / hedge buying,NASDAQ-100,4w,527,436,91,1.4803424948376005,2.0599019235811475,-0.579559428743547,67.66055045871559,71.42857142857143,-3.237009031615253,-2.8316502087761584,-0.7174990661024337,0.47306621245495606,negative,0.579559428743547,none
legacy,Legacy,Nonreportable,nonreportable,combined,Combined SP+NQ-VIX,combined,positive = equity risk-on net long; negative = equity risk-on net short,NASDAQ-100,13w,518,344,174,4.7468992464565245,6.030550723610515,-1.2836514771539909,75.0,79.88505747126436,-6.054936250341632,-4.631757435809715,-0.543569655368865,0.5867376459320996,negative,1.2836514771539909,none
legacy,Legacy,Nonreportable,nonreportable,sp500,S&P 500 only,single,positive = net long S&P 500; negative = net short S&P 500,NASDAQ-100,13w,518,357,161,4.401194092492788,6.900763202915212,-2.4995691104224242,73.94957983193278,82.6086956521739,-6.238567939369401,-4.109659065798361,-1.1002220725469074,0.27123537573500195,negative,2.4995691104224242,weak/mixed
legacy,Legacy,Nonreportable,nonreportable,nq,NASDAQ-100 only,single,positive = net long NASDAQ-100; negative = net short NASDAQ-100,NASDAQ-100,13w,518,240,278,5.930887950790154,4.528187260790062,1.402700690000092,79.58333333333333,74.10071942446042,-5.1735264192042365,-5.925099004817968,0.8594280816745568,0.39010438228271543,positive,1.402700690000092,none
legacy,Legacy,Nonreportable,nonreportable,vix_inverse,"VIX only, inverted",single,positive = net short VIX / hedge selling; negative = net long VIX / hedge buying,NASDAQ-100,13w,518,430,88,4.749363457844348,7.272987270638695,-2.523623812794347,74.88372093023256,85.22727272727273,-5.78496697240388,-4.560091656985724,-1.4179659422506683,0.15620070836440408,negative,2.523623812794347,weak/mixed
legacy,Legacy,Nonreportable,nonreportable,combined,Combined SP+NQ-VIX,combined,positive = equity risk-on net long; negative = equity risk-on net short,NASDAQ-100,26w,505,331,174,9.36501174032749,11.784862942856789,-2.4198512025292978,83.08157099697885,81.60919540229885,-8.565344074114233,-5.441358744366988,-0.6704208623561916,0.5025895390945323,negative,2.4198512025292978,weak/mixed
legacy,Legacy,Nonreportable,nonreportable,sp500,S&P 500 only,single,positive = net long S&P 500; negative = net short S&P 500,NASDAQ-100,26w,505,344,161,8.809944745577283,13.166236308241581,-4.356291562664298,80.81395348837209,86.33540372670807,-8.8207724135577,-4.643351551477137,-1.2735517835487782,0.20282230939209214,negative,4.356291562664298,weak/mixed
legacy,Legacy,Nonreportable,nonreportable,nq,NASDAQ-100 only,single,positive = net long NASDAQ-100; negative = net short NASDAQ-100,NASDAQ-100,26w,505,229,276,11.5773462095373,9.054973754063182,2.522372455474118,91.26637554585153,75.36231884057972,-6.772658711497542,-8.083284293908441,1.0207714667820929,0.3073627258504005,positive,2.522372455474118,weak/mixed
legacy,Legacy,Nonreportable,nonreportable,vix_inverse,"VIX only, inverted",single,positive = net short VIX / hedge selling; negative = net long VIX / hedge buying,NASDAQ-100,26w,505,421,84,9.762769952651688,12.384034381418084,-2.6212644287663966,80.76009501187649,91.66666666666666,-7.714935776014508,-6.356397004161421,-0.8412228295897594,0.4002231132859805,negative,2.6212644287663966,weak/mixed
