avg_adverse_move,avg_directional_return,directional_coverage_pct,directional_hit_rate,directional_n,drift_adjusted_accuracy_pct,drift_adjusted_n,edge_hac_estimable,edge_hac_p,edge_hac_t,evidence_grade,evidence_reason,hac_lags,horizon,market,model,negative_avg_return,negative_n,neutral_avg_return,neutral_n,observations,path_utility,pearson_r,positive_avg_return,positive_minus_negative,positive_n,score_hac_estimable,score_hac_p,score_hac_t,score_slope_pp_per_unit,spearman_r,stability_subperiods,status,subperiod_min_abs_spearman,subperiod_sign_agreement_pct,worst_adverse_move
,,0.0,,0,,0,False,,,Not estimable,continuous HAC not estimable; directional edge HAC not estimable; directional sample 0<20; subperiod stability not estimable; path utility not estimable,1,1w,dow,old_tff,,0,0.21199094766860413,453,453,,nan,,,0,False,,,,nan,0,exploratory_release_aligned_hac,,,
,,0.0,,0,,0,False,,,Not estimable,continuous HAC not estimable; directional edge HAC not estimable; directional sample 0<20; subperiod stability not estimable; path utility not estimable,1,1w,dow,old_legacy,,0,0.21199094766860413,453,453,,nan,,,0,False,,,,nan,0,exploratory_release_aligned_hac,,,
-1.2120251287127428,0.280571245677682,60.9271523178808,54.710144927536234,276,53.359683794466406,253,True,0.6902359059886063,0.3985349431913897,Weak/Mixed,evidence thresholds not met,1,1w,dow,new_structural,0.09938218889876507,13,0.09045366426818972,177,453,-0.14363754937177797,0.07544596655515763,0.2993522139267079,0.19997002502794284,263,True,0.0766711529196455,1.7703361887649094,0.42885467927404053,0.055282365923873554,3,exploratory_release_aligned_hac,0.08382723590834111,100.0,-18.032862372417725
-1.2039385030402658,0.2680107820417585,56.73289183222958,53.69649805447471,257,51.91489361702127,235,True,0.7453068906121516,0.3248337619888271,Weak/Mixed,evidence thresholds not met,1,1w,dow,new_structural_tactical,0.06212721814781874,8,0.13346475927949314,196,453,-0.15336769402233452,0.06793923225008287,0.2786176254213432,0.21649040727352448,249,True,0.10935168041900514,1.601113961726171,0.4214116263475949,0.040474892082409945,3,exploratory_release_aligned_hac,0.07865738893446085,100.0,-18.032862372417725
-0.6428414451043721,0.4856565537104311,52.38095238095239,68.18181818181817,22,60.0,10,False,,,Weak/Mixed,directional edge HAC not estimable,1,1w,dow,new_release_decision,,0,0.23509464810900874,20,42,0.26066204792390085,0.1205153167182183,0.4856565537104311,,22,True,0.41608086529216715,0.8132393102712409,0.7369720474347512,0.05874202764037649,3,exploratory_release_aligned_hac,0.1401662214892363,33.33333333333333,-2.959263146195723
,,0.0,,0,,0,False,,,Not estimable,continuous HAC not estimable; directional edge HAC not estimable; directional sample 0<20; subperiod stability not estimable; path utility not estimable,4,4w,dow,old_tff,,0,0.7708363729273712,450,450,,nan,,,0,False,,,,nan,0,exploratory_release_aligned_hac,,,
,,0.0,,0,,0,False,,,Not estimable,continuous HAC not estimable; directional edge HAC not estimable; directional sample 0<20; subperiod stability not estimable; path utility not estimable,4,4w,dow,old_legacy,,0,0.7708363729273712,450,450,,nan,,,0,False,,,,nan,0,exploratory_release_aligned_hac,,,
-2.70896357722386,1.1664850260443833,60.88888888888889,66.05839416058394,274,60.95617529880478,251,True,0.173783325789421,1.3601472676038635,Tentative,positive but not fully supported,4,4w,dow,new_structural,-0.1575173788467449,11,0.1745730284987748,176,450,0.21834777401603234,0.1747921673682938,1.2086851937978964,1.3662025726446414,263,True,0.009448508346402127,2.595384754037325,1.9186464698568626,0.1716379777919099,3,exploratory_release_aligned_hac,0.20918580374013077,100.0,-28.11873629386124
-2.572198299278414,1.3143713656262352,56.666666666666664,66.66666666666666,255,61.37339055793991,233,True,0.08242948691429101,1.7367603129771745,Tentative,positive but not fully supported,4,4w,dow,new_structural_tactical,-0.3749631499060584,6,0.08313449939230592,195,450,0.4141019608787905,0.1680461533494929,1.3370077081737095,1.711970858079768,249,True,0.012240499100257067,2.5051340532973136,2.0151486710271,0.15336957280060606,3,exploratory_release_aligned_hac,0.20754598063764362,100.0,-28.11873629386124
-1.200787054278947,2.651409698552189,55.00000000000001,90.9090909090909,22,30.0,10,False,,,Weak/Mixed,directional edge HAC not estimable,4,4w,dow,new_release_decision,,0,1.857219289874527,18,40,2.2311342295545575,0.308867814268708,2.651409698552189,,22,True,0.10633570809951778,1.6148845063691668,2.78982352591355,0.32442046425367504,3,exploratory_release_aligned_hac,0.3070307708811843,66.66666666666666,-4.6676523513415
,,0.0,,0,,0,False,,,Not estimable,continuous HAC not estimable; directional edge HAC not estimable; directional sample 0<20; subperiod stability not estimable; path utility not estimable,13,13w,dow,old_tff,,0,2.5087729970508588,440,440,,nan,,,0,False,,,,nan,0,exploratory_release_aligned_hac,,,
,,0.0,,0,,0,False,,,Not estimable,continuous HAC not estimable; directional edge HAC not estimable; directional sample 0<20; subperiod stability not estimable; path utility not estimable,13,13w,dow,old_legacy,,0,2.5087729970508588,440,440,,nan,,,0,False,,,,nan,0,exploratory_release_aligned_hac,,,
-4.8230171898818766,2.913425987350624,61.59090909090909,69.00369003690037,271,58.46774193548387,248,True,0.7289202588910553,0.34656218534880806,Weak/Mixed,evidence thresholds not met,13,13w,dow,new_structural,2.341887770695213,9,1.6104597411706807,169,440,1.2253699708919674,0.18060223831989972,3.0939520324743355,0.7520642617791227,262,True,0.13762935807574217,1.4846771855285958,2.9651011595103833,0.18371846747478973,3,exploratory_release_aligned_hac,0.3061724795305345,100.0,-35.49792410916407
-4.752136347720979,2.9759702250605478,57.95454545454546,68.62745098039215,255,58.36909871244635,233,True,0.5835855550449421,0.5481548877334665,Weak/Mixed,evidence thresholds not met,13,13w,dow,new_structural_tactical,1.7139805321547685,6,1.7536213239247622,185,440,1.312722503358205,0.14508996870449598,3.0889810866801937,1.3750005545254251,249,True,0.20484928213892395,1.2678562726232852,2.5947013190548036,0.1363130071047988,3,exploratory_release_aligned_hac,0.1455744724899713,100.0,-35.49792410916407
-2.0789868473867967,3.983529330554006,55.00000000000001,72.72727272727273,22,10.0,10,False,,,Weak/Mixed,directional edge HAC not estimable,13,13w,dow,new_release_decision,,0,8.680034032348544,18,40,3.2558839339686267,-0.2880998656949046,3.983529330554006,,22,True,0.20235687831582164,-1.274865426077643,-4.88432650561756,-0.18515335332296354,3,exploratory_release_aligned_hac,0.43555288012792126,66.66666666666666,-6.356903548932779
,,0.0,,0,,0,False,,,Not estimable,continuous HAC not estimable; directional edge HAC not estimable; directional sample 0<20; subperiod stability not estimable; path utility not estimable,26,26w,dow,old_tff,,0,5.002818752232816,427,427,,nan,,,0,False,,,,nan,0,exploratory_release_aligned_hac,,,
,,0.0,,0,,0,False,,,Not estimable,continuous HAC not estimable; directional edge HAC not estimable; directional sample 0<20; subperiod stability not estimable; path utility not estimable,26,26w,dow,old_legacy,,0,5.002818752232816,427,427,,nan,,,0,False,,,,nan,0,exploratory_release_aligned_hac,,,
-6.285140590394098,5.526299954393972,62.06088992974239,74.71698113207546,265,53.71900826446281,242,True,0.07681910005515807,1.7694482475583106,Tentative,positive but not fully supported,26,26w,dow,new_structural,0.5064429285815287,9,4.090235472682363,162,427,3.3265007477560373,0.21015403672361443,5.73838857137358,5.231945642792051,256,True,0.19819949814528082,1.2866982073874431,4.257125558247231,0.22001848768619292,3,exploratory_release_aligned_hac,0.2865867277765468,100.0,-35.49792410916407
-6.172551410281683,5.69510473183395,58.31381733021077,75.1004016064257,249,54.62555066079295,227,True,0.004535699707875513,2.83828265781526,Tentative,positive but not fully supported,26,26w,dow,new_structural_tactical,-3.3499543395997637,6,4.260235848606496,178,427,3.534711738235361,0.1679721668360081,5.753009679790351,9.102964019390114,243,True,0.30652157170933075,1.0225480737319685,3.705331652395468,0.16355602146575152,3,exploratory_release_aligned_hac,0.15906934248334376,100.0,-35.49792410916407
-3.865410195623437,9.371068349360055,52.94117647058824,100.0,18,0.0,6,False,,,Weak/Mixed,directional edge HAC not estimable; directional sample 18<20,26,26w,dow,new_release_decision,,0,10.986559200510936,16,34,8.018174780891853,-0.14528747133412656,9.371068349360055,,18,True,0.30101724228790755,-1.034254413231574,-1.8501479943441883,-0.19422127504818326,3,exploratory_release_aligned_hac,0.009111640951564104,100.0,-6.792287209405091
,,,,0,,0,False,,,Not estimable,continuous HAC not estimable; directional edge HAC not estimable; directional sample 0<20; subperiod stability not estimable; path utility not estimable,1,1w,gold,old_tff,,0,,0,0,,,,,0,False,,,,,0,exploratory_release_aligned_hac,,,
,,0.0,,0,,0,False,,,Not estimable,continuous HAC not estimable; directional edge HAC not estimable; directional sample 0<20; subperiod stability not estimable; path utility not estimable,1,1w,gold,old_legacy,,0,0.3127683734023943,453,453,,nan,,,0,False,,,,nan,0,exploratory_release_aligned_hac,,,
-1.348915370633868,-0.18414998785979364,70.41942604856513,46.08150470219436,319,47.682119205298015,302,True,0.5068191930151561,-0.6637986450611293,Weak/Mixed,evidence thresholds not met,1,1w,gold,new_structural,0.45153960873189636,204,0.12089372325332104,134,453,-0.6562703675816474,-0.052219522667011076,0.29017594829593657,-0.1613636604359598,115,True,0.2193168889759279,-1.2283465884816132,-0.19167013957677606,-0.06627778260279962,3,exploratory_release_aligned_hac,0.017612527169071253,66.66666666666666,-11.87331536388141
-1.4256507082574674,-0.27081353321248136,63.796909492273734,44.636678200692046,289,46.01449275362319,276,True,0.24894015937556016,-1.152927461394846,Weak/Mixed,evidence thresholds not met,1,1w,gold,new_structural_tactical,0.568510215696077,187,0.04467294865462738,164,453,-0.7697912811025949,-0.05777696383491646,0.2749637180074441,-0.29354649768863283,102,True,0.20192051836900635,-1.2760990189584542,-0.21493588434578206,-0.06078725481846956,3,exploratory_release_aligned_hac,0.048140570032598376,66.66666666666666,-11.87331536388141
-1.6238955824121883,-0.378634228713815,32.407407407407405,48.57142857142857,35,48.148148148148145,27,True,0.5571368851279472,-0.5870994973742654,Weak/Mixed,evidence thresholds not met,1,1w,gold,new_release_decision,0.40297693470307994,31,0.9136375831476549,73,108,-0.9469976825580809,0.07753331552363033,-0.18997825729701323,-0.5929551920000932,4,True,0.40880790147776414,0.8259932841580212,0.6025226972473382,0.013332767253751921,3,exploratory_release_aligned_hac,0.04950607420545205,66.66666666666666,-7.201600355634574
,,,,0,,0,False,,,Not estimable,continuous HAC not estimable; directional edge HAC not estimable; directional sample 0<20; subperiod stability not estimable; path utility not estimable,4,4w,gold,old_tff,,0,,0,0,,,,,0,False,,,,,0,exploratory_release_aligned_hac,,,
,,0.0,,0,,0,False,,,Not estimable,continuous HAC not estimable; directional edge HAC not estimable; directional sample 0<20; subperiod stability not estimable; path utility not estimable,4,4w,gold,old_legacy,,0,1.2177905872820671,450,450,,nan,,,0,False,,,,nan,0,exploratory_release_aligned_hac,,,
-3.6171611912358834,-0.9084623078219995,70.22222222222221,43.35443037974683,316,50.50167224080268,299,True,0.197647171472426,-1.2882838539525778,Contradictory,statistically adverse sign,4,4w,gold,new_structural,1.9073797310217504,201,0.5098000125219279,134,450,-2.1744687247545587,-0.15875454320656596,0.837471623161913,-1.0699081078598374,115,True,0.034042970821832504,-2.1195623451774313,-1.1166336206849485,-0.15029875220512662,3,exploratory_release_aligned_hac,0.1810150816520332,66.66666666666666,-23.27090673094752
-3.8024567608772335,-1.0756568655587881,63.55555555555556,41.95804195804196,286,49.45054945054945,273,True,0.14482354327215546,-1.4580616773391208,Contradictory,statistically adverse sign,4,4w,gold,new_structural_tactical,2.2073587132326087,184,0.264241593641118,164,450,-2.40651673186582,-0.14959776881111664,0.9658445067155561,-1.2415142065170526,102,True,0.055822996175904985,-1.9124149170034521,-1.065502061165274,-0.1366226876992075,3,exploratory_release_aligned_hac,0.13353468636446347,66.66666666666666,-23.27090673094752
-4.45538917255658,-1.5894662833952278,33.33333333333333,42.857142857142854,35,59.25925925925925,27,True,0.43377857943848774,-0.7827420914019555,Weak/Mixed,evidence thresholds not met,4,4w,gold,new_release_decision,1.9036668198038762,31,4.03730640893939,70,105,-3.148852493790031,0.11289661504278378,0.845587873771797,-1.0580789460320792,4,True,0.4196767783384001,0.8069821306821439,1.5924537446185094,0.07823461414309832,3,exploratory_release_aligned_hac,0.011872502241641067,66.66666666666666,-14.613123904077453
,,,,0,,0,False,,,Not estimable,continuous HAC not estimable; directional edge HAC not estimable; directional sample 0<20; subperiod stability not estimable; path utility not estimable,13,13w,gold,old_tff,,0,,0,0,,,,,0,False,,,,,0,exploratory_release_aligned_hac,,,
,,0.0,,0,,0,False,,,Not estimable,continuous HAC not estimable; directional edge HAC not estimable; directional sample 0<20; subperiod stability not estimable; path utility not estimable,13,13w,gold,old_legacy,,0,3.9212640947702178,440,440,,nan,,,0,False,,,,nan,0,exploratory_release_aligned_hac,,,
-8.204240837151252,-2.879574922976807,69.54545454545455,40.19607843137255,306,47.75086505190311,289,True,0.18237432327907488,-1.3334800343176332,Contradictory,statistically adverse sign,13,13w,gold,new_structural,6.429048082556343,191,1.123953437263252,134,440,-5.751059215979745,-0.23969268852119402,3.0156370203248577,-3.4134110622314853,115,True,0.06077708093482725,-1.875113716459023,-3.1999033434141535,-0.2481955304897088,3,exploratory_release_aligned_hac,0.26007429846944186,66.66666666666666,-33.55431670935663
-8.531728263841604,-3.1389871990533567,62.727272727272734,39.85507246376812,276,46.7680608365019,263,True,0.16920127536498114,-1.374774792493488,Contradictory,statistically adverse sign,13,13w,gold,new_structural_tactical,6.994807810887121,174,0.9605094539567343,164,440,-6.125092091397917,-0.23858143700239592,3.438589138780712,-3.5562186721064086,102,True,0.07287649227439423,-1.7936034075392464,-3.210468683191846,-0.23608925603505945,3,exploratory_release_aligned_hac,0.22430031569679518,66.66666666666666,-33.55431670935663
-13.661737531124986,-10.089367538884229,28.421052631578945,29.629629629629626,27,26.31578947368421,19,True,0.0013036576162140572,-3.215173369535032,Contradictory,statistically adverse sign,13,13w,gold,new_release_decision,12.65698301964417,23,10.269398814660159,68,95,-14.870975674777974,-0.3115710869047641,4.674421475485435,-7.9825615441587345,4,True,0.003526612696002207,-2.9176665380640823,-8.239659413870402,-0.33168169950133797,3,exploratory_release_aligned_hac,0.18211264537056682,100.0,-30.458459047759213
,,,,0,,0,False,,,Not estimable,continuous HAC not estimable; directional edge HAC not estimable; directional sample 0<20; subperiod stability not estimable; path utility not estimable,26,26w,gold,old_tff,,0,,0,0,,,,,0,False,,,,,0,exploratory_release_aligned_hac,,,
,,0.0,,0,,0,False,,,Not estimable,continuous HAC not estimable; directional edge HAC not estimable; directional sample 0<20; subperiod stability not estimable; path utility not estimable,26,26w,gold,old_legacy,,0,8.660818096068652,427,427,,nan,,,0,False,,,,nan,0,exploratory_release_aligned_hac,,,
-13.679848720706913,-4.813466862358341,69.78922716627635,43.95973154362416,298,50.88967971530249,281,True,0.274901680062019,-1.0918439895761871,Weak/Mixed,evidence thresholds not met,26,26w,gold,new_structural,12.580202498560894,183,4.094793314192347,129,427,-9.60141391460576,-0.22879654996369564,7.545773323946593,-5.034429174614301,115,True,0.12184112935768206,-1.547091723741828,-4.50505722246743,-0.22475103181574227,3,exploratory_release_aligned_hac,0.23573413249862252,66.66666666666666,-59.52009598080383
-14.108457014379686,-5.189116344290469,63.46604215456675,43.91143911439114,271,50.3875968992248,258,True,0.2675059045657188,-1.108824487379361,Weak/Mixed,evidence thresholds not met,26,26w,gold,new_structural_tactical,13.246008940441275,169,4.020954067018466,156,427,-10.12707629932336,-0.2102725356297658,8.160048839528018,-5.0859601009132565,102,True,0.1733235697183386,-1.3616018543725419,-4.1748005233676695,-0.18368167515111147,3,exploratory_release_aligned_hac,0.19799651074332464,66.66666666666666,-59.52009598080383
-26.54950032150574,-18.556160090377535,25.555555555555554,17.391304347826086,23,13.333333333333334,15,False,,,Contradictory,directional edge HAC not estimable,26,26w,gold,new_release_decision,26.023251188513928,19,18.915812565998742,67,90,-27.84848520290454,-0.28701088089921944,16.912522625770332,-9.110728562743596,4,True,0.031882613376410567,-2.145879254025416,-12.134307666164995,-0.27339013728489253,3,exploratory_release_aligned_hac,0.09468491789435877,66.66666666666666,-59.42446043165466
-1.4633202030678658,0.2608337761671375,70.19867549668875,54.088050314465406,318,52.64900662251656,302,True,0.40873570375138507,0.826120563590911,Weak/Mixed,evidence thresholds not met,1,1w,nq,old_tff,0.23847271316429208,110,0.3030739633242236,135,453,-0.2513282949066155,0.03593172824425031,0.5248900926404896,0.2864173794761975,208,True,0.41620417532031334,0.8130242142104291,0.07473819244892861,0.0392017488703791,3,exploratory_release_aligned_hac,0.1286603413530521,66.66666666666666,-10.043638529440011
-1.6343154704123957,0.10629257863202353,44.5916114790287,51.98019801980198,202,52.38095238095239,189,True,0.7551432246437807,0.31186486596359064,Weak/Mixed,evidence thresholds not met,1,1w,nq,old_legacy,0.2633089461740749,88,0.4323133360787181,251,453,-0.4657178360123149,0.02401890544172488,0.39159901883322223,0.12829007265914733,114,True,0.5595612865516626,0.5834932695735361,0.06733460646416924,0.018087963180384956,3,exploratory_release_aligned_hac,0.029745722316827178,66.66666666666666,-10.043638529440011
-1.405263666999504,0.4089466878546078,56.95364238410596,58.139534883720934,258,52.78969957081545,233,True,0.6326632651480597,0.47798165069922693,Weak/Mixed,evidence thresholds not met,1,1w,nq,new_structural,0.39786082063753664,45,0.17953027406254882,195,453,-0.08289559559521859,0.04056607038004347,0.5793989783811172,0.18153815774358056,213,True,0.3171151280301581,1.0004038077107285,0.2566338311889088,0.050377063290842676,3,exploratory_release_aligned_hac,0.005254703112136727,100.0,-8.315440882128167
-1.3866807592524846,0.4137975582148789,51.434878587196465,57.5107296137339,233,51.92307692307693,208,True,0.6674398645173492,0.42966428846261495,Weak/Mixed,evidence thresholds not met,1,1w,nq,new_structural_tactical,0.4133413114429607,40,0.21291812175709313,220,453,-0.07154070752349068,0.042945700226226145,0.5852253032216851,0.17188399177872438,193,True,0.287243111534848,1.0641889504985496,0.270448127914328,0.045960617783231995,3,exploratory_release_aligned_hac,0.021335018271468224,100.0,-8.315440882128167
-1.4440273946265054,-0.012456028452766901,43.75,48.57142857142857,35,40.0,25,True,0.14649294431593368,-1.4520311491657176,Weak/Mixed,evidence thresholds not met,1,1w,nq,new_release_decision,2.0919808021701014,4,0.6023709169997026,45,80,-0.5178656165720438,-0.1635999991811034,0.2558697488010827,-1.8361110533690188,31,True,0.11130855805230462,-1.5923389837948128,-1.041276813634168,-0.09488432186130745,3,exploratory_release_aligned_hac,0.10925429926887409,66.66666666666666,-4.931279721546211
-3.3607781569027995,0.6271470502165152,70.0,55.23809523809524,315,56.52173913043478,299,True,0.7073238380403029,0.3754526725649734,Weak/Mixed,evidence thresholds not met,4,4w,nq,old_tff,1.2902055252889983,109,1.7172397739738443,135,450,-0.5491253046994645,0.04978194781809322,1.641668558615064,0.35146303332606577,206,True,0.3955202176911676,0.8496490774163364,0.20738522657410902,0.07651698789334871,3,exploratory_release_aligned_hac,0.16281365768583733,66.66666666666666,-20.43288688797433
-3.7802079022473922,0.0774148474693437,44.22222222222222,53.266331658291456,199,53.2258064516129,186,True,0.9021350156124,-0.12296474481464713,Weak/Mixed,evidence thresholds not met,4,4w,nq,old_legacy,1.1650085408937918,86,1.9715397256475755,251,450,-1.2456579183172436,0.026354909442444792,1.0229760102943848,-0.14203253059940701,113,True,0.6250024047212235,0.48877301485172187,0.148505281506216,0.02910154184743094,3,exploratory_release_aligned_hac,0.03393498439205093,100.0,-15.54751579504854
-3.2822518432826624,1.244660420672843,56.888888888888886,58.59375,256,53.67965367965368,231,True,0.8029032802177044,0.24959149016140705,Weak/Mixed,evidence thresholds not met,4,4w,nq,new_structural,1.6711629802017247,45,1.2453905098312883,194,450,0.09587227552391142,0.04516784482221468,1.8665184919494098,0.19535551174768506,211,True,0.42114076418558133,0.8044437131922457,0.574502320247584,0.07503620176408388,3,exploratory_release_aligned_hac,0.03841309654774129,100.0,-27.050224552609315
-3.220240735733878,1.414581624620869,51.33333333333333,59.307359307359306,231,54.85436893203883,206,True,0.6003883224662632,0.5238421665949351,Weak/Mixed,evidence thresholds not met,4,4w,nq,new_structural_tactical,1.5734533904971335,40,1.1780770241574505,219,450,0.28749736711401175,0.04992214511674505,2.0403481199335394,0.46689472943640586,191,True,0.3756546651845762,0.8859310832689281,0.6308154223883967,0.08428048580707365,3,exploratory_release_aligned_hac,0.06574117880926263,100.0,-15.105173254895298
-2.5408041641523234,2.0296200992435365,42.30769230769231,63.63636363636363,33,39.130434782608695,23,True,0.45725860320323913,0.7433685110875172,Weak/Mixed,evidence thresholds not met,4,4w,nq,new_release_decision,1.5824674061673396,4,2.364350846640714,45,78,1.1403386417902235,-0.0036649917615777794,2.5278390655071052,0.9453716593397656,29,True,0.9764075795831259,-0.029573024059015993,-0.04025196366371211,0.04749847039888157,3,exploratory_release_aligned_hac,0.06884752754836009,33.33333333333333,-8.827454746267648
-6.491689443331559,1.7636804986837937,69.54545454545455,59.80392156862745,306,52.41379310344828,290,True,0.7837742872881869,0.2744038465720255,Weak/Mixed,evidence thresholds not met,13,13w,nq,old_tff,4.762517960503224,108,5.087479166805265,134,440,-0.5084108064822517,0.09568683282298691,5.323425112785803,0.5609071522825788,198,True,0.23055473282776492,1.198931112443273,0.6537725466005451,0.09758458752633269,3,exploratory_release_aligned_hac,0.06760321267197034,100.0,-31.436754940983857
-7.383015260183777,0.5379938643872889,43.40909090909091,53.403141361256544,191,54.49438202247191,178,True,0.9476380786411067,-0.06567311333237259,Weak/Mixed,evidence thresholds not met,13,13w,nq,old_legacy,4.868758506136432,83,5.3780786357478805,249,440,-2.046061476677033,0.06846053902661495,4.6931831861786675,-0.17557531995776454,108,True,0.28086745206307556,1.0783727291940417,0.6477305736547757,0.04572552541105625,3,exploratory_release_aligned_hac,0.09395210738757569,100.0,-31.436754940983857
-5.716210272035988,4.754185844734948,55.90909090909091,71.54471544715447,246,63.348416289592755,221,True,0.1967881685367962,1.2907563775012958,Tentative,positive but not fully supported,13,13w,nq,new_structural,3.884842919778772,45,3.767766700169876,194,440,2.7535122495223527,0.16070208778590772,6.688296762163392,2.80345384238462,201,True,0.028738095453870828,2.1870606677735256,3.4185658896046958,0.18492044822326748,3,exploratory_release_aligned_hac,0.07512435103446295,100.0,-27.321329484453816
-5.5554973941669,4.930816537387015,50.227272727272734,71.94570135746606,221,65.3061224489796,196,True,0.12347489164257551,1.5403506998293608,Tentative,positive but not fully supported,13,13w,nq,new_structural_tactical,3.7471094639019946,40,3.9298315458591437,219,440,2.9863924494286,0.15303845058161647,6.848590239329339,3.1014807754273446,181,True,0.02564453945819168,2.231552719837479,3.2378139802490695,0.18544981726874518,3,exploratory_release_aligned_hac,0.07224809699311742,100.0,-26.105046419259725
-4.795875736505274,4.239868534245376,42.64705882352941,68.96551724137932,29,57.89473684210527,19,True,0.37489514262787166,0.8873413629053641,Weak/Mixed,evidence thresholds not met,13,13w,nq,new_release_decision,4.285963136169002,4,5.205010313304877,39,68,2.5613120264685305,0.12854515692177915,5.604001601511677,1.318038465342675,25,True,0.3768747290734153,0.8836693525229663,2.6497675404451995,0.17747512549328273,3,exploratory_release_aligned_hac,0.0009891201673385094,100.0,-14.745390070890815
-9.778102922613618,3.785260238500041,70.2576112412178,59.0,300,59.154929577464785,284,True,0.6393904051610131,0.4685512848205032,Tentative,positive but not fully supported,26,26w,nq,old_tff,10.253973860316272,108,8.235115399594713,127,427,0.362924215585275,0.13019991277798404,11.682329419084219,1.4283555587679473,192,True,0.06326103763409092,1.857352373716078,1.2051371574277905,0.16695019324901045,3,exploratory_release_aligned_hac,0.19642794413608014,100.0,-55.34879416054012
-11.480313087584527,-0.4681649236072459,44.49648711943794,46.8421052631579,190,53.672316384180796,177,True,0.3634396745440848,-0.9088303669179228,Weak/Mixed,evidence thresholds not met,26,26w,nq,old_legacy,11.914564698472295,83,10.579872053442328,237,427,-4.4862745042618295,-0.015762453815867307,8.410818079325455,-3.50374661914684,107,True,0.8263196874337665,-0.2194241140050607,-0.20209498501900336,-0.04329304152371322,3,exploratory_release_aligned_hac,0.16583996881443044,33.33333333333333,-55.34879416054012
-8.470381054510305,6.4052410771381405,55.73770491803278,67.22689075630252,238,62.91079812206573,213,True,0.42016630825604045,-0.8061327526155025,Weak/Mixed,evidence thresholds not met,26,26w,nq,new_structural,13.503700321419895,45,8.764633205503642,189,427,3.4406077080595336,0.052716130760019145,11.047222232242346,-2.4564780891775495,193,True,0.5222227225509228,0.6399229041106511,1.529036930031788,0.08190821854484037,3,exploratory_release_aligned_hac,0.17594812618186192,66.66666666666666,-46.783142653539485
-8.091371768694598,6.743835531754107,49.88290398126464,68.54460093896714,213,64.36170212765957,188,True,0.5478293499247087,-0.6010159694324835,Weak/Mixed,evidence thresholds not met,26,26w,nq,new_structural_tactical,13.174492353388905,40,8.906073479402426,214,427,3.911855412710998,0.06639146253281403,11.349229262423009,-1.8252630909658958,173,True,0.3308614946183089,0.9723800871119299,1.911930989357313,0.11158829880554433,3,exploratory_release_aligned_hac,0.14650541794469094,66.66666666666666,-46.783142653539485
-8.172780788924397,8.135694599845708,36.666666666666664,72.72727272727273,22,50.0,12,False,,,Weak/Mixed,directional edge HAC not estimable,26,26w,nq,new_release_decision,15.82704552304418,4,12.827707216314353,38,60,5.275221323722169,0.0812725159099991,13.460747960487904,-2.3662975625562765,18,True,0.4746776536568949,0.7148889691650204,1.6233981131372186,0.1731978893979865,3,exploratory_release_aligned_hac,0.04528334128517262,66.66666666666666,-26.48986760078664
,,,,0,,0,False,,,Not estimable,continuous HAC not estimable; directional edge HAC not estimable; directional sample 0<20; subperiod stability not estimable; path utility not estimable,1,1w,russell2000,old_tff,,0,,0,0,,,,,0,False,,,,,0,exploratory_release_aligned_hac,,,
,,,,0,,0,False,,,Not estimable,continuous HAC not estimable; directional edge HAC not estimable; directional sample 0<20; subperiod stability not estimable; path utility not estimable,1,1w,russell2000,old_legacy,,0,,0,0,,,,,0,False,,,,,0,exploratory_release_aligned_hac,,,
-1.5523579673094556,-0.07177001399045378,82.96296296296296,51.78571428571429,112,53.333333333333336,90,True,0.35626189813611975,0.9225113781309039,Weak/Mixed,evidence thresholds not met,1,1w,russell2000,new_structural,0.3190326215161675,88,-0.0672505346919578,23,135,-0.6150953025487632,0.05576402941142903,0.8348595469371629,0.5158269254209954,24,True,0.4837325313399904,0.700311916605062,0.23242587645613788,0.04035152173935887,3,exploratory_release_aligned_hac,0.026826246971281113,33.33333333333333,-8.574608733422906
-1.5915099664487666,-0.10611469339807927,78.51851851851852,51.886792452830186,106,52.38095238095239,84,True,0.423552379349281,0.8002734548982523,Weak/Mixed,evidence thresholds not met,1,1w,russell2000,new_structural_tactical,0.38152178813034526,82,-0.16402338728208973,29,135,-0.6631431816551476,0.05150207546952624,0.8348595469371629,0.45333775880681765,24,True,0.5073566992400182,0.6629591777810947,0.2217300658433647,0.060243385210989285,3,exploratory_release_aligned_hac,0.01902000441898154,100.0,-8.574608733422906
-1.715410598388456,-0.0655253094477475,43.39622641509434,54.347826086956516,46,55.88235294117647,34,True,0.7835415062529557,0.2747068002505732,Weak/Mixed,evidence thresholds not met,1,1w,russell2000,new_release_decision,0.32002382831902176,32,0.56423424958932,60,106,-0.6659190188837071,0.033816292370717566,0.5161855908294513,0.1961617625104295,14,True,0.6874292157547603,0.40234625765986787,0.2062360776960701,0.02661418310044766,3,exploratory_release_aligned_hac,0.018671959581974772,66.66666666666666,-8.574608733422906
,,,,0,,0,False,,,Not estimable,continuous HAC not estimable; directional edge HAC not estimable; directional sample 0<20; subperiod stability not estimable; path utility not estimable,4,4w,russell2000,old_tff,,0,,0,0,,,,,0,False,,,,,0,exploratory_release_aligned_hac,,,
,,,,0,,0,False,,,Not estimable,continuous HAC not estimable; directional edge HAC not estimable; directional sample 0<20; subperiod stability not estimable; path utility not estimable,4,4w,russell2000,old_legacy,,0,,0,0,,,,,0,False,,,,,0,exploratory_release_aligned_hac,,,
-3.6367981668299607,-0.266654081996959,84.0909090909091,45.04504504504504,111,51.68539325842697,89,True,0.3179168246448829,0.9987479116746959,Weak/Mixed,evidence thresholds not met,4,4w,russell2000,new_structural,0.9455884552152676,88,3.1094949788132995,21,132,-1.5395334403874452,0.12475150882841723,2.3310078677078736,1.385419412492606,23,True,0.19147692461588872,1.3062224376241254,1.0191801436406642,0.13001882453489502,3,exploratory_release_aligned_hac,0.011858504700695658,100.0,-14.83057294383585
-3.752295137643968,-0.5299936069164796,79.54545454545455,43.80952380952381,105,50.602409638554214,83,True,0.45486972110500395,0.747321162589637,Weak/Mixed,evidence thresholds not met,4,4w,russell2000,new_structural_tactical,1.332469630286725,82,1.4536544048337552,27,132,-1.8432969050918682,0.10306936338152206,2.3310078677078736,0.9985382374211487,23,True,0.26799473825296866,1.1076922714600868,0.8700024058265884,0.12817161476021316,3,exploratory_release_aligned_hac,0.026490218876001056,66.66666666666666,-14.83057294383585
-4.125312224710737,-0.44378910866495463,42.857142857142854,37.77777777777778,45,57.57575757575758,33,True,0.9050685301446675,0.11926106345578112,Weak/Mixed,evidence thresholds not met,4,4w,russell2000,new_release_decision,1.194893437861157,32,1.7728836751266903,60,105,-1.8876483873137124,0.06627976469055266,1.4050830862795434,0.21018964841838628,13,True,0.5506372676478635,0.5968054667804071,0.7312200240515416,0.04821506657584026,3,exploratory_release_aligned_hac,0.11753202465553113,66.66666666666666,-12.835965227100532
,,,,0,,0,False,,,Not estimable,continuous HAC not estimable; directional edge HAC not estimable; directional sample 0<20; subperiod stability not estimable; path utility not estimable,13,13w,russell2000,old_tff,,0,,0,0,,,,,0,False,,,,,0,exploratory_release_aligned_hac,,,
,,,,0,,0,False,,,Not estimable,continuous HAC not estimable; directional edge HAC not estimable; directional sample 0<20; subperiod stability not estimable; path utility not estimable,13,13w,russell2000,old_legacy,,0,,0,0,,,,,0,False,,,,,0,exploratory_release_aligned_hac,,,
-7.359817293239534,-0.8866016816108763,87.70491803278688,45.794392523364486,107,57.647058823529406,85,True,0.09382133575920087,1.675575680130066,Weak/Mixed,evidence thresholds not met,13,13w,russell2000,new_structural,3.2033906400086134,84,8.864266024891357,15,122,-3.462537734244713,0.25678809535080355,7.574714514276514,4.371323874267901,23,True,0.06248264661980691,1.8628551622544538,3.3285843462428413,0.31683881180190643,3,exploratory_release_aligned_hac,0.16866360598965052,100.0,-24.06157624760912
-7.6168307689656105,-1.1078963287767658,82.78688524590164,44.554455445544555,101,55.69620253164557,79,True,0.10775876822462617,1.6083489835500633,Weak/Mixed,evidence thresholds not met,13,13w,russell2000,new_structural_tactical,3.668153372241194,78,5.520611480918133,21,122,-3.773787097914729,0.2481715424166311,7.574714514276514,3.90656114203532,23,True,0.06865790542317465,1.8206642779943987,3.321199144812569,0.3047936602820967,3,exploratory_release_aligned_hac,0.12244136852978708,100.0,-24.06157624760912
-8.268602732456841,-1.2220102589592523,42.57425742574257,48.837209302325576,43,54.83870967741935,31,True,0.3757716158872029,0.8857140860191263,Weak/Mixed,evidence thresholds not met,13,13w,russell2000,new_release_decision,4.7894630845588155,30,3.8881560849119308,58,101,-4.116021215319146,0.10190602256664644,7.010573184732048,2.2211101001732327,13,True,0.4325663875253839,0.7848075930838432,1.874718590023459,0.09451685916296038,3,exploratory_release_aligned_hac,0.11543805265869923,33.33333333333333,-23.884665276432223
,,,,0,,0,False,,,Not estimable,continuous HAC not estimable; directional edge HAC not estimable; directional sample 0<20; subperiod stability not estimable; path utility not estimable,26,26w,russell2000,old_tff,,0,,0,0,,,,,0,False,,,,,0,exploratory_release_aligned_hac,,,
,,,,0,,0,False,,,Not estimable,continuous HAC not estimable; directional edge HAC not estimable; directional sample 0<20; subperiod stability not estimable; path utility not estimable,26,26w,russell2000,old_legacy,,0,,0,0,,,,,0,False,,,,,0,exploratory_release_aligned_hac,,,
-11.315578827367068,-2.4348101732668486,89.90825688073394,45.91836734693878,98,56.57894736842105,76,True,0.14581651356488043,1.4544683087701074,Weak/Mixed,evidence thresholds not met,26,26w,russell2000,new_structural,7.176051285514142,75,11.650229668091667,11,109,-6.395262762845322,0.2905950462457998,13.025758671017805,5.849707385503662,23,True,0.12116140962826069,1.5499171214396747,4.627727426626177,0.37533560804526545,3,exploratory_release_aligned_hac,0.09325833627806458,100.0,-36.919122761258926
-11.560426715424386,-2.366621666069288,86.23853211009175,46.808510638297875,94,56.94444444444444,72,True,0.14201598712589672,1.4683249120098751,Weak/Mixed,evidence thresholds not met,26,26w,russell2000,new_structural_tactical,7.352885718928489,71,9.620099114576425,15,109,-6.412771016467823,0.3347960476571139,13.025758671017805,5.672872952089316,23,True,0.080923037033464,1.7453553253247631,5.505926743775142,0.4469189430615743,3,exploratory_release_aligned_hac,0.20917551735355816,100.0,-36.919122761258926
-12.016877179179541,-3.568991595603707,44.680851063829785,45.23809523809524,42,50.0,30,True,0.543498903978336,0.6075305059993923,Weak/Mixed,evidence thresholds not met,26,26w,russell2000,new_release_decision,10.60770526258394,29,6.851886101208066,52,94,-7.774898608316546,0.10347670335765831,12.132754276890655,1.525049014306715,13,True,0.11913896211333574,1.5583978663396028,2.587770861774594,0.14584666509100022,3,exploratory_release_aligned_hac,0.00164453999702451,0.0,-36.08698269869679
-1.2664127154327833,-0.03668069193406374,83.9907192575406,45.30386740331492,362,49.715909090909086,352,True,0.477400612300828,0.7104895445467838,Weak/Mixed,evidence thresholds not met,1,1w,sp500,old_tff,0.20156027013413894,266,0.34494607296264557,69,431,-0.4799251423355379,0.0268082280533097,0.4201731393286446,0.21861286919450565,96,True,0.5569632694374218,0.5873580383897815,0.04174545374075383,0.030427039557775416,3,exploratory_release_aligned_hac,0.029908132009158553,66.66666666666666,-14.106780278708154
-1.2381609549416908,-0.039046320464033,56.61252900232019,45.90163934426229,244,50.8695652173913,230,True,0.8783050686674743,-0.15311819356683543,Weak/Mixed,evidence thresholds not met,1,1w,sp500,old_legacy,0.20843433881731066,133,0.3841534777191059,187,431,-0.47240265469362475,0.009614254933296415,0.1639140979232277,-0.04452024089408296,111,True,0.8457213726281895,0.19458049665383803,0.018141139497591597,0.00878441304631859,3,exploratory_release_aligned_hac,0.0017885996670428137,33.33333333333333,-14.979601773502216
-1.2637350959178952,0.11713373845129461,78.88631090487239,55.88235294117647,340,51.257861635220124,318,True,0.9264524690993796,-0.09230908664285713,Weak/Mixed,evidence thresholds not met,1,1w,sp500,new_structural,0.22240279739751215,59,0.5679552868055692,91,431,-0.3251735451199687,-0.0006727512234711128,0.18842432782880209,-0.03397846956871006,281,True,0.9878149478718516,-0.015272291767623715,-0.002789672888176846,0.0012285066201121466,3,exploratory_release_aligned_hac,0.0035327505786020346,66.66666666666666,-16.54336438599502
-1.165523035557272,0.20644807139068544,75.87006960556845,56.88073394495413,327,52.28758169934641,306,True,0.7951654144416143,0.2596089726136808,Weak/Mixed,evidence thresholds not met,1,1w,sp500,new_structural_tactical,0.19464513141730927,57,0.2697583455704421,104,431,-0.2014849910543598,0.031022732047142777,0.29112330309459544,0.09647817167728617,270,True,0.4929777102998818,0.6855804545389355,0.13329932293431912,0.054356114804794776,3,exploratory_release_aligned_hac,0.020551141910434004,100.0,-16.54336438599502
-0.8338544646074068,0.2588557106553876,67.93893129770993,61.79775280898876,89,48.64864864864865,74,True,0.32415819095683396,-0.9859488961890871,Weak/Mixed,evidence thresholds not met,1,1w,sp500,new_release_decision,1.5768578442614312,4,0.29516290431586034,42,131,-0.032993351957204764,-0.027452655176364603,0.34524223088676737,-1.2316156133746639,85,True,0.772594961365769,-0.2889822492474179,-0.1486198775752452,0.07417270000705732,3,exploratory_release_aligned_hac,0.03203955202659906,66.66666666666666,-4.656123446446014
-2.9716485615598276,-0.1423094439240065,83.8785046728972,42.89693593314763,359,47.56446991404012,349,True,0.25205599745025725,1.1453698132787877,Weak/Mixed,evidence thresholds not met,4,4w,sp500,old_tff,0.8895990480183676,263,0.8266151757199902,69,428,-1.182386440469946,0.08081430518185567,1.9049527006261704,1.0153536526078026,96,True,0.2207173933969703,1.2246227467694617,0.24988215001149588,0.11558642060122985,3,exploratory_release_aligned_hac,0.07507466315029769,100.0,-24.71408985995176
-2.7080740479282013,0.4176818075111622,56.30841121495327,49.79253112033195,241,53.30396475770925,227,True,0.23089286752239982,1.1980620346182607,Weak/Mixed,evidence thresholds not met,4,4w,sp500,old_legacy,0.6865108981674508,130,1.0412957587160165,187,428,-0.5301441092637083,0.08817312848755929,1.7108804718194475,1.0243695736519967,111,True,0.22752070856359158,1.2067700621116662,0.33125832696022817,0.11089414100316582,3,exploratory_release_aligned_hac,0.015107334597047,100.0,-17.47017727644945
-2.653574437623869,1.127520560834443,79.2056074766355,64.30678466076697,339,62.14511041009464,317,True,0.15033334591254932,1.438355027823843,Tentative,positive but not fully supported,4,4w,sp500,new_structural,-0.0314711715410371,59,1.0714672374448153,89,428,0.19876950766608892,0.11114408608146033,1.358473825006982,1.3899449965480193,280,True,0.09168589217852678,1.6865708958722336,0.9161480393183531,0.09808656621432688,3,exploratory_release_aligned_hac,0.041441157083819735,66.66666666666666,-30.943899333383264
-2.3851074649500696,1.3333535299330799,76.16822429906543,65.6441717791411,326,63.278688524590166,305,True,0.06898164449892207,1.8185399628890242,Tentative,positive but not fully supported,4,4w,sp500,new_structural_tactical,-0.12324760345105891,57,0.5220924710672448,102,428,0.49856591720055554,0.1408395834623699,1.589770027366073,1.713017630817132,269,True,0.04074075370866047,2.0461587561890804,1.2027556766890064,0.1457878856092834,3,exploratory_release_aligned_hac,0.07248609483853775,100.0,-24.72673321289072
-1.7756076995161507,1.3417473717051212,67.6923076923077,72.72727272727273,88,54.794520547945204,73,True,0.6534957556509398,0.44891114544598254,Weak/Mixed,evidence thresholds not met,4,4w,sp500,new_release_decision,-0.38805721438862917,4,1.962281039011287,42,130,0.7202846768744684,0.08333526433033273,1.3871611887201922,1.7752184031088214,84,True,0.47401175181676336,0.715966957827513,0.886534357674556,0.10254131921978256,3,exploratory_release_aligned_hac,0.12038731251820896,100.0,-7.640129288468223
-5.927327992191253,-1.0853062162674618,83.49282296650718,42.693409742120345,349,48.37758112094395,339,True,0.48392106328147577,0.7000099937676262,Weak/Mixed,evidence thresholds not met,13,13w,sp500,old_tff,3.207581357930059,255,3.2212213649994346,69,418,-3.1598710135344,0.08756963419415051,4.671929540370435,1.464348182440376,94,True,0.35808830446976525,0.9190138949079442,0.41758263366533804,0.12334014585775169,3,exploratory_release_aligned_hac,0.14486442971027316,100.0,-40.23870676639536
-5.088511175104145,0.7466953667548546,55.50239234449761,53.44827586206896,232,55.96330275229357,218,True,0.3758426831460425,0.8855822439941857,Weak/Mixed,evidence thresholds not met,13,13w,sp500,old_legacy,2.0609553545825654,122,4.318561643261692,186,418,-1.034283544531596,0.1044121117655222,3.86063525769272,1.7996799031101545,110,True,0.3637038405518759,0.9083301068491189,0.6037405413840227,0.13054940199462733,3,exploratory_release_aligned_hac,0.07983402993027111,100.0,-24.69925523857612
-4.948975481257128,3.654245461732679,80.38277511961722,75.29761904761905,336,67.51592356687898,314,True,0.03020062566122013,2.1674491154254594,Supported,positive HAC score and edge; stable sign; positive path utility,13,13w,sp500,new_structural,-0.6159622864754449,59,3.953853316022797,82,418,1.9221040432926844,0.1992972123166021,4.301388809531151,4.917351096006596,277,True,0.04896299479153434,1.9689137632551028,2.517232667552482,0.15518788808835068,3,exploratory_release_aligned_hac,0.006717919161705751,100.0,-33.807867083214994
-4.504542630629927,3.7752566190268455,77.27272727272727,76.47058823529412,323,68.87417218543047,302,True,0.015241250941177347,2.426595201709353,Supported,positive HAC score and edge; stable sign; positive path utility,13,13w,sp500,new_structural_tactical,-0.7257821692424963,57,3.607265016841266,95,418,2.198666698306371,0.2197281056416922,4.428715429694921,5.154497598937417,266,True,0.02387072889552272,2.2592035052073536,2.8723999160536184,0.21744005577760261,3,exploratory_release_aligned_hac,0.011648685071394323,100.0,-32.106801154311825
-3.54957380252697,3.4957889331112493,67.71653543307087,75.5813953488372,86,42.25352112676056,71,True,0.006197589775346933,-2.7371400735760503,Contradictory,statistically adverse sign,13,13w,sp500,new_release_decision,7.00865644182484,4,5.96410838316757,41,127,2.25343810222681,-0.1385127242085406,4.0082009026203265,-3.0004555392045136,82,True,0.2805975941388492,-1.0789778675768298,-2.5913770969314784,-0.14006977671379106,3,exploratory_release_aligned_hac,0.2614799924177722,66.66666666666666,-18.331847296615106
-9.276513389511969,-2.361383062363201,82.96296296296296,38.98809523809524,336,48.15950920245399,326,True,0.5300791355312953,0.6278852174715014,Weak/Mixed,evidence thresholds not met,26,26w,sp500,old_tff,6.67542085234118,242,6.488425539545894,69,405,-5.60816274869239,0.059798593800283566,8.744969545877982,2.0695486935368024,94,True,0.642216024804771,0.46460266312307663,0.3719562356658254,0.0923779137146272,3,exploratory_release_aligned_hac,0.15189972598849938,100.0,-55.35636811689777
-7.742228473381372,1.0629917287016646,57.03703703703704,53.246753246753244,231,56.22119815668203,217,True,0.34690680297884885,0.9406060059029079,Weak/Mixed,evidence thresholds not met,26,26w,sp500,old_legacy,5.895226465466439,121,6.971175010544826,174,405,-1.6467882369818154,0.14222489621519702,8.71703174228658,2.8218052768201405,110,True,0.257586267158219,1.132114577069078,1.065497734426022,0.1370036183326892,3,exploratory_release_aligned_hac,0.2781588271539352,100.0,-29.39283009341076
-6.78443879710273,7.709935172465005,80.24691358024691,81.53846153846153,325,69.96699669966998,303,True,0.010499505570781532,2.558929420841171,Supported,positive HAC score and edge; stable sign; positive path utility,26,26w,sp500,new_structural,-1.9245044689919772,59,7.581786776221117,80,405,5.335381593479049,0.3381467962219278,8.993169802182706,10.917674271174683,266,True,0.016788107344831264,2.3913157637858315,5.540225173130589,0.24156595898631206,3,exploratory_release_aligned_hac,0.004566744926356727,66.66666666666666,-33.807867083214994
-6.38061798093913,7.6914641527358025,77.03703703703704,81.73076923076923,312,70.10309278350515,291,True,0.00854329789821759,2.629808495536003,Supported,positive HAC score and edge; stable sign; positive path utility,26,26w,sp500,new_structural_tactical,-2.1825362594690274,57,7.895189932620019,93,405,5.458247859407107,0.3128190947423273,8.922871564171905,11.105407823640931,255,True,0.03279289267818366,2.1346098441000527,5.3369058196885,0.25090647871417715,3,exploratory_release_aligned_hac,0.09432229792742432,66.66666666666666,-32.106801154311825
-5.114906199148806,8.143733387798019,68.10344827586206,88.60759493670885,79,21.875,64,True,0.0021494541517676474,-3.0687652555430525,Contradictory,statistically adverse sign,26,26w,sp500,new_release_decision,13.781329886750266,4,11.730169457948715,37,116,6.353516218095937,-0.15163897013288286,9.313070095773929,-4.468259790976337,75,True,0.10120379120278862,-1.6390454657203004,-2.9581207720587863,-0.14078630018352056,3,exploratory_release_aligned_hac,0.05721810838514848,66.66666666666666,-18.331847296615106
