observation_date,BANKASSETS
1973-01-03,613674.0
1973-01-10,596582.0
1973-01-17,597567.0
1973-01-24,589744.0
1973-01-31,596423.7
1973-02-07,589632.3
1973-02-14,598071.5
1973-02-21,602888.9
1973-02-28,605090.1
1973-03-07,601055.2
1973-03-14,603565.0
1973-03-21,600713.1
1973-03-28,602827.0
1973-04-04,611844.1
1973-04-11,609507.5
1973-04-18,613512.3
1973-04-25,610235.2
1973-05-02,618557.7
1973-05-09,609657.7
1973-05-16,618280.3
1973-05-23,609571.7
1973-05-30,618206.1
1973-06-06,618470.2
1973-06-13,620468.8
1973-06-20,624796.9
1973-06-27,621117.4
1973-07-04,639576.2
1973-07-11,628180.0
1973-07-18,628755.4
1973-07-25,625491.5
1973-08-01,637246.2
1973-08-08,628064.6
1973-08-15,637728.0
1973-08-22,625711.5
1973-08-29,624474.1
1973-09-05,640101.4
1973-09-12,639864.6
1973-09-19,636704.7
1973-09-26,635606.5
1973-10-03,643413.7
1973-10-10,648481.2
1973-10-17,643595.4
1973-10-24,647997.7
1973-10-31,652199.2
1973-11-07,656291.6
1973-11-14,651327.5
1973-11-21,643698.7
1973-11-28,644506.2
1973-12-05,651724.4
1973-12-12,658250.6
1973-12-19,663031.0
1973-12-26,660037.2
1974-01-02,689364.8
1974-01-09,666947.1
1974-01-16,669576.6
1974-01-23,656946.7
1974-01-30,658589.0
1974-02-06,659881.9
1974-02-13,666921.3
1974-02-20,667898.6
1974-02-27,658737.8
1974-03-06,665663.1
1974-03-13,663649.6
1974-03-20,666684.7
1974-03-27,667566.8
1974-04-03,680319.7
1974-04-10,682519.3
1974-04-17,691316.9
1974-04-24,676306.4
1974-05-01,691107.4
1974-05-08,681700.0
1974-05-15,691668.7
1974-05-22,681979.1
1974-05-29,690021.2
1974-06-05,691401.1
1974-06-12,691401.4
1974-06-19,696698.2
1974-06-26,695973.6
1974-07-03,708656.9
1974-07-10,699345.2
1974-07-17,699827.5
1974-07-24,692803.4
1974-07-31,703217.4
1974-08-07,697084.5
1974-08-14,697665.8
1974-08-21,693021.5
1974-08-28,694969.9
1974-09-04,712402.6
1974-09-11,705053.4
1974-09-18,703135.4
1974-09-25,699522.3
1974-10-02,709554.0
1974-10-09,703090.2
1974-10-16,723937.9
1974-10-23,704445.4
1974-10-30,707422.8
1974-11-06,718955.3
1974-11-13,717998.4
1974-11-20,708864.0
1974-11-27,718041.2
1974-12-04,721078.6
1974-12-11,721454.2
1974-12-18,729308.0
1974-12-25,730155.5
1975-01-01,753549.9
1975-01-08,728515.2
1975-01-15,727211.0
1975-01-22,712456.0
1975-01-29,706248.4
1975-02-05,717117.5
1975-02-12,711650.5
1975-02-19,720181.6
1975-02-26,708656.8
1975-03-05,724718.5
1975-03-12,722347.0
1975-03-19,719801.3
1975-03-26,718116.5
1975-04-02,731235.9
1975-04-09,730782.8
1975-04-16,738677.9
1975-04-23,725105.3
1975-04-30,733315.4
1975-05-07,726309.7
1975-05-14,729740.2
1975-05-21,725399.0
1975-05-28,733704.4
1975-06-04,741471.7
1975-06-11,741563.9
1975-06-18,746415.4
1975-06-25,735680.0
1975-07-02,749578.9
1975-07-09,744800.1
1975-07-16,744102.7
1975-07-23,733021.6
1975-07-30,733664.5
1975-08-06,739519.2
1975-08-13,735090.4
1975-08-20,733520.3
1975-08-27,732551.0
1975-09-03,750409.1
1975-09-10,742693.0
1975-09-17,744550.3
1975-09-24,733111.0
1975-10-01,751802.0
1975-10-08,747506.7
1975-10-15,764609.1
1975-10-22,744544.5
1975-10-29,742565.7
1975-11-05,760722.0
1975-11-12,765546.7
1975-11-19,745626.3
1975-11-26,756853.2
1975-12-03,759345.2
1975-12-10,756943.1
1975-12-17,766538.9
1975-12-24,763144.8
1975-12-31,789040.2
1976-01-07,772548.2
1976-01-14,765574.1
1976-01-21,758456.0
1976-01-28,749530.1
1976-02-04,762219.2
1976-02-11,756359.2
1976-02-18,773991.8
1976-02-25,749733.8
1976-03-03,764720.8
1976-03-10,763288.4
1976-03-17,767959.0
1976-03-24,759825.4
1976-03-31,775838.7
1976-04-07,774796.9
1976-04-14,779050.0
1976-04-21,772742.6
1976-04-28,763931.7
1976-05-05,773641.4
1976-05-12,768307.8
1976-05-19,765467.7
1976-05-26,765223.5
1976-06-02,785691.5
1976-06-09,772821.8
1976-06-16,792960.0
1976-06-23,778260.2
1976-06-30,799055.3
1976-07-07,800491.5
1976-07-14,788845.8
1976-07-21,784221.2
1976-07-28,775645.3
1976-08-04,787419.8
1976-08-11,779896.6
1976-08-18,779169.8
1976-08-25,773629.6
1976-09-01,786661.5
1976-09-08,792522.4
1976-09-15,800250.6
1976-09-22,783524.8
1976-09-29,788683.7
1976-10-06,801893.8
1976-10-13,806443.7
1976-10-20,796910.1
1976-10-27,791671.4
1976-11-03,810865.3
1976-11-10,797611.6
1976-11-17,802360.3
1976-11-24,802807.9
1976-12-01,818974.1
1976-12-08,809354.6
1976-12-15,834677.1
1976-12-22,829026.8
1976-12-29,827289.6
1977-01-05,840364.0
1977-01-12,827742.9
1977-01-19,821924.4
1977-01-26,808836.4
1977-02-02,818116.0
1977-02-09,808117.3
1977-02-16,815487.7
1977-02-23,818426.1
1977-03-02,824847.3
1977-03-09,817607.1
1977-03-16,836146.1
1977-03-23,821456.9
1977-03-30,829881.4
1977-04-06,845386.2
1977-04-13,844657.5
1977-04-20,842596.6
1977-04-27,833939.7
1977-05-04,843064.8
1977-05-11,833239.4
1977-05-18,841175.6
1977-05-25,834165.4
1977-06-01,862613.1
1977-06-08,847576.7
1977-06-15,872955.8
1977-06-22,849283.4
1977-06-29,852469.0
1977-07-06,878532.2
1977-07-13,862541.0
1977-07-20,863882.2
1977-07-27,856072.7
1977-08-03,868076.6
1977-08-10,857668.8
1977-08-17,861387.2
1977-08-24,851250.8
1977-08-31,870682.2
1977-09-07,876869.0
1977-09-14,875957.2
1977-09-21,867215.1
1977-09-28,868412.6
1977-10-05,889848.6
1977-10-12,891403.9
1977-10-19,878679.0
1977-10-26,871725.0
1977-11-02,884070.7
1977-11-09,892984.7
1977-11-16,897508.0
1977-11-23,883087.0
1977-11-30,895913.8
1977-12-07,893062.7
1977-12-14,905484.5
1977-12-21,913685.9
1977-12-28,920739.1
1978-01-04,935324.3
1978-01-11,909456.6
1978-01-18,909137.0
1978-01-25,893227.5
1978-02-01,906207.0
1978-02-08,902007.6
1978-02-15,909950.0
1978-02-22,911935.1
1978-03-01,918965.0
1978-03-08,907560.5
1978-03-15,928315.3
1978-03-22,914451.1
1978-03-29,915228.9
1978-04-05,944958.6
1978-04-12,935338.5
1978-04-19,941265.1
1978-04-26,929482.3
1978-05-03,938862.2
1978-05-10,930458.1
1978-05-17,934473.0
1978-05-24,926145.5
1978-05-31,965738.6
1978-06-07,946889.1
1978-06-14,954997.0
1978-06-21,953654.9
1978-06-28,949654.5
1978-07-05,987745.8
1978-07-12,961228.7
1978-07-19,957432.5
1978-07-26,947668.3
1978-08-02,959920.8
1978-08-09,950598.5
1978-08-16,962520.5
1978-08-23,947219.0
1978-08-30,953396.3
1978-09-06,982102.8
1978-09-13,972632.1
1978-09-20,974063.7
1978-09-27,969684.8
1978-10-04,987183.9
1978-10-11,985704.4
1978-10-18,977020.5
1978-10-25,971506.1
1978-11-01,987418.9
1978-11-08,995327.5
1978-11-15,996788.6
1978-11-22,985012.6
1978-11-29,979429.5
1978-12-06,994721.0
1978-12-13,997202.8
1978-12-20,1008633.4
1978-12-27,1016331.1
1979-01-03,999874.6
1979-01-10,1001214.3
1979-01-17,999916.0
1979-01-24,999737.9
1979-01-31,1000325.6
1979-02-07,995695.0
1979-02-14,991422.3
1979-02-21,1003678.9
1979-02-28,1007972.3
1979-03-07,992777.7
1979-03-14,1000548.0
1979-03-21,1000713.0
1979-03-28,1003960.3
1979-04-04,1008502.4
1979-04-11,1010918.7
1979-04-18,1005587.7
1979-04-25,1010794.7
1979-05-02,1008812.5
1979-05-09,1005212.1
1979-05-16,1012279.2
1979-05-23,1006821.0
1979-05-30,1010529.7
1979-06-06,1004998.0
1979-06-13,1016693.1
1979-06-20,1022856.7
1979-06-27,1026688.3
1979-07-04,1030894.2
1979-07-11,1035283.9
1979-07-18,1027168.8
1979-07-25,1040383.0
1979-08-01,1035463.5
1979-08-08,1025297.5
1979-08-15,1032086.5
1979-08-22,1030487.7
1979-08-29,1029978.6
1979-09-05,1050486.9
1979-09-12,1048859.4
1979-09-19,1062500.1
1979-09-26,1056369.3
1979-10-03,1066420.5
1979-10-10,1071690.4
1979-10-17,1056040.3
1979-10-24,1065100.5
1979-10-31,1065914.8
1979-11-07,1061869.5
1979-11-14,1077932.3
1979-11-21,1074935.2
1979-11-28,1063131.7
1979-12-05,1075507.4
1979-12-12,1078095.0
1979-12-19,1070169.6
1979-12-26,1065901.9
1980-01-02,1075258.9
1980-01-09,1074929.5
1980-01-16,1079702.8
1980-01-23,1081405.0
1980-01-30,1071566.7
1980-02-06,1085991.2
1980-02-13,1087407.1
1980-02-20,1091140.7
1980-02-27,1080465.0
1980-03-05,1091706.1
1980-03-12,1093316.8
1980-03-19,1097570.7
1980-03-26,1090830.5
1980-04-02,1095273.3
1980-04-09,1097418.3
1980-04-16,1093858.0
1980-04-23,1099293.9
1980-04-30,1106138.4
1980-05-07,1097228.1
1980-05-14,1101586.1
1980-05-21,1100934.8
1980-05-28,1102567.4
1980-06-04,1098926.9
1980-06-11,1105638.5
1980-06-18,1103404.4
1980-06-25,1108141.2
1980-07-02,1105168.5
1980-07-09,1113161.2
1980-07-16,1118647.9
1980-07-23,1119176.4
1980-07-30,1105641.0
1980-08-06,1114650.7
1980-08-13,1113673.9
1980-08-20,1126005.3
1980-08-27,1122546.8
1980-09-03,1136519.2
1980-09-10,1128132.2
1980-09-17,1138969.0
1980-09-24,1137621.0
1980-10-01,1146304.2
1980-10-08,1140258.0
1980-10-15,1164617.8
1980-10-22,1154313.4
1980-10-29,1150832.7
1980-11-05,1173130.2
1980-11-12,1189211.0
1980-11-19,1167539.6
1980-11-26,1184813.0
1980-12-03,1177349.2
1980-12-10,1181616.0
1980-12-17,1175248.4
1980-12-24,1192233.4
1980-12-31,1194571.2
1981-01-07,1192230.6
1981-01-14,1195737.2
1981-01-21,1192810.2
1981-01-28,1193878.6
1981-02-04,1200490.3
1981-02-11,1200649.7
1981-02-18,1205728.6
1981-02-25,1198392.3
1981-03-04,1208513.6
1981-03-11,1210948.2
1981-03-18,1211347.7
1981-03-25,1211012.5
1981-04-01,1223711.0
1981-04-08,1214356.7
1981-04-15,1234180.5
1981-04-22,1226532.8
1981-04-29,1221524.9
1981-05-06,1227570.5
1981-05-13,1231993.1
1981-05-20,1231811.4
1981-05-27,1245851.5
1981-06-03,1234572.3
1981-06-10,1252268.0
1981-06-17,1244507.2
1981-06-24,1256435.6
1981-07-01,1251731.8
1981-07-08,1242978.2
1981-07-15,1261448.8
1981-07-22,1249405.5
1981-07-29,1233057.5
1981-08-05,1264559.0
1981-08-12,1260339.9
1981-08-19,1257895.3
1981-08-26,1264998.6
1981-09-02,1254370.2
1981-09-09,1266345.4
1981-09-16,1276605.0
1981-09-23,1268135.0
1981-09-30,1289714.7
1981-10-07,1223798.2
1981-10-14,1233680.7
1981-10-21,1226505.7
1981-10-28,1229825.3
1981-11-04,1237355.6
1981-11-11,1235542.2
1981-11-18,1237770.4
1981-11-25,1253961.7
1981-12-02,1251488.2
1981-12-09,1244525.9
1981-12-16,1247897.5
1981-12-23,1259235.4
1981-12-30,1239541.0
1982-01-06,1253556.9
1982-01-13,1253595.4
1982-01-20,1255090.6
1982-01-27,1258901.9
1982-02-03,1260754.9
1982-02-10,1254554.6
1982-02-17,1265471.7
1982-02-24,1255740.2
1982-03-03,1267517.0
1982-03-10,1263727.8
1982-03-17,1266752.7
1982-03-24,1271915.0
1982-03-31,1278866.0
1982-04-07,1280047.4
1982-04-14,1277853.4
1982-04-21,1276222.8
1982-04-28,1273806.7
1982-05-05,1284261.0
1982-05-12,1287999.7
1982-05-19,1285462.4
1982-05-26,1290558.8
1982-06-02,1301277.1
1982-06-09,1292927.1
1982-06-16,1290546.0
1982-06-23,1293430.7
1982-06-30,1302851.7
1982-07-07,1306743.5
1982-07-14,1302374.7
1982-07-21,1304968.9
1982-07-28,1313694.4
1982-08-04,1317907.2
1982-08-11,1315479.1
1982-08-18,1312720.9
1982-08-25,1327581.1
1982-09-01,1336300.3
1982-09-08,1332660.1
1982-09-15,1343213.3
1982-09-22,1333130.8
1982-09-29,1321893.0
1982-10-06,1334802.5
1982-10-13,1343914.1
1982-10-20,1342739.3
1982-10-27,1349829.0
1982-11-03,1359745.1
1982-11-10,1338785.3
1982-11-17,1341447.6
1982-11-24,1357114.8
1982-12-01,1358821.4
1982-12-08,1357981.1
1982-12-15,1370869.0
1982-12-22,1372887.4
1982-12-29,1359276.0
1983-01-05,1372457.3
1983-01-12,1382524.0
1983-01-19,1376645.7
1983-01-26,1392249.1
1983-02-02,1392728.5
1983-02-09,1389711.9
1983-02-16,1380998.4
1983-02-23,1404256.4
1983-03-02,1414465.3
1983-03-09,1397492.6
1983-03-16,1408588.6
1983-03-23,1407809.2
1983-03-30,1406866.3
1983-04-06,1412808.1
1983-04-13,1409970.5
1983-04-20,1412199.9
1983-04-27,1414571.5
1983-05-04,1419460.2
1983-05-11,1424685.5
1983-05-18,1418132.4
1983-05-25,1421156.7
1983-06-01,1439707.5
1983-06-08,1424942.5
1983-06-15,1437717.8
1983-06-22,1430797.5
1983-06-29,1424153.1
1983-07-06,1444385.5
1983-07-13,1435197.1
1983-07-20,1435047.3
1983-07-27,1447358.8
1983-08-03,1440710.2
1983-08-10,1440520.8
1983-08-17,1437655.8
1983-08-24,1446434.0
1983-08-31,1442429.9
1983-09-07,1449208.8
1983-09-14,1447225.7
1983-09-21,1453366.0
1983-09-28,1442335.9
1983-10-05,1460671.2
1983-10-12,1468184.2
1983-10-19,1452097.3
1983-10-26,1469896.0
1983-11-02,1459797.7
1983-11-09,1464204.8
1983-11-16,1471023.3
1983-11-23,1477402.7
1983-11-30,1474101.6
1983-12-07,1476682.7
1983-12-14,1475774.1
1983-12-21,1478012.8
1983-12-28,1478525.1
1984-01-04,1496608.2
1984-01-11,1495433.3
1984-01-18,1476125.7
1984-01-25,1488933.5
1984-02-01,1492401.7
1984-02-08,1485330.1
1984-02-15,1491113.4
1984-02-22,1491207.8
1984-02-29,1500540.9
1984-03-07,1495431.1
1984-03-14,1509289.3
1984-03-21,1503768.1
1984-03-28,1506613.9
1984-04-04,1516247.2
1984-04-11,1518013.3
1984-04-18,1511686.2
1984-04-25,1522819.1
1984-05-02,1522070.0
1984-05-09,1530686.8
1984-05-16,1541983.6
1984-05-23,1543647.7
1984-05-30,1531308.9
1984-06-06,1546581.1
1984-06-13,1540526.2
1984-06-20,1550294.8
1984-06-27,1545252.0
1984-07-04,1561648.6
1984-07-11,1558233.1
1984-07-18,1553056.0
1984-07-25,1566466.6
1984-08-01,1564252.1
1984-08-08,1561849.1
1984-08-15,1572221.4
1984-08-22,1562414.0
1984-08-29,1550771.4
1984-09-05,1572234.0
1984-09-12,1569203.8
1984-09-19,1573115.8
1984-09-26,1572122.5
1984-10-03,1577495.6
1984-10-10,1589925.3
1984-10-17,1563042.9
1984-10-24,1590123.5
1984-10-31,1583907.4
1984-11-07,1589688.8
1984-11-14,1598242.3
1984-11-21,1596770.2
1984-11-28,1580837.2
1984-12-05,1608140.2
1984-12-12,1609580.3
1984-12-19,1607396.5
1984-12-26,1619106.8
1985-01-02,1618430.5
1985-01-09,1610091.3
1985-01-16,1618477.8
1985-01-23,1622539.3
1985-01-30,1614679.4
1985-02-06,1624500.8
1985-02-13,1628623.6
1985-02-20,1635910.0
1985-02-27,1637603.1
1985-03-06,1636344.6
1985-03-13,1639726.0
1985-03-20,1650503.9
1985-03-27,1645827.0
1985-04-03,1660519.7
1985-04-10,1662172.1
1985-04-17,1652914.4
1985-04-24,1663203.9
1985-05-01,1676526.6
1985-05-08,1669617.6
1985-05-15,1687816.1
1985-05-22,1673724.7
1985-05-29,1671105.1
1985-06-05,1679332.7
1985-06-12,1688974.8
1985-06-19,1687534.7
1985-06-26,1692918.0
1985-07-03,1688003.5
1985-07-10,1692096.4
1985-07-17,1687664.8
1985-07-24,1704011.6
1985-07-31,1700425.9
1985-08-07,1704272.0
1985-08-14,1701324.3
1985-08-21,1709025.7
1985-08-28,1705922.1
1985-09-04,1727310.4
1985-09-11,1711646.3
1985-09-18,1723197.4
1985-09-25,1718834.6
1985-10-02,1735647.8
1985-10-09,1720706.2
1985-10-16,1739315.4
1985-10-23,1733919.5
1985-10-30,1730383.1
1985-11-06,1732221.7
1985-11-13,1743910.7
1985-11-20,1737668.5
1985-11-27,1755938.6
1985-12-04,1755214.3
1985-12-11,1761616.0
1985-12-18,1754162.3
1985-12-25,1765761.4
1986-01-01,1768741.9
1986-01-08,1763314.0
1986-01-15,1765856.2
1986-01-22,1768058.2
1986-01-29,1752890.0
1986-02-05,1772139.5
1986-02-12,1761141.7
1986-02-19,1776450.3
1986-02-26,1763417.6
1986-03-05,1780950.2
1986-03-12,1778095.8
1986-03-19,1779409.4
1986-03-26,1788887.8
1986-04-02,1791255.0
1986-04-09,1789295.8
1986-04-16,1791534.8
1986-04-23,1798516.9
1986-04-30,1805821.3
1986-05-07,1798169.0
1986-05-14,1804768.7
1986-05-21,1801597.5
1986-05-28,1814829.6
1986-06-04,1806882.2
1986-06-11,1814197.4
1986-06-18,1806953.2
1986-06-25,1827096.5
1986-07-02,1826898.8
1986-07-09,1832093.8
1986-07-16,1839763.9
1986-07-23,1838732.7
1986-07-30,1833015.1
1986-08-06,1844189.4
1986-08-13,1843069.9
1986-08-20,1855818.9
1986-08-27,1865384.4
1986-09-03,1869387.3
1986-09-10,1852293.5
1986-09-17,1866514.9
1986-09-24,1863276.8
1986-10-01,1885470.0
1986-10-08,1863111.1
1986-10-15,1890174.1
1986-10-22,1869407.1
1986-10-29,1867303.9
1986-11-05,1880735.7
1986-11-12,1902676.6
1986-11-19,1876377.9
1986-11-26,1908289.3
1986-12-03,1900334.3
1986-12-10,1912208.9
1986-12-17,1906393.9
1986-12-24,1937931.0
1986-12-31,1951547.6
1987-01-07,1924951.1
1987-01-14,1908295.0
1987-01-21,1921133.3
1987-01-28,1923669.8
1987-02-04,1919988.3
1987-02-11,1913172.8
1987-02-18,1924808.1
1987-02-25,1918730.9
1987-03-04,1930206.0
1987-03-11,1930189.3
1987-03-18,1928415.4
1987-03-25,1935419.3
1987-04-01,1953989.9
1987-04-08,1932329.8
1987-04-15,1969459.1
1987-04-22,1945768.8
1987-04-29,1937769.1
1987-05-06,1939225.6
1987-05-13,1941827.0
1987-05-20,1953564.3
1987-05-27,1965054.9
1987-06-03,1940781.4
1987-06-10,1954975.2
1987-06-17,1942750.6
1987-06-24,1965916.6
1987-07-01,1969797.9
1987-07-08,1943912.1
1987-07-15,1971122.2
1987-07-22,1954239.8
1987-07-29,1948591.5
1987-08-05,1964249.8
1987-08-12,1964806.6
1987-08-19,1959774.3
1987-08-26,1966855.1
1987-09-02,1952039.5
1987-09-09,1963297.1
1987-09-16,1971306.0
1987-09-23,1965645.4
1987-09-30,1975344.0
1987-10-07,1961967.0
1987-10-14,1977106.0
1987-10-21,1983173.9
1987-10-28,1996819.1
1987-11-04,1992192.5
1987-11-11,1985131.6
1987-11-18,1977614.9
1987-11-25,1988941.8
1987-12-02,1979223.8
1987-12-09,1985222.4
1987-12-16,1993609.7
1987-12-23,1998334.5
1987-12-30,1965359.2
1988-01-06,1996511.8
1988-01-13,1994375.2
1988-01-20,2006443.7
1988-01-27,2002158.4
1988-02-03,2004455.7
1988-02-10,2006676.7
1988-02-17,2017868.5
1988-02-24,1995072.9
1988-03-02,2011449.2
1988-03-09,2006222.9
1988-03-16,2025111.2
1988-03-23,2025292.8
1988-03-30,2008272.0
1988-04-06,2024779.4
1988-04-13,2015743.4
1988-04-20,2029194.9
1988-04-27,2034052.3
1988-05-04,2043685.1
1988-05-11,2045357.1
1988-05-18,2040333.7
1988-05-25,2042938.4
1988-06-01,2068287.3
1988-06-08,2050654.0
1988-06-15,2080458.0
1988-06-22,2064153.9
1988-06-29,2042169.4
1988-07-06,2076939.7
1988-07-13,2061512.4
1988-07-20,2069675.4
1988-07-27,2077097.1
1988-08-03,2073937.6
1988-08-10,2075378.9
1988-08-17,2071613.2
1988-08-24,2083678.9
1988-08-31,2070563.0
1988-09-07,2082559.9
1988-09-14,2081887.1
1988-09-21,2083846.7
1988-09-28,2070294.8
1988-10-05,2092168.5
1988-10-12,2097437.8
1988-10-19,2085412.8
1988-10-26,2099378.4
1988-11-02,2103335.3
1988-11-09,2091577.7
1988-11-16,2111487.6
1988-11-23,2113441.0
1988-11-30,2110929.8
1988-12-07,2117933.6
1988-12-14,2117312.7
1988-12-21,2112487.6
1988-12-28,2108545.2
1989-01-04,2130285.2
1989-01-11,2127981.7
1989-01-18,2121641.1
1989-01-25,2123165.2
1989-02-01,2139452.2
1989-02-08,2123091.3
1989-02-15,2132385.9
1989-02-22,2131919.2
1989-03-01,2165017.6
1989-03-08,2131333.6
1989-03-15,2167559.4
1989-03-22,2144624.4
1989-03-29,2137740.0
1989-04-05,2157745.3
1989-04-12,2149729.8
1989-04-19,2149632.4
1989-04-26,2161139.0
1989-05-03,2152383.0
1989-05-10,2154624.1
1989-05-17,2153675.0
1989-05-24,2158978.2
1989-05-31,2163808.1
1989-06-07,2158463.5
1989-06-14,2151678.0
1989-06-21,2161137.5
1989-06-28,2151879.1
1989-07-05,2184776.0
1989-07-12,2177823.4
1989-07-19,2173827.8
1989-07-26,2186565.3
1989-08-02,2185808.6
1989-08-09,2185844.0
1989-08-16,2188952.9
1989-08-23,2190963.4
1989-08-30,2176805.6
1989-09-06,2199805.7
1989-09-13,2189738.6
1989-09-20,2203966.6
1989-09-27,2199211.3
1989-10-04,2211225.3
1989-10-11,2215666.4
1989-10-18,2214526.5
1989-10-25,2229317.6
1989-11-01,2244934.9
1989-11-08,2221422.5
1989-11-15,2242565.3
1989-11-22,2237260.9
1989-11-29,2213883.1
1989-12-06,2234653.1
1989-12-13,2233866.8
1989-12-20,2246226.2
1989-12-27,2243828.7
1990-01-03,2252871.9
1990-01-10,2256581.4
1990-01-17,2265063.3
1990-01-24,2247553.8
1990-01-31,2254829.0
1990-02-07,2254774.6
1990-02-14,2248275.4
1990-02-21,2264636.4
1990-02-28,2265818.1
1990-03-07,2255227.0
1990-03-14,2265738.1
1990-03-21,2261699.2
1990-03-28,2268961.8
1990-04-04,2274184.9
1990-04-11,2275990.9
1990-04-18,2266105.7
1990-04-25,2278922.1
1990-05-02,2274614.2
1990-05-09,2275058.6
1990-05-16,2283452.9
1990-05-23,2288904.6
1990-05-30,2275667.9
1990-06-06,2288008.7
1990-06-13,2287174.8
1990-06-20,2297826.9
1990-06-27,2304461.2
1990-07-04,2312809.7
1990-07-11,2306224.7
1990-07-18,2306554.4
1990-07-25,2317692.5
1990-08-01,2326511.1
1990-08-08,2309589.4
1990-08-15,2338484.9
1990-08-22,2318550.2
1990-08-29,2303097.5
1990-09-05,2329387.7
1990-09-12,2309845.8
1990-09-19,2319734.6
1990-09-26,2323030.1
1990-10-03,2326363.7
1990-10-10,2331401.2
1990-10-17,2306419.9
1990-10-24,2325549.0
1990-10-31,2324023.3
1990-11-07,2314900.6
1990-11-14,2333857.7
1990-11-21,2329857.1
1990-11-28,2310009.5
1990-12-05,2333625.8
1990-12-12,2334305.6
1990-12-19,2330026.0
1990-12-26,2343253.3
1991-01-02,2357314.1
1991-01-09,2349123.9
1991-01-16,2337801.6
1991-01-23,2371239.8
1991-01-30,2353049.8
1991-02-06,2373779.6
1991-02-13,2371250.9
1991-02-20,2388008.9
1991-02-27,2378979.0
1991-03-06,2384568.7
1991-03-13,2396818.8
1991-03-20,2394896.8
1991-03-27,2411480.7
1991-04-03,2395992.5
1991-04-10,2405173.7
1991-04-17,2397551.8
1991-04-24,2409705.2
1991-05-01,2430961.5
1991-05-08,2409712.5
1991-05-15,2436712.8
1991-05-22,2420248.7
1991-05-29,2410125.0
1991-06-05,2422749.0
1991-06-12,2431012.2
1991-06-19,2419560.0
1991-06-26,2445705.3
1991-07-03,2421982.8
1991-07-10,2430114.1
1991-07-17,2428428.4
1991-07-24,2446979.4
1991-07-31,2446375.2
1991-08-07,2446231.3
1991-08-14,2444939.4
1991-08-21,2454521.3
1991-08-28,2452131.5
1991-09-04,2462904.1
1991-09-11,2435312.4
1991-09-18,2451958.9
1991-09-25,2462492.0
1991-10-02,2464357.1
1991-10-09,2437436.9
1991-10-16,2465230.3
1991-10-23,2458151.2
1991-10-30,2448672.9
1991-11-06,2454296.2
1991-11-13,2474246.0
1991-11-20,2460128.7
1991-11-27,2484128.1
1991-12-04,2467177.3
1991-12-11,2473629.8
1991-12-18,2453438.0
1991-12-25,2483269.8
1992-01-01,2452043.8
1992-01-08,2466916.7
1992-01-15,2482457.2
1992-01-22,2484998.0
1992-01-29,2479478.4
1992-02-05,2492737.6
1992-02-12,2484725.2
1992-02-19,2484740.7
1992-02-26,2476707.4
1992-03-04,2495456.8
1992-03-11,2496434.6
1992-03-18,2485127.5
1992-03-25,2503134.8
1992-04-01,2516252.1
1992-04-08,2483478.1
1992-04-15,2522090.1
1992-04-22,2485437.2
1992-04-29,2468440.0
1992-05-06,2481792.6
1992-05-13,2482538.0
1992-05-20,2487837.6
1992-05-27,2487762.3
1992-06-03,2469158.4
1992-06-10,2487024.6
1992-06-17,2471332.6
1992-06-24,2492852.6
1992-07-01,2498235.9
1992-07-08,2466186.3
1992-07-15,2499789.0
1992-07-22,2485813.9
1992-07-29,2466534.7
1992-08-05,2486027.5
1992-08-12,2485954.6
1992-08-19,2478311.7
1992-08-26,2490069.7
1992-09-02,2478181.2
1992-09-09,2489173.1
1992-09-16,2499916.0
1992-09-23,2484839.0
1992-09-30,2490936.8
1992-10-07,2485408.2
1992-10-14,2506868.4
1992-10-21,2497645.4
1992-10-28,2497603.9
1992-11-04,2504509.2
1992-11-11,2508575.3
1992-11-18,2477361.4
1992-11-25,2513028.5
1992-12-02,2496432.8
1992-12-09,2499177.6
1992-12-16,2497415.9
1992-12-23,2512564.1
1992-12-30,2481835.7
1993-01-06,2490742.5
1993-01-13,2491077.8
1993-01-20,2489763.8
1993-01-27,2489042.5
1993-02-03,2491315.4
1993-02-10,2496140.8
1993-02-17,2498910.5
1993-02-24,2479856.1
1993-03-03,2497913.5
1993-03-10,2489031.0
1993-03-17,2488981.0
1993-03-24,2503828.8
1993-03-31,2496534.1
1993-04-07,2499394.1
1993-04-14,2497594.5
1993-04-21,2484806.1
1993-04-28,2507237.8
1993-05-05,2520200.7
1993-05-12,2526281.0
1993-05-19,2509691.5
1993-05-26,2523788.7
1993-06-02,2528124.2
1993-06-09,2533267.1
1993-06-16,2524867.3
1993-06-23,2529221.8
1993-06-30,2511011.2
1993-07-07,2535817.6
1993-07-14,2526745.2
1993-07-21,2513089.5
1993-07-28,2509610.2
1993-08-04,2518960.4
1993-08-11,2520966.5
1993-08-18,2503869.4
1993-08-25,2522965.5
1993-09-01,2534394.1
1993-09-08,2512798.5
1993-09-15,2563557.9
1993-09-22,2509228.1
1993-09-29,2512145.8
1993-10-06,2514776.2
1993-10-13,2520221.9
1993-10-20,2513274.0
1993-10-27,2522125.0
1993-11-03,2523906.8
1993-11-10,2520007.1
1993-11-17,2510245.5
1993-11-24,2530552.4
1993-12-01,2550011.7
1993-12-08,2534928.6
1993-12-15,2564110.1
1993-12-22,2531023.3
1993-12-29,2504300.2
1994-01-05,2522065.1
1994-01-12,2536005.3
1994-01-19,2535555.3
1994-01-26,2542455.6
1994-02-02,2529867.5
1994-02-09,2531593.1
1994-02-16,2523642.1
1994-02-23,2524346.0
1994-03-02,2531690.6
1994-03-09,2512689.9
1994-03-16,2524881.5
1994-03-23,2520944.8
1994-03-30,2507551.7
1994-04-06,2512281.4
1994-04-13,2506617.8
1994-04-20,2499460.6
1994-04-27,2509804.0
1994-05-04,2513863.2
1994-05-11,2524109.5
1994-05-18,2504742.2
1994-05-25,2524617.3
1994-06-01,2534581.2
1994-06-08,2513447.6
1994-06-15,2538947.0
1994-06-22,2508181.4
1994-06-29,2494506.4
1994-07-06,2527077.2
1994-07-13,2522269.5
1994-07-20,2520705.9
1994-07-27,2527853.7
1994-08-03,2516854.3
1994-08-10,2522348.1
1994-08-17,2516293.8
1994-08-24,2532661.8
1994-08-31,2519041.7
1994-09-07,2524177.6
1994-09-14,2523752.2
1994-09-21,2522752.9
1994-09-28,2519968.7
1994-10-05,2530294.9
1994-10-12,2535536.1
1994-10-19,2515923.3
1994-10-26,2534962.6
1994-11-02,2525056.1
1994-11-09,2516931.5
1994-11-16,2528359.9
1994-11-23,2539594.9
1994-11-30,2517657.6
1994-12-07,2532724.7
1994-12-14,2526299.8
1994-12-21,2529159.9
1994-12-28,2534537.4
1995-01-04,2551540.8
1995-01-11,2537609.5
1995-01-18,2538849.4
1995-01-25,2544533.9
1995-02-01,2556444.5
1995-02-08,2534905.9
1995-02-15,2544973.3
1995-02-22,2543409.9
1995-03-01,2565136.3
1995-03-08,2537000.8
1995-03-15,2570705.0
1995-03-22,2545078.2
1995-03-29,2536273.0
1995-04-05,2546685.5
1995-04-12,2548704.7
1995-04-19,2547488.4
1995-04-26,2566834.6
1995-05-03,2559602.0
1995-05-10,2568054.6
1995-05-17,2563469.5
1995-05-24,2579517.0
1995-05-31,2581222.9
1995-06-07,2592698.2
1995-06-14,2588892.8
1995-06-21,2592911.8
1995-06-28,2579491.6
1995-07-05,2611373.3
1995-07-12,2608283.0
1995-07-19,2605605.4
1995-07-26,2634646.1
1995-08-02,2623141.6
1995-08-09,2622831.4
1995-08-16,2624635.8
1995-08-23,2632624.7
1995-08-30,2605172.1
1995-09-06,2637323.1
1995-09-13,2620333.8
1995-09-20,2636320.9
1995-09-27,2633235.7
1995-10-04,2641853.8
1995-10-11,2648120.8
1995-10-18,2621572.6
1995-10-25,2649137.8
1995-11-01,2662906.5
1995-11-08,2630606.8
1995-11-15,2650893.3
1995-11-22,2643009.6
1995-11-29,2608085.9
1995-12-06,2644227.9
1995-12-13,2638302.7
1995-12-20,2650835.9
1995-12-27,2654152.3
1996-01-03,2684404.9
1996-01-10,2683808.8
1996-01-17,2687224.3
1996-01-24,2668760.2
1996-01-31,2684132.9
1996-02-07,2676602.8
1996-02-14,2672863.8
1996-02-21,2685376.2
1996-02-28,2669784.5
1996-03-06,2683846.8
1996-03-13,2692120.2
1996-03-20,2696783.9
1996-03-27,2694616.5
1996-04-03,2704138.3
1996-04-10,2698242.0
1996-04-17,2695645.1
1996-04-24,2714171.3
1996-05-01,2714838.9
1996-05-08,2711778.6
1996-05-15,2734664.3
1996-05-22,2723235.8
1996-05-29,2706053.7
1996-06-05,2724962.4
1996-06-12,2718919.0
1996-06-19,2720624.9
1996-06-26,2731394.5
1996-07-03,2722930.0
1996-07-10,2732103.9
1996-07-17,2733829.3
1996-07-24,2745040.7
1996-07-31,2743186.3
1996-08-07,2739143.5
1996-08-14,2743477.8
1996-08-21,2746588.6
1996-08-28,2742294.1
1996-09-04,2773749.2
1996-09-11,2742237.0
1996-09-18,2768330.5
1996-09-25,2770074.6
1996-10-02,2783722.3
1996-10-09,2769876.5
1996-10-16,2815563.9
1996-10-23,2808308.6
1996-10-30,2783849.6
1996-11-06,2793108.6
1996-11-13,2814256.3
1996-11-20,2789684.9
1996-11-27,2831955.9
1996-12-04,2824936.7
1996-12-11,2828979.8
1996-12-18,2810512.4
1996-12-25,2852105.6
1997-01-01,2854271.2
1997-01-08,2843004.3
1997-01-15,2841752.6
1997-01-22,2855003.3
1997-01-29,2843130.6
1997-02-05,2863975.5
1997-02-12,2857037.5
1997-02-19,2876809.0
1997-02-26,2861398.3
1997-03-05,2892848.7
1997-03-12,2890250.1
1997-03-19,2883641.8
1997-03-26,2904088.6
1997-04-02,2895685.2
1997-04-09,2907575.4
1997-04-16,2917866.6
1997-04-23,2915391.5
1997-04-30,2927481.6
1997-05-07,2917603.8
1997-05-14,2920213.5
1997-05-21,2916219.2
1997-05-28,2937058.7
1997-06-04,2931505.5
1997-06-11,2947635.9
1997-06-18,2945291.8
1997-06-25,2980751.8
1997-07-02,2967687.1
1997-07-09,2976880.0
1997-07-16,2984747.3
1997-07-23,2993263.7
1997-07-30,2980196.4
1997-08-06,3003039.0
1997-08-13,2995323.6
1997-08-20,3015804.8
1997-08-27,3015446.7
1997-09-03,3040761.8
1997-09-10,3003066.7
1997-09-17,3026541.0
1997-09-24,3018632.6
1997-10-01,3061742.5
1997-10-08,3027074.1
1997-10-15,3061789.5
1997-10-22,3041482.1
1997-10-29,3042029.7
1997-11-05,3059195.5
1997-11-12,3090586.5
1997-11-19,3038707.9
1997-11-26,3087787.3
1997-12-03,3068858.3
1997-12-10,3079890.5
1997-12-17,3073453.3
1997-12-24,3097296.2
1997-12-31,3074442.3
1998-01-07,3084217.4
1998-01-14,3073762.5
1998-01-21,3090642.6
1998-01-28,3080151.5
1998-02-04,3099636.1
1998-02-11,3107964.9
1998-02-18,3126991.0
1998-02-25,3118107.8
1998-03-04,3146033.4
1998-03-11,3152210.4
1998-03-18,3150419.5
1998-03-25,3168841.3
1998-04-01,3197919.6
1998-04-08,3160846.2
1998-04-15,3182723.6
1998-04-22,3152279.9
1998-04-29,3136117.2
1998-05-06,3157360.5
1998-05-13,3169231.1
1998-05-20,3163059.5
1998-05-27,3182334.1
1998-06-03,3170712.1
1998-06-10,3202449.2
1998-06-17,3183671.4
1998-06-24,3199554.0
1998-07-01,3209311.3
1998-07-08,3169275.2
1998-07-15,3198457.8
1998-07-22,3189735.2
1998-07-29,3182159.3
1998-08-05,3217559.3
1998-08-12,3211446.4
1998-08-19,3208929.6
1998-08-26,3222842.7
1998-09-02,3227560.3
1998-09-09,3237434.4
1998-09-16,3241770.7
1998-09-23,3228688.2
1998-09-30,3254804.9
1998-10-07,3240029.8
1998-10-14,3270710.2
1998-10-21,3261989.2
1998-10-28,3268615.5
1998-11-04,3277104.3
1998-11-11,3283901.4
1998-11-18,3278243.7
1998-11-25,3312271.4
1998-12-02,3292422.4
1998-12-09,3294826.0
1998-12-16,3290200.7
1998-12-23,3304516.6
1998-12-30,3282968.5
1999-01-06,3313479.0
1999-01-13,3303830.8
1999-01-20,3317300.8
1999-01-27,3305472.2
1999-02-03,3315571.9
1999-02-10,3309617.8
1999-02-17,3327640.0
1999-02-24,3296809.1
1999-03-03,3334041.3
1999-03-10,3318630.2
1999-03-17,3322610.3
1999-03-24,3319489.8
1999-03-31,3326998.8
1999-04-07,3315146.6
1999-04-14,3339414.1
1999-04-21,3327158.4
1999-04-28,3323035.3
1999-05-05,3338386.7
1999-05-12,3338111.7
1999-05-19,3332110.5
1999-05-26,3338968.8
1999-06-02,3347858.1
1999-06-09,3338062.2
1999-06-16,3337294.7
1999-06-23,3359171.6
1999-06-30,3349077.1
1999-07-07,3361553.0
1999-07-14,3363967.3
1999-07-21,3349767.5
1999-07-28,3345767.9
1999-08-04,3351989.4
1999-08-11,3353776.4
1999-08-18,3347532.4
1999-08-25,3363502.7
1999-09-01,3364314.1
1999-09-08,3366914.1
1999-09-15,3383763.4
1999-09-22,3367445.2
1999-09-29,3368767.0
1999-10-06,3386335.8
1999-10-13,3394637.9
1999-10-20,3394722.8
1999-10-27,3407224.7
1999-11-03,3416455.9
1999-11-10,3412281.2
1999-11-17,3414541.0
1999-11-24,3455766.3
1999-12-01,3465337.7
1999-12-08,3464230.3
1999-12-15,3489582.8
1999-12-22,3488603.7
1999-12-29,3458781.1
2000-01-05,3466173.4
2000-01-12,3473248.9
2000-01-19,3488660.8
2000-01-26,3489895.3
2000-02-02,3488850.7
2000-02-09,3491450.1
2000-02-16,3489992.9
2000-02-23,3505668.8
2000-03-01,3531894.5
2000-03-08,3505133.9
2000-03-15,3541460.3
2000-03-22,3532439.3
2000-03-29,3500394.6
2000-04-05,3545909.2
2000-04-12,3539924.0
2000-04-19,3564670.6
2000-04-26,3573303.1
2000-05-03,3564448.5
2000-05-10,3574769.7
2000-05-17,3565577.2
2000-05-24,3578089.9
2000-05-31,3581591.3
2000-06-07,3594316.0
2000-06-14,3600190.1
2000-06-21,3605460.3
2000-06-28,3575956.1
2000-07-05,3625220.5
2000-07-12,3613672.5
2000-07-19,3620279.4
2000-07-26,3639415.8
2000-08-02,3634070.1
2000-08-09,3649971.1
2000-08-16,3655481.2
2000-08-23,3670780.4
2000-08-30,3635455.9
2000-09-06,3684534.8
2000-09-13,3659905.9
2000-09-20,3678454.7
2000-09-27,3650298.1
2000-10-04,3671487.9
2000-10-11,3681430.1
2000-10-18,3662576.0
2000-10-25,3686806.7
2000-11-01,3690834.5
2000-11-08,3665256.1
2000-11-15,3674857.7
2000-11-22,3691272.2
2000-11-29,3643949.2
2000-12-06,3697736.7
2000-12-13,3702109.0
2000-12-20,3721296.0
2000-12-27,3739992.6
2001-01-03,3778264.2
2001-01-10,3757335.5
2001-01-17,3764934.5
2001-01-24,3736613.6
2001-01-31,3765248.6
2001-02-07,3751845.9
2001-02-14,3761066.8
2001-02-21,3781675.4
2001-02-28,3801515.6
2001-03-07,3783951.6
2001-03-14,3811945.9
2001-03-21,3790475.3
2001-03-28,3818121.0
2001-04-04,3840097.3
2001-04-11,3837107.1
2001-04-18,3842644.1
2001-04-25,3859677.8
2001-05-02,3836121.2
2001-05-09,3838116.6
2001-05-16,3864285.4
2001-05-23,3888046.9
2001-05-30,3889481.4
2001-06-06,3878395.4
2001-06-13,3884228.5
2001-06-20,3875046.3
2001-06-27,3880892.9
2001-07-04,3912013.0
2001-07-11,3885750.8
2001-07-18,3874872.9
2001-07-25,3903162.7
2001-08-01,3929169.7
2001-08-08,3899458.9
2001-08-15,3906369.1
2001-08-22,3908195.8
2001-08-29,3897700.0
2001-09-05,3963536.0
2001-09-12,4206610.1
2001-09-19,4023235.4
2001-09-26,3970288.7
2001-10-03,3987319.6
2001-10-10,3986416.4
2001-10-17,3968998.0
2001-10-24,3993506.8
2001-10-31,4016241.2
2001-11-07,3991598.3
2001-11-14,4062972.2
2001-11-21,4031976.9
2001-11-28,4010672.7
2001-12-05,4068491.0
2001-12-12,4082624.6
2001-12-19,4070051.9
2001-12-26,4087575.7
2002-01-02,4084603.4
2002-01-09,4092684.2
2002-01-16,4066349.4
2002-01-23,4113767.9
2002-01-30,4100661.2
2002-02-06,4119082.0
2002-02-13,4122281.6
2002-02-20,4134621.2
2002-02-27,4119260.9
2002-03-06,4124978.7
2002-03-13,4129462.8
2002-03-20,4134787.9
2002-03-27,4168859.6
2002-04-03,4148208.3
2002-04-10,4150135.2
2002-04-17,4140760.9
2002-04-24,4134185.0
2002-05-01,4165379.1
2002-05-08,4158846.1
2002-05-15,4185184.2
2002-05-22,4173240.0
2002-05-29,4157948.2
2002-06-05,4158890.6
2002-06-12,4161955.4
2002-06-19,4167250.0
2002-06-26,4206041.6
2002-07-03,4194952.7
2002-07-10,4189984.6
2002-07-17,4214895.9
2002-07-24,4228992.3
2002-07-31,4229881.7
2002-08-07,4228894.4
2002-08-14,4254479.0
2002-08-21,4249045.2
2002-08-28,4254107.2
2002-09-04,4294019.9
2002-09-11,4258670.0
2002-09-18,4266885.4
2002-09-25,4265220.9
2002-10-02,4324439.3
2002-10-09,4298507.6
2002-10-16,4346903.6
2002-10-23,4342213.1
2002-10-30,4345645.9
2002-11-06,4345316.1
2002-11-13,4367888.0
2002-11-20,4337017.4
2002-11-27,4387927.4
2002-12-04,4359902.3
2002-12-11,4351812.1
2002-12-18,4337696.5
2002-12-25,4376999.3
2003-01-01,4332233.8
2003-01-08,4343348.3
2003-01-15,4381267.3
2003-01-22,4392789.3
2003-01-29,4390094.1
2003-02-05,4428567.3
2003-02-12,4417959.4
2003-02-19,4415666.1
2003-02-26,4403930.4
2003-03-05,4447579.4
2003-03-12,4441575.7
2003-03-19,4437211.4
2003-03-26,4434520.4
2003-04-02,4449611.7
2003-04-09,4411665.7
2003-04-16,4435091.5
2003-04-23,4456423.8
2003-04-30,4513735.6
2003-05-07,4473897.6
2003-05-14,4509875.6
2003-05-21,4487289.7
2003-05-28,4509335.0
2003-06-04,4515431.1
2003-06-11,4532649.5
2003-06-18,4530905.7
2003-06-25,4562806.0
2003-07-02,4570201.5
2003-07-09,4560956.9
2003-07-16,4587467.1
2003-07-23,4599217.9
2003-07-30,4592314.3
2003-08-06,4623517.2
2003-08-13,4637184.6
2003-08-20,4612418.4
2003-08-27,4604954.0
2003-09-03,4638805.8
2003-09-10,4587297.6
2003-09-17,4604542.5
2003-09-24,4604319.0
2003-10-01,4623915.6
2003-10-08,4558654.0
2003-10-15,4600163.9
2003-10-22,4581220.5
2003-10-29,4559843.7
2003-11-05,4592826.4
2003-11-12,4628190.7
2003-11-19,4571211.3
2003-11-26,4629010.6
2003-12-03,4597707.4
2003-12-10,4625540.7
2003-12-17,4620111.4
2003-12-24,4649004.3
2003-12-31,4629530.5
2004-01-07,4646053.8
2004-01-14,4658883.8
2004-01-21,4658782.7
2004-01-28,4670335.3
2004-02-04,4690013.1
2004-02-11,4700851.5
2004-02-18,4724621.8
2004-02-25,4710148.2
2004-03-03,4749435.3
2004-03-10,4747947.2
2004-03-17,4764700.1
2004-03-24,4798260.8
2004-03-31,4793881.4
2004-04-07,4799395.9
2004-04-14,4821302.9
2004-04-21,4825609.7
2004-04-28,4832856.7
2004-05-05,4890534.7
2004-05-12,4905108.7
2004-05-19,4907750.7
2004-05-26,4913166.0
2004-06-02,4916526.8
2004-06-09,4939929.7
2004-06-16,4930056.5
2004-06-23,4962168.7
2004-06-30,4937685.3
2004-07-07,4977644.0
2004-07-14,4991809.6
2004-07-21,4995383.5
2004-07-28,4993954.2
2004-08-04,5002499.4
2004-08-11,5005310.8
2004-08-18,4982229.0
2004-08-25,5022420.3
2004-09-01,5035043.8
2004-09-08,5031129.3
2004-09-15,5059035.7
2004-09-22,5052614.7
2004-09-29,5026435.3
2004-10-06,5048046.9
2004-10-13,5065746.6
2004-10-20,5073072.3
2004-10-27,5085530.8
2004-11-03,5095158.9
2004-11-10,5102129.6
2004-11-17,5105777.9
2004-11-24,5158615.6
2004-12-01,5162284.2
2004-12-08,5145767.4
2004-12-15,5168769.7
2004-12-22,5170677.2
2004-12-29,5130365.7
2005-01-05,5174932.8
2005-01-12,5192086.0
2005-01-19,5204097.9
2005-01-26,5193210.3
2005-02-02,5207221.4
2005-02-09,5206668.8
2005-02-16,5199224.2
2005-02-23,5259595.5
2005-03-02,5237829.2
2005-03-09,5226446.4
2005-03-16,5255276.6
2005-03-23,5263838.6
2005-03-30,5254385.8
2005-04-06,5277560.9
2005-04-13,5297671.1
2005-04-20,5292947.1
2005-04-27,5286008.8
2005-05-04,5284762.5
2005-05-11,5302554.6
2005-05-18,5286849.1
2005-05-25,5331462.8
2005-06-01,5355308.9
2005-06-08,5363110.4
2005-06-15,5378294.2
2005-06-22,5390156.9
2005-06-29,5352792.2
2005-07-06,5386336.6
2005-07-13,5381719.2
2005-07-20,5412597.2
2005-07-27,5416205.0
2005-08-03,5427176.6
2005-08-10,5434237.0
2005-08-17,5465461.0
2005-08-24,5498643.0
2005-08-31,5496151.4
2005-09-07,5504217.3
2005-09-14,5518299.7
2005-09-21,5499849.0
2005-09-28,5500326.9
2005-10-05,5517840.7
2005-10-12,5543231.0
2005-10-19,5525389.8
2005-10-26,5541842.4
2005-11-02,5542673.4
2005-11-09,5530837.8
2005-11-16,5552610.0
2005-11-23,5583122.4
2005-11-30,5565152.7
2005-12-07,5575325.9
2005-12-14,5580321.2
2005-12-21,5602147.8
2005-12-28,5607230.4
2006-01-04,5654835.4
2006-01-11,5621420.3
2006-01-18,5628661.9
2006-01-25,5646556.6
2006-02-01,5664604.4
2006-02-08,5646413.4
2006-02-15,5680412.0
2006-02-22,5681171.0
2006-03-01,5711616.8
2006-03-08,5674236.0
2006-03-15,5726025.9
2006-03-22,5719266.7
2006-03-29,5711883.0
2006-04-05,5746763.2
2006-04-12,5775491.0
2006-04-19,5772108.7
2006-04-26,5786573.4
2006-05-03,5786416.9
2006-05-10,5774654.3
2006-05-17,5770962.4
2006-05-24,5799835.4
2006-05-31,5815181.5
2006-06-07,5800039.0
2006-06-14,5820396.7
2006-06-21,5824685.3
2006-06-28,5820277.5
2006-07-05,5865572.6
2006-07-12,5863853.4
2006-07-19,5864837.1
2006-07-26,5853092.0
2006-08-02,5861926.9
2006-08-09,5835661.3
2006-08-16,5880498.3
2006-08-23,5913284.7
2006-08-30,5879715.2
2006-09-06,5925089.4
2006-09-13,5922258.4
2006-09-20,5907433.2
2006-09-27,5905309.6
2006-10-04,6028078.2
2006-10-11,6030391.6
2006-10-18,6003251.2
2006-10-25,6023808.6
2006-11-01,6042646.9
2006-11-08,6029099.2
2006-11-15,6066004.4
2006-11-22,6099109.7
2006-11-29,6066698.7
2006-12-06,6095838.2
2006-12-13,6098051.5
2006-12-20,6101363.3
2006-12-27,6102977.4
2007-01-03,6127368.4
2007-01-10,6120032.8
2007-01-17,6150028.6
2007-01-24,6149033.1
2007-01-31,6164016.8
2007-02-07,6149845.4
2007-02-14,6175931.7
2007-02-21,6180137.9
2007-02-28,6220411.3
2007-03-07,6207757.9
2007-03-14,6177363.0
2007-03-21,6177949.3
2007-03-28,6214120.2
2007-04-04,6250138.5
2007-04-11,6257800.6
2007-04-18,6266929.6
2007-04-25,6287246.0
2007-05-02,6284923.2
2007-05-09,6283653.3
2007-05-16,6293143.3
2007-05-23,6314547.3
2007-05-30,6274899.3
2007-06-06,6283975.5
2007-06-13,6278558.2
2007-06-20,6280713.8
2007-06-27,6303108.2
2007-07-04,6329959.8
2007-07-11,6313026.4
2007-07-18,6303712.2
2007-07-25,6340006.7
2007-08-01,6367175.5
2007-08-08,6353390.1
2007-08-15,6400225.5
2007-08-22,6405044.2
2007-08-29,6378371.0
2007-09-05,6442569.4
2007-09-12,6433165.0
2007-09-19,6444349.1
2007-09-26,6452828.2
2007-10-03,6466392.9
2007-10-10,6481201.0
2007-10-17,6556074.3
2007-10-24,6632584.8
2007-10-31,6656049.5
2007-11-07,6641206.9
2007-11-14,6710684.5
2007-11-21,6677273.3
2007-11-28,6644760.6
2007-12-05,6692713.5
2007-12-12,6665178.7
2007-12-19,6663802.7
2007-12-26,6684219.1
2008-01-02,6696281.3
2008-01-09,6683163.0
2008-01-16,6696642.7
2008-01-23,6725476.5
2008-01-30,6727967.6
2008-02-06,6772018.7
2008-02-13,6778405.0
2008-02-20,6791978.6
2008-02-27,6759495.8
2008-03-05,6811733.3
2008-03-12,6831955.3
2008-03-19,6851435.7
2008-03-26,6829422.8
2008-04-02,6842164.8
2008-04-09,6844218.9
2008-04-16,6870024.4
2008-04-23,6879851.1
2008-04-30,6822686.7
2008-05-07,6795378.2
2008-05-14,6836982.5
2008-05-21,6852511.4
2008-05-28,6840382.2
2008-06-04,6847906.6
2008-06-11,6861276.3
2008-06-18,6852723.0
2008-06-25,6869544.1
2008-07-02,6842578.1
2008-07-09,6846816.1
2008-07-16,6896688.9
2008-07-23,6885522.8
2008-07-30,6830751.5
2008-08-06,6858020.9
2008-08-13,6861113.2
2008-08-20,6869877.6
2008-08-27,6872138.8
2008-09-03,6914987.0
2008-09-10,6902149.3
2008-09-17,7111567.6
2008-09-24,7104951.5
2008-10-01,7258065.8
2008-10-08,7154511.1
2008-10-15,7166013.0
2008-10-22,7138040.9
2008-10-29,7089028.7
2008-11-05,7105944.1
2008-11-12,7108889.1
2008-11-19,7033626.5
2008-11-26,7107027.8
2008-12-03,7126374.4
2008-12-10,7212917.4
2008-12-17,7221624.1
2008-12-24,7252888.4
2008-12-31,7237552.3
2009-01-07,7242612.2
2009-01-14,7281694.7
2009-01-21,7297826.6
2009-01-28,7261012.1
2009-02-04,7266128.0
2009-02-11,7255723.9
2009-02-18,7251967.6
2009-02-25,7256604.6
2009-03-04,7282979.8
2009-03-11,7290130.6
2009-03-18,7262043.6
2009-03-25,7321368.5
2009-04-01,7323714.1
2009-04-08,7299975.0
2009-04-15,7326431.7
2009-04-22,7340869.8
2009-04-29,7365736.1
2009-05-06,7418249.7
2009-05-13,7454978.2
2009-05-20,7440540.9
2009-05-27,7459440.9
2009-06-03,7492138.5
2009-06-10,7516369.0
2009-06-17,7533661.0
2009-06-24,7523135.1
2009-07-01,7503138.1
2009-07-08,7481356.8
2009-07-15,7506652.0
2009-07-22,7494002.6
2009-07-29,7487163.7
2009-08-05,7536883.3
2009-08-12,7538479.4
2009-08-19,7505203.8
2009-08-26,7536630.0
2009-09-02,7548099.5
2009-09-09,7551820.3
2009-09-16,7561043.9
2009-09-23,7563217.5
2009-09-30,7555836.2
2009-10-07,7568136.7
2009-10-14,7624832.7
2009-10-21,7596588.6
2009-10-28,7580807.1
2009-11-04,7652398.4
2009-11-11,7645913.0
2009-11-18,7632601.7
2009-11-25,7705742.4
2009-12-02,7705294.8
2009-12-09,7707350.7
2009-12-16,7701613.1
2009-12-23,7716454.4
2009-12-30,7650052.4
2010-01-06,7664583.2
2010-01-13,7670887.5
2010-01-20,7673538.2
2010-01-27,7689649.8
2010-02-03,7695440.8
2010-02-10,7684927.0
2010-02-17,7724653.6
2010-02-24,7700515.8
2010-03-03,7698070.5
2010-03-10,7678666.2
2010-03-17,7705082.1
2010-03-24,7696563.1
2010-03-31,7691421.9
2010-04-07,7671370.5
2010-04-14,7704034.5
2010-04-21,7703062.1
2010-04-28,7704992.7
2010-05-05,7695673.4
2010-05-12,7689817.7
2010-05-19,7658588.9
2010-05-26,7669322.7
2010-06-02,7676032.3
2010-06-09,7688366.9
2010-06-16,7682940.2
2010-06-23,7706973.5
2010-06-30,7677546.4
2010-07-07,7688997.0
2010-07-14,7727137.9
2010-07-21,7728349.3
2010-07-28,7742175.6
2010-08-04,7762454.6
2010-08-11,7762469.4
2010-08-18,7734027.5
2010-08-25,7797127.6
2010-09-01,7802161.7
2010-09-08,7800582.7
2010-09-15,7817109.8
2010-09-22,7783321.5
2010-09-29,7775041.8
2010-10-06,7816444.3
2010-10-13,7823461.2
2010-10-20,7840073.9
2010-10-27,7858178.9
2010-11-03,7861154.0
2010-11-10,7866352.1
2010-11-17,7896762.5
2010-11-24,7905363.1
2010-12-01,7883053.3
2010-12-08,7878829.8
2010-12-15,7878977.4
2010-12-22,7870127.2
2010-12-29,7848436.4
2011-01-05,7883884.9
2011-01-12,7902789.0
2011-01-19,7883268.4
2011-01-26,7910885.8
2011-02-02,7899054.9
2011-02-09,7913298.6
2011-02-16,7928054.5
2011-02-23,7958281.1
2011-03-02,7977270.0
2011-03-09,7980192.7
2011-03-16,7989256.3
2011-03-23,8001461.6
2011-03-30,7996614.4
2011-04-06,8046008.8
2011-04-13,8055960.6
2011-04-20,8075158.8
2011-04-27,8097259.6
2011-05-04,8139057.3
2011-05-11,8164037.3
2011-05-18,8129109.8
2011-05-25,8188438.9
2011-06-01,8208103.2
2011-06-08,8161596.6
2011-06-15,8166502.4
2011-06-22,8226055.7
2011-06-29,8217084.9
2011-07-06,8254152.3
2011-07-13,8257996.3
2011-07-20,8238320.6
2011-07-27,8327437.6
2011-08-03,8351132.3
2011-08-10,8350748.3
2011-08-17,8349868.1
2011-08-24,8349077.9
2011-08-31,8357015.3
2011-09-07,8356347.0
2011-09-14,8380123.5
2011-09-21,8384189.0
2011-09-28,8389096.3
2011-10-05,8395559.3
2011-10-12,8367025.2
2011-10-19,8349522.0
2011-10-26,8383312.9
2011-11-02,8408921.8
2011-11-09,8390483.4
2011-11-16,8402681.7
2011-11-23,8393609.0
2011-11-30,8404776.8
2011-12-07,8412090.3
2011-12-14,8435440.6
2011-12-21,8403463.0
2011-12-28,8435549.4
2012-01-04,8488442.0
2012-01-11,8484160.6
2012-01-18,8457105.5
2012-01-25,8479516.7
2012-02-01,8555483.9
2012-02-08,8558528.3
2012-02-15,8554726.3
2012-02-22,8542202.0
2012-02-29,8576243.2
2012-03-07,8583417.9
2012-03-14,8629837.0
2012-03-21,8602899.3
2012-03-28,8596369.8
2012-04-04,8650343.6
2012-04-11,8639097.4
2012-04-18,8612869.8
2012-04-25,8662748.5
2012-05-02,8674698.3
2012-05-09,8674518.2
2012-05-16,8680170.4
2012-05-23,8675937.6
2012-05-30,8638752.2
2012-06-06,8736047.6
2012-06-13,8745343.4
2012-06-20,8707103.3
2012-06-27,8742402.5
2012-07-04,8790231.5
2012-07-11,8785470.7
2012-07-18,8772052.8
2012-07-25,8846775.3
2012-08-01,8828021.3
2012-08-08,8864306.7
2012-08-15,8874312.8
2012-08-22,8877758.0
2012-08-29,8875961.7
2012-09-05,8920701.4
2012-09-12,8905947.6
2012-09-19,8900594.2
2012-09-26,8942859.4
2012-10-03,8983084.3
2012-10-10,8969974.2
2012-10-17,8978172.2
2012-10-24,8985792.3
2012-10-31,9053661.6
2012-11-07,9086960.1
2012-11-14,9132980.7
2012-11-21,9109568.9
2012-11-28,9104777.5
2012-12-05,9187544.4
2012-12-12,9202532.3
2012-12-19,9241053.3
2012-12-26,9307265.9
2013-01-02,9325324.9
2013-01-09,9256888.5
2013-01-16,9246605.9
2013-01-23,9256312.7
2013-01-30,9242046.6
2013-02-06,9268431.1
2013-02-13,9272859.6
2013-02-20,9243457.5
2013-02-27,9267224.2
2013-03-06,9284973.8
2013-03-13,9309188.7
2013-03-20,9304234.3
2013-03-27,9394109.0
2013-04-03,9363926.0
2013-04-10,9350045.2
2013-04-17,9363670.0
2013-04-24,9355414.2
2013-05-01,9385128.1
2013-05-08,9363199.6
2013-05-15,9391485.7
2013-05-22,9402621.9
2013-05-29,9388154.6
2013-06-05,9431951.6
2013-06-12,9447089.0
2013-06-19,9400892.2
2013-06-26,9430936.3
2013-07-03,9441421.8
2013-07-10,9448186.5
2013-07-17,9504912.5
2013-07-24,9510915.4
2013-07-31,9514613.6
2013-08-07,9505581.7
2013-08-14,9537545.0
2013-08-21,9520837.7
2013-08-28,9556728.6
2013-09-04,9564405.8
2013-09-11,9557810.6
2013-09-18,9588774.3
2013-09-25,9627069.0
2013-10-02,9659147.0
2013-10-09,9642507.3
2013-10-16,9725633.1
2013-10-23,9698212.5
2013-10-30,9694975.6
2013-11-06,9675707.6
2013-11-13,9704332.3
2013-11-20,9716233.9
2013-11-27,9776181.1
2013-12-04,9768390.8
2013-12-11,9775826.6
2013-12-18,9774070.5
2013-12-25,9848439.4
2014-01-01,9845709.0
2014-01-08,9837256.7
2014-01-15,9864916.6
2014-01-22,9882482.5
2014-01-29,9878587.4
2014-02-05,9888881.1
2014-02-12,9930885.1
2014-02-19,9958348.7
2014-02-26,9914816.9
2014-03-05,9967140.8
2014-03-12,9988406.8
2014-03-19,10005598.9
2014-03-26,10002884.9
2014-04-02,10013428.7
2014-04-09,10064218.2
2014-04-16,10070385.8
2014-04-23,10077523.4
2014-04-30,10144813.1
2014-05-07,10111826.8
2014-05-14,10131407.9
2014-05-21,10151373.1
2014-05-28,10164871.4
2014-06-04,10153421.0
2014-06-11,10160908.5
2014-06-18,10140304.9
2014-06-25,10198007.3
2014-07-02,10185490.8
2014-07-09,10212991.6
2014-07-16,10236950.5
2014-07-23,10236739.1
2014-07-30,10213757.8
2014-08-06,10182577.4
2014-08-13,10185200.7
2014-08-20,10223397.9
2014-08-27,10256859.7
2014-09-03,10328813.0
2014-09-10,10308501.9
2014-09-17,10335327.1
2014-09-24,10364253.3
2014-10-01,10314423.8
2014-10-08,10275195.7
2014-10-15,10301971.5
2014-10-22,10309440.0
2014-10-29,10273258.4
2014-11-05,10318309.1
2014-11-12,10388417.4
2014-11-19,10346366.1
2014-11-26,10443337.7
2014-12-03,10422442.7
2014-12-10,10472327.3
2014-12-17,10476460.8
2014-12-24,10488043.0
2014-12-31,10469927.3
2015-01-07,10502827.4
2015-01-14,10503382.9
2015-01-21,10511428.0
2015-01-28,10539796.7
2015-02-04,10580747.6
2015-02-11,10591201.3
2015-02-18,10618631.9
2015-02-25,10667700.9
2015-03-04,10658819.7
2015-03-11,10665725.5
2015-03-18,10657375.8
2015-03-25,10673755.3
2015-04-01,10728565.9
2015-04-08,10680552.2
2015-04-15,10701010.2
2015-04-22,10652328.2
2015-04-29,10655746.8
2015-05-06,10656873.9
2015-05-13,10726387.4
2015-05-20,10692291.7
2015-05-27,10735511.7
2015-06-03,10708674.4
2015-06-10,10712563.7
2015-06-17,10741001.9
2015-06-24,10783372.3
2015-07-01,10780853.3
2015-07-08,10765553.7
2015-07-15,10793735.9
2015-07-22,10813838.8
2015-07-29,10762841.0
2015-08-05,10799571.9
2015-08-12,10812343.7
2015-08-19,10838924.0
2015-08-26,10881662.3
2015-09-02,10860858.9
2015-09-09,10874376.9
2015-09-16,10855195.6
2015-09-23,10861318.2
2015-09-30,10872899.7
2015-10-07,10881651.0
2015-10-14,10894726.9
2015-10-21,10931127.3
2015-10-28,10953484.5
2015-11-04,10972929.8
2015-11-11,10967016.4
2015-11-18,10943422.9
2015-11-25,10977421.4
2015-12-02,10932740.5
2015-12-09,10949988.0
2015-12-16,10924419.5
2015-12-23,10949865.0
2015-12-30,10871717.8
2016-01-06,10948093.6
2016-01-13,10949713.4
2016-01-20,10959022.6
2016-01-27,10968066.4
2016-02-03,10983922.9
2016-02-10,10997520.1
2016-02-17,11026361.5
2016-02-24,11026068.4
2016-03-02,11061966.4
2016-03-09,11078798.2
2016-03-16,11073041.9
2016-03-23,11123322.5
2016-03-30,11085248.6
2016-04-06,11123340.0
2016-04-13,11151676.2
2016-04-20,11166353.2
2016-04-27,11143553.1
2016-05-04,11188254.6
2016-05-11,11183900.9
2016-05-18,11173648.7
2016-05-25,11201549.0
2016-06-01,11223402.9
2016-06-08,11263372.5
2016-06-15,11285613.5
2016-06-22,11265360.3
2016-06-29,11248928.8
2016-07-06,11284114.3
2016-07-13,11281366.1
2016-07-20,11274663.7
2016-07-27,11282620.8
2016-08-03,11352021.5
2016-08-10,11348928.4
2016-08-17,11393873.5
2016-08-24,11382869.7
2016-08-31,11374432.9
2016-09-07,11387256.7
2016-09-14,11421844.6
2016-09-21,11357140.0
2016-09-28,11350082.3
2016-10-05,11370670.2
2016-10-12,11370651.3
2016-10-19,11366881.7
2016-10-26,11401189.5
2016-11-02,11390539.7
2016-11-09,11417171.4
2016-11-16,11438093.4
2016-11-23,11427644.9
2016-11-30,11427824.0
2016-12-07,11440246.8
2016-12-14,11473711.0
2016-12-21,11461037.3
2016-12-28,11486941.4
2017-01-04,11534000.4
2017-01-11,11502640.8
2017-01-18,11539191.8
2017-01-25,11518129.0
2017-02-01,11581520.8
2017-02-08,11547752.5
2017-02-15,11579318.5
2017-02-22,11555195.5
2017-03-01,11611644.8
2017-03-08,11590974.8
2017-03-15,11657158.4
2017-03-22,11646607.5
2017-03-29,11621964.2
2017-04-05,11657086.7
2017-04-12,11666012.5
2017-04-19,11677808.1
2017-04-26,11670034.2
2017-05-03,11677270.5
2017-05-10,11707243.0
2017-05-17,11725443.2
2017-05-24,11748491.1
2017-05-31,11739192.7
2017-06-07,11727813.9
2017-06-14,11715650.7
2017-06-21,11718681.1
2017-06-28,11707697.0
2017-07-05,11764107.3
2017-07-12,11751636.4
2017-07-19,11768315.0
2017-07-26,11802440.5
2017-08-02,11803232.0
2017-08-09,11802174.3
2017-08-16,11828499.3
2017-08-23,11831261.5
2017-08-30,11813526.1
2017-09-06,11851598.0
2017-09-13,11861493.6
2017-09-20,11873548.0
2017-09-27,11873557.9
2017-10-04,11939433.4
2017-10-11,11949015.1
2017-10-18,11903158.5
2017-10-25,11952415.1
2017-11-01,11988804.8
2017-11-08,11955726.2
2017-11-15,11959212.9
2017-11-22,11959960.2
2017-11-29,11921485.3
2017-12-06,11979159.9
2017-12-13,11972173.6
2017-12-20,11969658.4
2017-12-27,11971837.2
2018-01-03,11986196.2
2018-01-10,11973725.0
2018-01-17,12004291.5
2018-01-24,12000386.8
2018-01-31,12037508.7
2018-02-07,11981782.2
2018-02-14,11981494.1
2018-02-21,11967815.3
2018-02-28,12043710.2
2018-03-07,11998535.7
2018-03-14,12022753.8
2018-03-21,11972323.6
2018-03-28,12044976.5
2018-04-04,12076640.8
2018-04-11,12090840.7
2018-04-18,12090056.8
2018-04-25,12104738.1
2018-05-02,12084363.6
2018-05-09,12112085.1
2018-05-16,12094858.7
2018-05-23,12141850.3
2018-05-30,12154284.3
2018-06-06,12154397.6
2018-06-13,12156328.0
2018-06-20,12169574.1
2018-06-27,12186317.1
2018-07-04,12223049.7
2018-07-11,12198139.8
2018-07-18,12186713.6
2018-07-25,12237369.1
2018-08-01,12244276.3
2018-08-08,12223861.7
2018-08-15,12247420.5
2018-08-22,12246219.2
2018-08-29,12230883.9
2018-09-05,12241205.4
2018-09-12,12243281.4
2018-09-19,12272894.6
2018-09-26,12319379.8
2018-10-03,12308822.9
2018-10-10,12324451.3
2018-10-17,12297052.6
2018-10-24,12321628.1
2018-10-31,12311685.1
2018-11-07,12268164.7
2018-11-14,12281056.8
2018-11-21,12286292.0
2018-11-28,12308063.2
2018-12-05,12387387.7
2018-12-12,12339035.2
2018-12-19,12381408.2
2018-12-26,12456717.3
2019-01-02,12470764.5
2019-01-09,12469031.0
2019-01-16,12442072.8
2019-01-23,12506365.2
2019-01-30,12460190.0
2019-02-06,12511740.3
2019-02-13,12490918.4
2019-02-20,12503369.6
2019-02-27,12521145.2
2019-03-06,12549969.9
2019-03-13,12537187.6
2019-03-20,12571632.7
2019-03-27,12615348.7
2019-04-03,12615524.1
2019-04-10,12612647.3
2019-04-17,12609798.8
2019-04-24,12623410.7
2019-05-01,12677624.0
2019-05-08,12660820.7
2019-05-15,12720562.1
2019-05-22,12668523.8
2019-05-29,12677281.4
2019-06-05,12717185.6
2019-06-12,12736585.8
2019-06-19,12762505.1
2019-06-26,12810661.3
2019-07-03,12793280.4
2019-07-10,12752390.7
2019-07-17,12782215.3
2019-07-24,12809685.8
2019-07-31,12824212.9
2019-08-07,12834788.0
2019-08-14,12816305.1
2019-08-21,12818854.8
2019-08-28,12849699.3
2019-09-04,12894852.6
2019-09-11,12869262.4
2019-09-18,12910866.9
2019-09-25,12978719.2
2019-10-02,13038684.3
2019-10-09,13038718.0
2019-10-16,13066245.8
2019-10-23,13066973.2
2019-10-30,13039333.0
2019-11-06,13097890.0
2019-11-13,13136204.8
2019-11-20,13148121.6
2019-11-27,13185088.6
2019-12-04,13172318.3
2019-12-11,13202158.5
2019-12-18,13196850.0
2019-12-25,13195740.2
2020-01-01,13203881.5
2020-01-08,13263813.7
2020-01-15,13299482.9
2020-01-22,13297165.8
2020-01-29,13285096.3
2020-02-05,13328804.2
2020-02-12,13330410.2
2020-02-19,13372730.9
2020-02-26,13351531.7
2020-03-04,13447853.8
2020-03-11,13482483.9
2020-03-18,13763184.2
2020-03-25,14119087.1
2020-04-01,14265740.0
2020-04-08,14249405.0
2020-04-15,14622965.9
2020-04-22,14868064.3
2020-04-29,15001706.0
2020-05-06,15178674.0
2020-05-13,15267492.8
2020-05-20,15320694.8
2020-05-27,15360672.2
2020-06-03,15362346.8
2020-06-10,15435158.3
2020-06-17,15511984.1
2020-06-24,15567485.3
2020-07-01,15545366.5
2020-07-08,15588371.9
2020-07-15,15597747.9
2020-07-22,15494097.6
2020-07-29,15440243.6
2020-08-05,15506453.6
2020-08-12,15517332.7
2020-08-19,15539989.9
2020-08-26,15554776.9
2020-09-02,15592141.3
2020-09-09,15652424.5
2020-09-16,15730509.0
2020-09-23,15714807.4
2020-09-30,15681266.1
2020-10-07,15691198.6
2020-10-14,15794182.3
2020-10-21,15794231.7
2020-10-28,15829915.9
2020-11-04,15880488.9
2020-11-11,15878189.8
2020-11-18,15901644.5
2020-11-25,15979960.2
2020-12-02,15970471.7
2020-12-09,15999426.0
2020-12-16,16031360.9
2020-12-23,16020494.8
2020-12-30,16073702.9
2021-01-06,16123579.7
2021-01-13,16155282.5
2021-01-20,16164592.5
2021-01-27,16258316.2
2021-02-03,16287421.8
2021-02-10,16336365.5
2021-02-17,16430331.4
2021-02-24,16404809.2
2021-03-03,16471220.4
2021-03-10,16527662.5
2021-03-17,16712628.3
2021-03-24,16726899.8
2021-03-31,16727391.5
2021-04-07,16779239.2
2021-04-14,16877781.1
2021-04-21,16889841.2
2021-04-28,16968961.0
2021-05-05,17059062.3
2021-05-12,17116417.3
2021-05-19,17097053.9
2021-05-26,17066934.3
2021-06-02,17080299.2
2021-06-09,17173615.5
2021-06-16,17120187.3
2021-06-23,17098291.1
2021-06-30,17052291.5
2021-07-07,17132026.0
2021-07-14,17203305.2
2021-07-21,17262636.4
2021-07-28,17248899.0
2021-08-04,17272119.5
2021-08-11,17326278.1
2021-08-18,17392066.4
2021-08-25,17447986.0
2021-09-01,17495818.5
2021-09-08,17475829.5
2021-09-15,17556437.6
2021-09-22,17523319.2
2021-09-29,17535002.8
2021-10-06,17589514.4
2021-10-13,17610385.0
2021-10-20,17670705.3
2021-10-27,17708419.2
2021-11-03,17735728.6
2021-11-10,17766291.8
2021-11-17,17807117.7
2021-11-24,17851218.5
2021-12-01,17887600.6
2021-12-08,17880780.7
2021-12-15,17914997.5
2021-12-22,17933153.7
2021-12-29,17897919.8
2022-01-05,17961160.8
2022-01-12,17959817.0
2022-01-19,18017508.2
2022-01-26,18008394.3
2022-02-02,18006366.2
2022-02-09,18038152.2
2022-02-16,18027057.5
2022-02-23,18079338.2
2022-03-02,18090758.8
2022-03-09,18072145.0
2022-03-16,18087327.7
2022-03-23,18077337.8
2022-03-30,18104267.5
2022-04-06,18135436.0
2022-04-13,18184215.1
2022-04-20,18084983.1
2022-04-27,18109167.1
2022-05-04,18119727.7
2022-05-11,18070955.7
2022-05-18,18079618.7
2022-05-25,18130872.7
2022-06-01,18101296.2
2022-06-08,18035098.8
2022-06-15,18013515.4
2022-06-22,18054449.0
2022-06-29,18000523.3
2022-07-06,17992366.8
2022-07-13,18016796.6
2022-07-20,18023144.6
2022-07-27,18073298.9
2022-08-03,17989605.8
2022-08-10,18028160.1
2022-08-17,18025115.4
2022-08-24,18051289.7
2022-08-31,18012743.5
2022-09-07,17943660.3
2022-09-14,17962624.9
2022-09-21,17944933.7
2022-09-28,17871775.9
2022-10-05,17805352.1
2022-10-12,17793701.2
2022-10-19,17775775.1
2022-10-26,17807709.4
2022-11-02,17735923.5
2022-11-09,17748403.4
2022-11-16,17754990.5
2022-11-23,17770738.9
2022-11-30,17698112.6
2022-12-07,17784858.6
2022-12-14,17770671.2
2022-12-21,17768405.2
2022-12-28,17739129.8
2023-01-04,17775575.7
2023-01-11,17687818.8
2023-01-18,17731029.3
2023-01-25,17734940.9
2023-02-01,17724947.4
2023-02-08,17683217.7
2023-02-15,17700373.3
2023-02-22,17670578.5
2023-03-01,17662352.3
2023-03-08,17576771.8
2023-03-15,17438230.1
2023-03-22,17310822.7
2023-03-29,17242248.5
2023-04-05,17260338.1
2023-04-12,17209864.9
2023-04-19,17255173.9
2023-04-26,17209361.7
2023-05-03,17230468.2
2023-05-10,17212927.3
2023-05-17,17231029.5
2023-05-24,17287296.2
2023-05-31,17327246.2
2023-06-07,17257777.1
2023-06-14,17272862.1
2023-06-21,17304415.9
2023-06-28,17294691.1
2023-07-05,17345892.8
2023-07-12,17280691.4
2023-07-19,17312780.9
2023-07-26,17305085.8
2023-08-02,17326034.4
2023-08-09,17334598.4
2023-08-16,17292626.4
2023-08-23,17337280.1
2023-08-30,17275653.2
2023-09-06,17300279.8
2023-09-13,17295838.1
2023-09-20,17343935.5
2023-09-27,17343749.9
2023-10-04,17346191.3
2023-10-11,17358403.9
2023-10-18,17281528.1
2023-10-25,17333209.8
2023-11-01,17374580.8
2023-11-08,17331295.2
2023-11-15,17370801.8
2023-11-22,17377117.4
2023-11-29,17316911.3
2023-12-06,17363303.3
2023-12-13,17368307.3
2023-12-20,17418504.3
2023-12-27,17436076.1
2024-01-03,17453038.2
2024-01-10,17403825.1
2024-01-17,17460377.1
2024-01-24,17425087.0
2024-01-31,17525918.9
2024-02-07,17480100.3
2024-02-14,17508716.5
2024-02-21,17462316.4
2024-02-28,17493500.1
2024-03-06,17522701.0
2024-03-13,17547719.4
2024-03-20,17562018.2
2024-03-27,17585719.1
2024-04-03,17527969.4
2024-04-10,17541049.7
2024-04-17,17444011.9
2024-04-24,17555143.4
2024-05-01,17561968.4
2024-05-08,17548423.9
2024-05-15,17584918.8
2024-05-22,17576444.4
2024-05-29,17547116.3
2024-06-05,17583320.2
2024-06-12,17576662.4
2024-06-19,17617031.3
2024-06-26,17583831.6
2024-07-03,17542479.7
2024-07-10,17565429.9
2024-07-17,17574263.7
2024-07-24,17588797.7
2024-07-31,17660646.4
2024-08-07,17616571.3
2024-08-14,17634699.9
2024-08-21,17653313.6
2024-08-28,17655907.2
2024-09-04,17708547.7
2024-09-11,17696123.3
2024-09-18,17741905.8
2024-09-25,17733391.6
2024-10-02,17779798.7
2024-10-09,17747421.7
2024-10-16,17811422.8
2024-10-23,17808352.2
2024-10-30,17856703.1
2024-11-06,17850333.3
2024-11-13,17845186.6
2024-11-20,17813039.1
2024-11-27,17894371.6
2024-12-04,17857682.5
2024-12-11,17866365.1
2024-12-18,17834862.3
2024-12-25,17879070.5
2025-01-01,17815345.8
2025-01-08,17910288.7
2025-01-15,17917836.6
2025-01-22,17988001.0
2025-01-29,17931505.4
2025-02-05,17941293.5
2025-02-12,17931868.4
2025-02-19,17982571.3
2025-02-26,17972227.7
2025-03-05,17982337.1
2025-03-12,17996547.5
2025-03-19,18034793.8
2025-03-26,18048013.2
2025-04-02,18079792.0
2025-04-09,18053926.5
2025-04-16,18080904.9
2025-04-23,18087211.6
2025-04-30,18102983.9
2025-05-07,18110994.4
2025-05-14,18131526.9
2025-05-21,18147455.7
2025-05-28,18156239.6
2025-06-04,18163404.2
2025-06-11,18205930.6
2025-06-18,18168410.7
2025-06-25,18248947.3
2025-07-02,18272315.2
2025-07-09,18241071.7
2025-07-16,18265854.4
2025-07-23,18295847.8
2025-07-30,18289234.7
2025-08-06,18301467.2
2025-08-13,18336785.9
2025-08-20,18328979.6
2025-08-27,18357778.2
2025-09-03,18372795.4
2025-09-10,18387006.9
2025-09-17,18377101.4
2025-09-24,18414598.0
2025-10-01,18496409.9
2025-10-08,18442834.4
2025-10-15,18504298.6
2025-10-22,18496046.1
2025-10-29,18454742.8
2025-11-05,18436750.6
2025-11-12,18524580.8
2025-11-19,18476323.0
2025-11-26,18554070.7
2025-12-03,18525618.9
2025-12-10,18564049.8
2025-12-17,18580899.2
2025-12-24,18643930.9
2025-12-31,18587737.5
2026-01-07,18645849.0
2026-01-14,18649259.9
2026-01-21,18651065.6
2026-01-28,18683276.9
2026-02-04,18756708.6
2026-02-11,18797496.6
2026-02-18,18825838.0
2026-02-25,18845079.0
2026-03-04,18862619.8
2026-03-11,18903476.1
2026-03-18,18923076.2
2026-03-25,18986077.1
2026-04-01,19061250.0
2026-04-08,19041112.4
2026-04-15,19086252.1
2026-04-22,19075229.5
2026-04-29,19115920.8
2026-05-06,19202833.4
2026-05-13,19267754.7
2026-05-20,19275008.2
2026-05-27,19320269.6
2026-06-03,19284832.6
2026-06-10,19343178.1
2026-06-17,19310566.6
2026-06-24,19384036.4
2026-07-01,19434497.4
2026-07-08,19364371.5
2026-07-15,19470064.2
2026-07-22,19405384.6
2026-07-29,19368323.9
2026-08-05,19497765.3
2026-08-12,19534106.4
2026-08-19,19532126.5
2026-08-26,19559478.4
