observation_date,DJIA
2011-08-29,11539.25
2011-08-30,11559.9501953125
2011-08-31,11613.5302734375
2011-09-01,11493.5703125
2011-09-02,11240.259765625
2011-09-06,11139.2998046875
2011-09-07,11414.8603515625
2011-09-08,11295.8095703125
2011-09-09,10992.1298828125
2011-09-12,11061.1201171875
2011-09-13,11105.849609375
2011-09-14,11246.73046875
2011-09-15,11433.1796875
2011-09-16,11509.08984375
2011-09-19,11401.009765625
2011-09-20,11408.66015625
2011-09-21,11124.83984375
2011-09-22,10733.830078125
2011-09-23,10771.48046875
2011-09-26,11043.8603515625
2011-09-27,11190.6904296875
2011-09-28,11010.900390625
2011-09-29,11153.98046875
2011-09-30,10913.3798828125
2011-10-03,10655.2998046875
2011-10-04,10808.7099609375
2011-10-05,10939.9501953125
2011-10-06,11123.330078125
2011-10-07,11103.1201171875
2011-10-10,11433.1796875
2011-10-11,11416.2998046875
2011-10-12,11518.849609375
2011-10-13,11478.1298828125
2011-10-14,11644.490234375
2011-10-17,11397.0
2011-10-18,11577.0498046875
2011-10-19,11504.6201171875
2011-10-20,11541.7802734375
2011-10-21,11808.7900390625
2011-10-24,11913.6201171875
2011-10-25,11706.6201171875
2011-10-26,11869.0400390625
2011-10-27,12208.5498046875
2011-10-28,12231.1103515625
2011-10-31,11955.009765625
2011-11-01,11657.9599609375
2011-11-02,11836.0400390625
2011-11-03,12044.4697265625
2011-11-04,11983.240234375
2011-11-07,12068.3896484375
2011-11-08,12170.1796875
2011-11-09,11780.9404296875
2011-11-10,11893.8603515625
2011-11-11,12153.6796875
2011-11-14,12078.98046875
2011-11-15,12096.16015625
2011-11-16,11905.58984375
2011-11-17,11770.73046875
2011-11-18,11796.16015625
2011-11-21,11547.3095703125
2011-11-22,11493.7197265625
2011-11-23,11257.5498046875
2011-11-25,11231.650390625
2011-11-28,11523.009765625
2011-11-29,11555.6298828125
2011-11-30,12045.6796875
2011-12-01,12020.0302734375
2011-12-02,12019.419921875
2011-12-05,12097.830078125
2011-12-06,12150.1298828125
2011-12-07,12196.3701171875
2011-12-08,11997.7001953125
2011-12-09,12184.259765625
2011-12-12,12021.3896484375
2011-12-13,11954.9404296875
2011-12-14,11823.48046875
2011-12-15,11868.8095703125
2011-12-16,11866.3896484375
2011-12-19,11766.259765625
2011-12-20,12103.580078125
2011-12-21,12107.740234375
2011-12-22,12169.650390625
2011-12-23,12294.0
2011-12-27,12291.349609375
2011-12-28,12151.41015625
2011-12-29,12287.0400390625
2011-12-30,12217.5595703125
2012-01-03,12397.3798828125
2012-01-04,12418.419921875
2012-01-05,12415.7001953125
2012-01-06,12359.919921875
2012-01-09,12392.6904296875
2012-01-10,12462.4697265625
2012-01-11,12449.4501953125
2012-01-12,12471.01953125
2012-01-13,12422.0595703125
2012-01-17,12482.0703125
2012-01-18,12578.9501953125
2012-01-19,12623.98046875
2012-01-20,12720.48046875
2012-01-23,12708.8203125
2012-01-24,12675.75
2012-01-25,12758.849609375
2012-01-26,12734.6298828125
2012-01-27,12660.4599609375
2012-01-30,12653.7197265625
2012-01-31,12632.91015625
2012-02-01,12716.4599609375
2012-02-02,12705.41015625
2012-02-03,12862.23046875
2012-02-06,12845.1298828125
2012-02-07,12878.2001953125
2012-02-08,12883.9501953125
2012-02-09,12890.4599609375
2012-02-10,12801.23046875
2012-02-13,12874.0400390625
2012-02-14,12878.2802734375
2012-02-15,12780.9501953125
2012-02-16,12904.080078125
2012-02-17,12949.8701171875
2012-02-21,12965.6904296875
2012-02-22,12938.669921875
2012-02-23,12984.6904296875
2012-02-24,12982.9501953125
2012-02-27,12981.509765625
2012-02-28,13005.1201171875
2012-02-29,12952.0703125
2012-03-01,12980.2998046875
2012-03-02,12977.5703125
2012-03-05,12962.8095703125
2012-03-06,12759.150390625
2012-03-07,12837.330078125
2012-03-08,12907.9404296875
2012-03-09,12922.01953125
2012-03-12,12959.7099609375
2012-03-13,13177.6796875
2012-03-14,13194.099609375
2012-03-15,13252.759765625
2012-03-16,13232.6201171875
2012-03-19,13239.1298828125
2012-03-20,13170.1904296875
2012-03-21,13124.6201171875
2012-03-22,13046.1396484375
2012-03-23,13080.73046875
2012-03-26,13241.6298828125
2012-03-27,13197.73046875
2012-03-28,13126.2099609375
2012-03-29,13145.8203125
2012-03-30,13212.0400390625
2012-04-02,13264.490234375
2012-04-03,13199.5498046875
2012-04-04,13074.75
2012-04-05,13060.1396484375
2012-04-09,12929.58984375
2012-04-10,12715.9296875
2012-04-11,12805.3896484375
2012-04-12,12986.580078125
2012-04-13,12849.58984375
2012-04-16,12921.41015625
2012-04-17,13115.5400390625
2012-04-18,13032.75
2012-04-19,12964.099609375
2012-04-20,13029.259765625
2012-04-23,12927.169921875
2012-04-24,13001.5595703125
2012-04-25,13090.7197265625
2012-04-26,13204.6201171875
2012-04-27,13228.3095703125
2012-04-30,13213.6298828125
2012-05-01,13279.3203125
2012-05-02,13268.5703125
2012-05-03,13206.58984375
2012-05-04,13038.26953125
2012-05-07,13008.5302734375
2012-05-08,12932.08984375
2012-05-09,12835.0595703125
2012-05-10,12855.0400390625
2012-05-11,12820.599609375
2012-05-14,12695.349609375
2012-05-15,12632.0
2012-05-16,12598.5498046875
2012-05-17,12442.490234375
2012-05-18,12369.3798828125
2012-05-21,12504.48046875
2012-05-22,12502.8095703125
2012-05-23,12496.150390625
2012-05-24,12529.75
2012-05-25,12454.830078125
2012-05-29,12580.6904296875
2012-05-30,12419.8603515625
2012-05-31,12393.4501953125
2012-06-01,12118.5703125
2012-06-04,12101.4599609375
2012-06-05,12127.9501953125
2012-06-06,12414.7900390625
2012-06-07,12460.9599609375
2012-06-08,12554.2001953125
2012-06-11,12411.23046875
2012-06-12,12573.7998046875
2012-06-13,12496.3798828125
2012-06-14,12651.91015625
2012-06-15,12767.169921875
2012-06-18,12741.8203125
2012-06-19,12837.330078125
2012-06-20,12824.3896484375
2012-06-21,12573.5703125
2012-06-22,12640.7802734375
2012-06-25,12502.66015625
2012-06-26,12534.669921875
2012-06-27,12627.009765625
2012-06-28,12602.259765625
2012-06-29,12880.08984375
2012-07-02,12871.3896484375
2012-07-03,12943.66015625
2012-07-05,12896.669921875
2012-07-06,12772.4697265625
2012-07-09,12736.2900390625
2012-07-10,12653.1201171875
2012-07-11,12604.5302734375
2012-07-12,12573.26953125
2012-07-13,12777.08984375
2012-07-16,12727.2099609375
2012-07-17,12805.5400390625
2012-07-18,12908.7001953125
2012-07-19,12943.3603515625
2012-07-20,12822.5703125
2012-07-23,12721.4599609375
2012-07-24,12617.3203125
2012-07-25,12676.0498046875
2012-07-26,12887.9296875
2012-07-27,13075.66015625
2012-07-30,13073.009765625
2012-07-31,13008.6796875
2012-08-01,12976.1298828125
2012-08-02,12878.8798828125
2012-08-03,13096.169921875
2012-08-06,13117.509765625
2012-08-07,13168.599609375
2012-08-08,13175.6396484375
2012-08-09,13165.1904296875
2012-08-10,13207.9501953125
2012-08-13,13169.4296875
2012-08-14,13172.1396484375
2012-08-15,13164.7802734375
2012-08-16,13250.1103515625
2012-08-17,13275.2001953125
2012-08-20,13271.6396484375
2012-08-21,13203.580078125
2012-08-22,13172.759765625
2012-08-23,13057.4599609375
2012-08-24,13157.9697265625
2012-08-27,13124.669921875
2012-08-28,13102.990234375
2012-08-29,13107.48046875
2012-08-30,13000.7099609375
2012-08-31,13090.83984375
2012-09-04,13035.9404296875
2012-09-05,13047.48046875
2012-09-06,13292.0
2012-09-07,13306.6396484375
2012-09-10,13254.2900390625
2012-09-11,13323.3603515625
2012-09-12,13333.349609375
2012-09-13,13539.8603515625
2012-09-14,13593.3701171875
2012-09-17,13553.099609375
2012-09-18,13564.6396484375
2012-09-19,13577.9599609375
2012-09-20,13596.9296875
2012-09-21,13579.4697265625
2012-09-24,13558.919921875
2012-09-25,13457.5498046875
2012-09-26,13413.509765625
2012-09-27,13485.9697265625
2012-09-28,13437.1298828125
2012-10-01,13515.1103515625
2012-10-02,13482.3603515625
2012-10-03,13494.6103515625
2012-10-04,13575.3603515625
2012-10-05,13610.150390625
2012-10-08,13583.650390625
2012-10-09,13473.5302734375
2012-10-10,13344.9697265625
2012-10-11,13326.3896484375
2012-10-12,13328.849609375
2012-10-15,13424.23046875
2012-10-16,13551.7802734375
2012-10-17,13557.0
2012-10-18,13548.9404296875
2012-10-19,13343.509765625
2012-10-22,13345.8896484375
2012-10-23,13102.5302734375
2012-10-24,13077.33984375
2012-10-25,13103.6796875
2012-10-26,13107.2099609375
2012-10-31,13096.4599609375
2012-11-01,13232.6201171875
2012-11-02,13093.16015625
2012-11-05,13112.4404296875
2012-11-06,13245.6796875
2012-11-07,12932.73046875
2012-11-08,12811.3203125
2012-11-09,12815.3896484375
2012-11-12,12815.080078125
2012-11-13,12756.1796875
2012-11-14,12570.9501953125
2012-11-15,12542.3798828125
2012-11-16,12588.3095703125
2012-11-19,12795.9599609375
2012-11-20,12788.509765625
2012-11-21,12836.8896484375
2012-11-23,13009.5302734375
2012-11-26,12967.3701171875
2012-11-27,12878.1298828125
2012-11-28,12985.1103515625
2012-11-29,13021.8203125
2012-11-30,13025.580078125
2012-12-03,12965.599609375
2012-12-04,12951.7802734375
2012-12-05,13034.490234375
2012-12-06,13074.0400390625
2012-12-07,13155.1298828125
2012-12-10,13169.8798828125
2012-12-11,13248.4404296875
2012-12-12,13245.4501953125
2012-12-13,13170.7197265625
2012-12-14,13135.009765625
2012-12-17,13235.3896484375
2012-12-18,13350.9599609375
2012-12-19,13251.9697265625
2012-12-20,13311.7197265625
2012-12-21,13190.83984375
2012-12-24,13138.9296875
2012-12-26,13114.58984375
2012-12-27,13096.3095703125
2012-12-28,12938.1103515625
2012-12-31,13104.1396484375
2013-01-02,13412.5498046875
2013-01-03,13391.3603515625
2013-01-04,13435.2099609375
2013-01-07,13384.2900390625
2013-01-08,13328.849609375
2013-01-09,13390.509765625
2013-01-10,13471.2197265625
2013-01-11,13488.4296875
2013-01-14,13507.3203125
2013-01-15,13534.8896484375
2013-01-16,13511.23046875
2013-01-17,13596.01953125
2013-01-18,13649.7001953125
2013-01-22,13712.2099609375
2013-01-23,13779.330078125
2013-01-24,13825.330078125
2013-01-25,13895.98046875
2013-01-28,13881.9296875
2013-01-29,13954.419921875
2013-01-30,13910.419921875
2013-01-31,13860.580078125
2013-02-01,14009.7900390625
2013-02-04,13880.080078125
2013-02-05,13979.2998046875
2013-02-06,13986.51953125
2013-02-07,13944.0498046875
2013-02-08,13992.9697265625
2013-02-11,13971.240234375
2013-02-12,14018.7001953125
2013-02-13,13982.91015625
2013-02-14,13973.3896484375
2013-02-15,13981.759765625
2013-02-19,14035.669921875
2013-02-20,13927.5400390625
2013-02-21,13880.6201171875
2013-02-22,14000.5703125
2013-02-25,13784.169921875
2013-02-26,13900.1298828125
2013-02-27,14075.3701171875
2013-02-28,14054.490234375
2013-03-01,14089.66015625
2013-03-04,14127.8203125
2013-03-05,14253.76953125
2013-03-06,14296.240234375
2013-03-07,14329.490234375
2013-03-08,14397.0703125
2013-03-11,14447.2900390625
2013-03-12,14450.0595703125
2013-03-13,14455.2802734375
2013-03-14,14539.1396484375
2013-03-15,14514.1103515625
2013-03-18,14452.0595703125
2013-03-19,14455.8203125
2013-03-20,14511.73046875
2013-03-21,14421.490234375
2013-03-22,14512.0302734375
2013-03-25,14447.75
2013-03-26,14559.650390625
2013-03-27,14526.16015625
2013-03-28,14578.5400390625
2013-04-01,14572.849609375
2013-04-02,14662.009765625
2013-04-03,14550.349609375
2013-04-04,14606.1103515625
2013-04-05,14565.25
2013-04-08,14613.48046875
2013-04-09,14673.4599609375
2013-04-10,14802.240234375
2013-04-11,14865.1396484375
2013-04-12,14865.0595703125
2013-04-15,14599.2001953125
2013-04-16,14756.7802734375
2013-04-17,14618.58984375
2013-04-18,14537.1396484375
2013-04-19,14547.509765625
2013-04-22,14567.169921875
2013-04-23,14719.4599609375
2013-04-24,14676.2998046875
2013-04-25,14700.7998046875
2013-04-26,14712.5498046875
2013-04-29,14818.75
2013-04-30,14839.7998046875
2013-05-01,14700.9501953125
2013-05-02,14831.580078125
2013-05-03,14973.9599609375
2013-05-06,14968.8896484375
2013-05-07,15056.2001953125
2013-05-08,15105.1201171875
2013-05-09,15082.6201171875
2013-05-10,15118.490234375
2013-05-13,15091.6796875
2013-05-14,15215.25
2013-05-15,15275.6904296875
2013-05-16,15233.2197265625
2013-05-17,15354.400390625
2013-05-20,15335.2802734375
2013-05-21,15387.580078125
2013-05-22,15307.169921875
2013-05-23,15294.5
2013-05-24,15303.099609375
2013-05-28,15409.3896484375
2013-05-29,15302.7998046875
2013-05-30,15324.5302734375
2013-05-31,15115.5703125
2013-06-03,15254.0302734375
2013-06-04,15177.5400390625
2013-06-05,14960.58984375
2013-06-06,15040.6201171875
2013-06-07,15248.1201171875
2013-06-10,15238.58984375
2013-06-11,15122.01953125
2013-06-12,14995.23046875
2013-06-13,15176.080078125
2013-06-14,15070.1796875
2013-06-17,15179.849609375
2013-06-18,15318.23046875
2013-06-19,15112.1904296875
2013-06-20,14758.3203125
2013-06-21,14799.400390625
2013-06-24,14659.5595703125
2013-06-25,14760.3095703125
2013-06-26,14910.1396484375
2013-06-27,15024.490234375
2013-06-28,14909.599609375
2013-07-01,14974.9599609375
2013-07-02,14932.41015625
2013-07-03,14988.3701171875
2013-07-05,15135.83984375
2013-07-08,15224.6904296875
2013-07-09,15300.33984375
2013-07-10,15291.66015625
2013-07-11,15460.919921875
2013-07-12,15464.2998046875
2013-07-15,15484.259765625
2013-07-16,15451.849609375
2013-07-17,15470.51953125
2013-07-18,15548.5400390625
2013-07-19,15543.740234375
2013-07-22,15545.5498046875
2013-07-23,15567.740234375
2013-07-24,15542.240234375
2013-07-25,15555.6103515625
2013-07-26,15558.830078125
2013-07-29,15521.9697265625
2013-07-30,15520.58984375
2013-07-31,15499.5400390625
2013-08-01,15628.01953125
2013-08-02,15658.3603515625
2013-08-05,15612.1298828125
2013-08-06,15518.740234375
2013-08-07,15470.669921875
2013-08-08,15498.3203125
2013-08-09,15425.509765625
2013-08-12,15419.6796875
2013-08-13,15451.009765625
2013-08-14,15337.66015625
2013-08-15,15112.1904296875
2013-08-16,15081.4697265625
2013-08-19,15010.740234375
2013-08-20,15002.990234375
2013-08-21,14897.5498046875
2013-08-22,14963.740234375
2013-08-23,15010.509765625
2013-08-26,14946.4599609375
2013-08-27,14776.1298828125
2013-08-28,14824.509765625
2013-08-29,14840.9501953125
2013-08-30,14810.3095703125
2013-09-03,14833.9599609375
2013-09-04,14930.8701171875
2013-09-05,14937.48046875
2013-09-06,14922.5
2013-09-09,15063.1201171875
2013-09-10,15191.0595703125
2013-09-11,15326.599609375
2013-09-12,15300.6396484375
2013-09-13,15376.0595703125
2013-09-16,15494.7802734375
2013-09-17,15529.73046875
2013-09-18,15676.9404296875
2013-09-19,15636.5498046875
2013-09-20,15451.08984375
2013-09-23,15401.3798828125
2013-09-24,15334.58984375
2013-09-25,15273.259765625
2013-09-26,15328.2998046875
2013-09-27,15258.240234375
2013-09-30,15129.669921875
2013-10-01,15191.7001953125
2013-10-02,15133.1396484375
2013-10-03,14996.48046875
2013-10-04,15072.580078125
2013-10-07,14936.240234375
2013-10-08,14776.5302734375
2013-10-09,14802.98046875
2013-10-10,15126.0703125
2013-10-11,15237.1103515625
2013-10-14,15301.259765625
2013-10-15,15168.009765625
2013-10-16,15373.830078125
2013-10-17,15371.650390625
2013-10-18,15399.650390625
2013-10-21,15392.2001953125
2013-10-22,15467.66015625
2013-10-23,15413.330078125
2013-10-24,15509.2099609375
2013-10-25,15570.2802734375
2013-10-28,15568.9296875
2013-10-29,15680.349609375
2013-10-30,15618.759765625
2013-10-31,15545.75
2013-11-01,15615.5498046875
2013-11-04,15639.1201171875
2013-11-05,15618.2197265625
2013-11-06,15746.8798828125
2013-11-07,15593.98046875
2013-11-08,15761.7802734375
2013-11-11,15783.099609375
2013-11-12,15750.669921875
2013-11-13,15821.6298828125
2013-11-14,15876.2197265625
2013-11-15,15961.7001953125
2013-11-18,15976.01953125
2013-11-19,15967.0302734375
2013-11-20,15900.8203125
2013-11-21,16009.990234375
2013-11-22,16064.76953125
2013-11-25,16072.5400390625
2013-11-26,16072.7998046875
2013-11-27,16097.330078125
2013-11-29,16086.41015625
2013-12-02,16008.76953125
2013-12-03,15914.6201171875
2013-12-04,15889.76953125
2013-12-05,15821.509765625
2013-12-06,16020.2001953125
2013-12-09,16025.5302734375
2013-12-10,15973.1298828125
2013-12-11,15843.5302734375
2013-12-12,15739.4296875
2013-12-13,15755.3603515625
2013-12-16,15884.5703125
2013-12-17,15875.259765625
2013-12-18,16167.9697265625
2013-12-19,16179.080078125
2013-12-20,16221.1396484375
2013-12-23,16294.6103515625
2013-12-24,16357.5498046875
2013-12-26,16479.880859375
2013-12-27,16478.41015625
2013-12-30,16504.2890625
2013-12-31,16576.66015625
2014-01-02,16441.349609375
2014-01-03,16469.990234375
2014-01-06,16425.099609375
2014-01-07,16530.939453125
2014-01-08,16462.740234375
2014-01-09,16444.759765625
2014-01-10,16437.05078125
2014-01-13,16257.9404296875
2014-01-14,16373.8603515625
2014-01-15,16481.939453125
2014-01-16,16417.009765625
2014-01-17,16458.560546875
2014-01-21,16414.439453125
2014-01-22,16373.33984375
2014-01-23,16197.349609375
2014-01-24,15879.1103515625
2014-01-27,15837.8798828125
2014-01-28,15928.5595703125
2014-01-29,15738.7900390625
2014-01-30,15848.6103515625
2014-01-31,15698.849609375
2014-02-03,15372.7998046875
2014-02-04,15445.240234375
2014-02-05,15440.23046875
2014-02-06,15628.5302734375
2014-02-07,15794.080078125
2014-02-10,15801.7900390625
2014-02-11,15994.76953125
2014-02-12,15963.9404296875
2014-02-13,16027.58984375
2014-02-14,16154.3896484375
2014-02-18,16130.400390625
2014-02-19,16040.5595703125
2014-02-20,16133.23046875
2014-02-21,16103.2998046875
2014-02-24,16207.1396484375
2014-02-25,16179.66015625
2014-02-26,16198.41015625
2014-02-27,16272.650390625
2014-02-28,16321.7099609375
2014-03-03,16168.0302734375
2014-03-04,16395.880859375
2014-03-05,16360.1796875
2014-03-06,16421.890625
2014-03-07,16452.720703125
2014-03-10,16418.6796875
2014-03-11,16351.25
2014-03-12,16340.080078125
2014-03-13,16108.8896484375
2014-03-14,16065.669921875
2014-03-17,16247.2197265625
2014-03-18,16336.1904296875
2014-03-19,16222.169921875
2014-03-20,16331.0498046875
2014-03-21,16302.76953125
2014-03-24,16276.6904296875
2014-03-25,16367.8798828125
2014-03-26,16268.990234375
2014-03-27,16264.23046875
2014-03-28,16323.0595703125
2014-03-31,16457.66015625
2014-04-01,16532.609375
2014-04-02,16573.0
2014-04-03,16572.55078125
2014-04-04,16412.7109375
2014-04-07,16245.8701171875
2014-04-08,16256.1396484375
2014-04-09,16437.1796875
2014-04-10,16170.2197265625
2014-04-11,16026.75
2014-04-14,16173.240234375
2014-04-15,16262.5595703125
2014-04-16,16424.849609375
2014-04-17,16408.5390625
2014-04-21,16449.25
2014-04-22,16514.369140625
2014-04-23,16501.650390625
2014-04-24,16501.650390625
2014-04-25,16361.4599609375
2014-04-28,16448.740234375
2014-04-29,16535.369140625
2014-04-30,16580.83984375
2014-05-01,16558.869140625
2014-05-02,16512.890625
2014-05-05,16530.55078125
2014-05-06,16401.01953125
2014-05-07,16518.5390625
2014-05-08,16550.970703125
2014-05-09,16583.33984375
2014-05-12,16695.470703125
2014-05-13,16715.439453125
2014-05-14,16613.970703125
2014-05-15,16446.810546875
2014-05-16,16491.310546875
2014-05-19,16511.859375
2014-05-20,16374.3095703125
2014-05-21,16533.060546875
2014-05-22,16543.080078125
2014-05-23,16606.26953125
2014-05-27,16675.5
2014-05-28,16633.1796875
2014-05-29,16698.740234375
2014-05-30,16717.169921875
2014-06-02,16743.630859375
2014-06-03,16722.33984375
2014-06-04,16737.529296875
2014-06-05,16836.109375
2014-06-06,16924.279296875
2014-06-09,16943.099609375
2014-06-10,16945.919921875
2014-06-11,16843.880859375
2014-06-12,16734.189453125
2014-06-13,16775.740234375
2014-06-16,16781.009765625
2014-06-17,16808.490234375
2014-06-18,16906.619140625
2014-06-19,16921.4609375
2014-06-20,16947.080078125
2014-06-23,16937.259765625
2014-06-24,16818.130859375
2014-06-25,16867.509765625
2014-06-26,16846.130859375
2014-06-27,16851.83984375
2014-06-30,16826.599609375
2014-07-01,16956.0703125
2014-07-02,16976.240234375
2014-07-03,17068.259765625
2014-07-07,17024.2109375
2014-07-08,16906.619140625
2014-07-09,16985.609375
2014-07-10,16915.0703125
2014-07-11,16943.810546875
2014-07-14,17055.419921875
2014-07-15,17060.6796875
2014-07-16,17138.19921875
2014-07-17,16976.810546875
2014-07-18,17100.1796875
2014-07-21,17051.73046875
2014-07-22,17113.5390625
2014-07-23,17086.630859375
2014-07-24,17083.80078125
2014-07-25,16960.5703125
2014-07-28,16982.58984375
2014-07-29,16912.109375
2014-07-30,16880.359375
2014-07-31,16563.30078125
2014-08-01,16493.369140625
2014-08-04,16569.279296875
2014-08-05,16429.470703125
2014-08-06,16443.33984375
2014-08-07,16368.26953125
2014-08-08,16553.9296875
2014-08-11,16569.98046875
2014-08-12,16560.5390625
2014-08-13,16651.80078125
2014-08-14,16713.580078125
2014-08-15,16662.91015625
2014-08-18,16838.740234375
2014-08-19,16919.58984375
2014-08-20,16979.130859375
2014-08-21,17039.490234375
2014-08-22,17001.220703125
2014-08-25,17076.869140625
2014-08-26,17106.69921875
2014-08-27,17122.009765625
2014-08-28,17079.5703125
2014-08-29,17098.44921875
2014-09-02,17067.560546875
2014-09-03,17078.279296875
2014-09-04,17069.580078125
2014-09-05,17137.359375
2014-09-08,17111.419921875
2014-09-09,17013.869140625
2014-09-10,17068.7109375
2014-09-11,17049.0
2014-09-12,16987.509765625
2014-09-15,17031.140625
2014-09-16,17131.970703125
2014-09-17,17156.849609375
2014-09-18,17265.990234375
2014-09-19,17279.740234375
2014-09-22,17172.6796875
2014-09-23,17055.869140625
2014-09-24,17210.060546875
2014-09-25,16945.80078125
2014-09-26,17113.150390625
2014-09-29,17071.220703125
2014-09-30,17042.900390625
2014-10-01,16804.7109375
2014-10-02,16801.05078125
2014-10-03,17009.689453125
2014-10-06,16991.91015625
2014-10-07,16719.390625
2014-10-08,16994.220703125
2014-10-09,16659.25
2014-10-10,16544.099609375
2014-10-13,16321.0703125
2014-10-14,16315.1904296875
2014-10-15,16141.740234375
2014-10-16,16117.240234375
2014-10-17,16380.41015625
2014-10-20,16399.669921875
2014-10-21,16614.810546875
2014-10-22,16461.3203125
2014-10-23,16677.900390625
2014-10-24,16805.41015625
2014-10-27,16817.939453125
2014-10-28,17005.75
2014-10-29,16974.310546875
2014-10-30,17195.419921875
2014-10-31,17390.51953125
2014-11-03,17366.240234375
2014-11-04,17383.83984375
2014-11-05,17484.529296875
2014-11-06,17554.470703125
2014-11-07,17573.9296875
2014-11-10,17613.740234375
2014-11-11,17614.900390625
2014-11-12,17612.19921875
2014-11-13,17652.7890625
2014-11-14,17634.740234375
2014-11-17,17647.75
2014-11-18,17687.8203125
2014-11-19,17685.73046875
2014-11-20,17719.0
2014-11-21,17810.060546875
2014-11-24,17817.900390625
2014-11-25,17814.939453125
2014-11-26,17827.75
2014-11-28,17828.240234375
2014-12-01,17776.80078125
2014-12-02,17879.55078125
2014-12-03,17912.619140625
2014-12-04,17900.099609375
2014-12-05,17958.7890625
2014-12-08,17852.48046875
2014-12-09,17801.19921875
2014-12-10,17533.150390625
2014-12-11,17596.33984375
2014-12-12,17280.830078125
2014-12-15,17180.83984375
2014-12-16,17068.869140625
2014-12-17,17356.869140625
2014-12-18,17778.150390625
2014-12-19,17804.80078125
2014-12-22,17959.439453125
2014-12-23,18024.169921875
2014-12-24,18030.2109375
2014-12-26,18053.7109375
2014-12-29,18038.23046875
2014-12-30,17983.0703125
2014-12-31,17823.0703125
2015-01-02,17832.990234375
2015-01-05,17501.650390625
2015-01-06,17371.640625
2015-01-07,17584.51953125
2015-01-08,17907.869140625
2015-01-09,17737.369140625
2015-01-12,17640.83984375
2015-01-13,17613.6796875
2015-01-14,17427.08984375
2015-01-15,17320.7109375
2015-01-16,17511.5703125
2015-01-20,17515.23046875
2015-01-21,17554.279296875
2015-01-22,17813.98046875
2015-01-23,17672.599609375
2015-01-26,17678.69921875
2015-01-27,17387.2109375
2015-01-28,17191.369140625
2015-01-29,17416.849609375
2015-01-30,17164.94921875
2015-02-02,17361.0390625
2015-02-03,17666.400390625
2015-02-04,17673.01953125
2015-02-05,17884.880859375
2015-02-06,17824.2890625
2015-02-09,17729.2109375
2015-02-10,17868.759765625
2015-02-11,17862.140625
2015-02-12,17972.380859375
2015-02-13,18019.349609375
2015-02-17,18047.580078125
2015-02-18,18029.849609375
2015-02-19,17985.76953125
2015-02-20,18140.439453125
2015-02-23,18116.83984375
2015-02-24,18209.189453125
2015-02-25,18224.5703125
2015-02-26,18214.419921875
2015-02-27,18132.69921875
2015-03-02,18288.630859375
2015-03-03,18203.369140625
2015-03-04,18096.900390625
2015-03-05,18135.720703125
2015-03-06,17856.779296875
2015-03-09,17995.720703125
2015-03-10,17662.939453125
2015-03-11,17635.390625
2015-03-12,17895.220703125
2015-03-13,17749.310546875
2015-03-16,17977.419921875
2015-03-17,17849.080078125
2015-03-18,18076.189453125
2015-03-19,17959.029296875
2015-03-20,18127.650390625
2015-03-23,18116.0390625
2015-03-24,18011.140625
2015-03-25,17718.5390625
2015-03-26,17678.23046875
2015-03-27,17712.66015625
2015-03-30,17976.310546875
2015-03-31,17776.119140625
2015-04-01,17698.1796875
2015-04-02,17763.240234375
2015-04-06,17880.849609375
2015-04-07,17875.419921875
2015-04-08,17902.509765625
2015-04-09,17958.73046875
2015-04-10,18057.650390625
2015-04-13,17977.0390625
2015-04-14,18036.69921875
2015-04-15,18112.609375
2015-04-16,18105.76953125
2015-04-17,17826.30078125
2015-04-20,18034.9296875
2015-04-21,17949.58984375
2015-04-22,18038.26953125
2015-04-23,18058.689453125
2015-04-24,18080.140625
2015-04-27,18037.970703125
2015-04-28,18110.140625
2015-04-29,18035.529296875
2015-04-30,17840.51953125
2015-05-01,18024.060546875
2015-05-04,18070.400390625
2015-05-05,17928.19921875
2015-05-06,17841.98046875
2015-05-07,17924.060546875
2015-05-08,18191.109375
2015-05-11,18105.169921875
2015-05-12,18068.23046875
2015-05-13,18060.490234375
2015-05-14,18252.240234375
2015-05-15,18272.560546875
2015-05-18,18298.880859375
2015-05-19,18312.390625
2015-05-20,18285.400390625
2015-05-21,18285.740234375
2015-05-22,18232.01953125
2015-05-26,18041.5390625
2015-05-27,18162.990234375
2015-05-28,18126.119140625
2015-05-29,18010.6796875
2015-06-01,18040.369140625
2015-06-02,18011.939453125
2015-06-03,18076.26953125
2015-06-04,17905.580078125
2015-06-05,17849.4609375
2015-06-08,17766.55078125
2015-06-09,17764.0390625
2015-06-10,18000.400390625
2015-06-11,18039.369140625
2015-06-12,17898.83984375
2015-06-15,17791.169921875
2015-06-16,17904.48046875
2015-06-17,17935.740234375
2015-06-18,18115.83984375
2015-06-19,18015.94921875
2015-06-22,18119.779296875
2015-06-23,18144.0703125
2015-06-24,17966.0703125
2015-06-25,17890.359375
2015-06-26,17946.6796875
2015-06-29,17596.349609375
2015-06-30,17619.509765625
2015-07-01,17757.91015625
2015-07-02,17730.109375
2015-07-06,17683.580078125
2015-07-07,17776.91015625
2015-07-08,17515.419921875
2015-07-09,17548.619140625
2015-07-10,17760.41015625
2015-07-13,17977.6796875
2015-07-14,18053.580078125
2015-07-15,18050.169921875
2015-07-16,18120.25
2015-07-17,18086.44921875
2015-07-20,18100.41015625
2015-07-21,17919.2890625
2015-07-22,17851.0390625
2015-07-23,17731.919921875
2015-07-24,17568.529296875
2015-07-27,17440.58984375
2015-07-28,17630.26953125
2015-07-29,17751.390625
2015-07-30,17745.98046875
2015-07-31,17689.859375
2015-08-03,17598.19921875
2015-08-04,17550.689453125
2015-08-05,17540.470703125
2015-08-06,17419.75
2015-08-07,17373.380859375
2015-08-10,17615.169921875
2015-08-11,17402.83984375
2015-08-12,17402.509765625
2015-08-13,17408.25
2015-08-14,17477.400390625
2015-08-17,17545.1796875
2015-08-18,17511.33984375
2015-08-19,17348.73046875
2015-08-20,16990.689453125
2015-08-21,16459.75
2015-08-24,15871.349609375
2015-08-25,15666.4404296875
2015-08-26,16285.509765625
2015-08-27,16654.76953125
2015-08-28,16643.009765625
2015-08-31,16528.029296875
2015-09-01,16058.349609375
2015-09-02,16351.3798828125
2015-09-03,16374.759765625
2015-09-04,16102.3798828125
2015-09-08,16492.6796875
2015-09-09,16253.5703125
2015-09-10,16330.400390625
2015-09-11,16433.08984375
2015-09-14,16370.9599609375
2015-09-15,16599.849609375
2015-09-16,16739.94921875
2015-09-17,16674.740234375
2015-09-18,16384.580078125
2015-09-21,16510.189453125
2015-09-22,16330.4697265625
2015-09-23,16279.8896484375
2015-09-24,16201.3203125
2015-09-25,16314.669921875
2015-09-28,16001.8896484375
2015-09-29,16049.1298828125
2015-09-30,16284.7001953125
2015-10-01,16272.009765625
2015-10-02,16472.369140625
2015-10-05,16776.4296875
2015-10-06,16790.189453125
2015-10-07,16912.2890625
2015-10-08,17050.75
2015-10-09,17084.490234375
2015-10-12,17131.859375
2015-10-13,17081.890625
2015-10-14,16924.75
2015-10-15,17141.75
2015-10-16,17215.970703125
2015-10-19,17230.5390625
2015-10-20,17217.109375
2015-10-21,17168.609375
2015-10-22,17489.16015625
2015-10-23,17646.69921875
2015-10-26,17623.05078125
2015-10-27,17581.4296875
2015-10-28,17779.51953125
2015-10-29,17755.80078125
2015-10-30,17663.5390625
2015-11-02,17828.759765625
2015-11-03,17918.150390625
2015-11-04,17867.580078125
2015-11-05,17863.4296875
2015-11-06,17910.330078125
2015-11-09,17730.48046875
2015-11-10,17758.2109375
2015-11-11,17702.220703125
2015-11-12,17448.0703125
2015-11-13,17245.240234375
2015-11-16,17483.009765625
2015-11-17,17489.5
2015-11-18,17737.16015625
2015-11-19,17732.75
2015-11-20,17823.810546875
2015-11-23,17792.6796875
2015-11-24,17812.189453125
2015-11-25,17813.390625
2015-11-27,17813.390625
2015-11-30,17719.919921875
2015-12-01,17888.349609375
2015-12-02,17729.6796875
2015-12-03,17477.669921875
2015-12-04,17847.630859375
2015-12-07,17730.509765625
2015-12-08,17568.0
2015-12-09,17492.30078125
2015-12-10,17574.75
2015-12-11,17265.2109375
2015-12-14,17368.5
2015-12-15,17524.91015625
2015-12-16,17749.08984375
2015-12-17,17495.83984375
2015-12-18,17128.55078125
2015-12-21,17251.619140625
2015-12-22,17417.26953125
2015-12-23,17602.609375
2015-12-24,17552.169921875
2015-12-28,17528.26953125
2015-12-29,17720.98046875
2015-12-30,17603.869140625
2015-12-31,17425.029296875
2016-01-04,17148.939453125
2016-01-05,17158.66015625
2016-01-06,16906.509765625
2016-01-07,16514.099609375
2016-01-08,16346.4501953125
2016-01-11,16398.5703125
2016-01-12,16516.220703125
2016-01-13,16151.41015625
2016-01-14,16379.0498046875
2016-01-15,15988.080078125
2016-01-19,16016.01953125
2016-01-20,15766.740234375
2016-01-21,15882.6796875
2016-01-22,16093.509765625
2016-01-25,15885.2197265625
2016-01-26,16167.23046875
2016-01-27,15944.4599609375
2016-01-28,16069.6396484375
2016-01-29,16466.30078125
2016-02-01,16449.1796875
2016-02-02,16153.5400390625
2016-02-03,16336.66015625
2016-02-04,16416.580078125
2016-02-05,16204.9697265625
2016-02-08,16027.0498046875
2016-02-09,16014.3798828125
2016-02-10,15914.740234375
2016-02-11,15660.1796875
2016-02-12,15973.83984375
2016-02-16,16196.41015625
2016-02-17,16453.830078125
2016-02-18,16413.4296875
2016-02-19,16391.990234375
2016-02-22,16620.66015625
2016-02-23,16431.779296875
2016-02-24,16484.990234375
2016-02-25,16697.2890625
2016-02-26,16639.970703125
2016-02-29,16516.5
2016-03-01,16865.080078125
2016-03-02,16899.3203125
2016-03-03,16943.900390625
2016-03-04,17006.76953125
2016-03-07,17073.94921875
2016-03-08,16964.099609375
2016-03-09,17000.359375
2016-03-10,16995.130859375
2016-03-11,17213.310546875
2016-03-14,17229.130859375
2016-03-15,17251.529296875
2016-03-16,17325.759765625
2016-03-17,17481.490234375
2016-03-18,17602.30078125
2016-03-21,17623.869140625
2016-03-22,17582.5703125
2016-03-23,17502.58984375
2016-03-24,17515.73046875
2016-03-28,17535.390625
2016-03-29,17633.109375
2016-03-30,17716.66015625
2016-03-31,17685.08984375
2016-04-01,17792.75
2016-04-04,17737.0
2016-04-05,17603.3203125
2016-04-06,17716.05078125
2016-04-07,17541.9609375
2016-04-08,17576.9609375
2016-04-11,17556.41015625
2016-04-12,17721.25
2016-04-13,17908.279296875
2016-04-14,17926.4296875
2016-04-15,17897.4609375
2016-04-18,18004.16015625
2016-04-19,18053.599609375
2016-04-20,18096.26953125
2016-04-21,17982.51953125
2016-04-22,18003.75
2016-04-25,17977.240234375
2016-04-26,17990.3203125
2016-04-27,18041.55078125
2016-04-28,17830.759765625
2016-04-29,17773.640625
2016-05-02,17891.16015625
2016-05-03,17750.91015625
2016-05-04,17651.259765625
2016-05-05,17660.7109375
2016-05-06,17740.630859375
2016-05-09,17705.91015625
2016-05-10,17928.349609375
2016-05-11,17711.119140625
2016-05-12,17720.5
2016-05-13,17535.3203125
2016-05-16,17710.7109375
2016-05-17,17529.98046875
2016-05-18,17526.619140625
2016-05-19,17435.400390625
2016-05-20,17500.939453125
2016-05-23,17492.9296875
2016-05-24,17706.05078125
2016-05-25,17851.509765625
2016-05-26,17828.2890625
2016-05-27,17873.220703125
2016-05-31,17787.19921875
2016-06-01,17789.669921875
2016-06-02,17838.560546875
2016-06-03,17807.060546875
2016-06-06,17920.330078125
2016-06-07,17938.279296875
2016-06-08,18005.05078125
2016-06-09,17985.189453125
2016-06-10,17865.33984375
2016-06-13,17732.48046875
2016-06-14,17674.8203125
2016-06-15,17640.169921875
2016-06-16,17733.099609375
2016-06-17,17675.16015625
2016-06-20,17804.869140625
2016-06-21,17829.73046875
2016-06-22,17780.830078125
2016-06-23,18011.0703125
2016-06-24,17400.75
2016-06-27,17140.240234375
2016-06-28,17409.720703125
2016-06-29,17694.6796875
2016-06-30,17929.990234375
2016-07-01,17949.369140625
2016-07-05,17840.619140625
2016-07-06,17918.619140625
2016-07-07,17895.880859375
2016-07-08,18146.740234375
2016-07-11,18226.9296875
2016-07-12,18347.669921875
2016-07-13,18372.119140625
2016-07-14,18506.41015625
2016-07-15,18516.55078125
2016-07-18,18533.05078125
2016-07-19,18559.009765625
2016-07-20,18595.029296875
2016-07-21,18517.23046875
2016-07-22,18570.849609375
2016-07-25,18493.060546875
2016-07-26,18473.75
2016-07-27,18472.169921875
2016-07-28,18456.349609375
2016-07-29,18432.240234375
2016-08-01,18404.509765625
2016-08-02,18313.76953125
2016-08-03,18355.0
2016-08-04,18352.05078125
2016-08-05,18543.529296875
2016-08-08,18529.2890625
2016-08-09,18533.05078125
2016-08-10,18495.66015625
2016-08-11,18613.51953125
2016-08-12,18576.470703125
2016-08-15,18636.05078125
2016-08-16,18552.01953125
2016-08-17,18573.939453125
2016-08-18,18597.69921875
2016-08-19,18552.5703125
2016-08-22,18529.419921875
2016-08-23,18547.30078125
2016-08-24,18481.48046875
2016-08-25,18448.41015625
2016-08-26,18395.400390625
2016-08-29,18502.99
2016-08-30,18454.301
2016-08-31,18400.881
2016-09-01,18419.301
2016-09-02,18491.961
2016-09-06,18538.119
2016-09-07,18526.141
2016-09-08,18479.91
2016-09-09,18085.449
2016-09-12,18325.07
2016-09-13,18066.75
2016-09-14,18034.77
2016-09-15,18212.48
2016-09-16,18123.801
2016-09-19,18120.17
2016-09-20,18129.961
2016-09-21,18293.699
2016-09-22,18392.461
2016-09-23,18261.449
2016-09-26,18094.83
2016-09-27,18228.301
2016-09-28,18339.24
2016-09-29,18143.449
2016-09-30,18308.15
2016-10-03,18253.85
2016-10-04,18168.449
2016-10-05,18281.029
2016-10-06,18268.5
2016-10-07,18240.49
2016-10-10,18329.039
2016-10-11,18128.66
2016-10-12,18144.199
2016-10-13,18098.939
2016-10-14,18138.381
2016-10-17,18086.4
2016-10-18,18161.939
2016-10-19,18202.619
2016-10-20,18162.35
2016-10-21,18145.711
2016-10-24,18223.029
2016-10-25,18169.27
2016-10-26,18199.33
2016-10-27,18169.68
2016-10-28,18161.189
2016-10-31,18142.42
2016-11-01,18037.1
2016-11-02,17959.641
2016-11-03,17930.67
2016-11-04,17888.279
2016-11-07,18259.6
2016-11-08,18332.74
2016-11-09,18589.689
2016-11-10,18807.881
2016-11-11,18847.66
2016-11-14,18868.689
2016-11-15,18923.061
2016-11-16,18868.141
2016-11-17,18903.82
2016-11-18,18867.93
2016-11-21,18956.689
2016-11-22,19023.869
2016-11-23,19083.18
2016-11-25,19152.141
2016-11-28,19097.9
2016-11-29,19121.6
2016-11-30,19123.58
2016-12-01,19191.93
2016-12-02,19170.42
2016-12-05,19216.24
2016-12-06,19251.779
2016-12-07,19549.619
2016-12-08,19614.811
2016-12-09,19756.85
2016-12-12,19796.43
2016-12-13,19911.211
2016-12-14,19792.529
2016-12-15,19852.24
2016-12-16,19843.41
2016-12-19,19883.061
2016-12-20,19974.619
2016-12-21,19941.961
2016-12-22,19918.881
2016-12-23,19933.811
2016-12-27,19945.039
2016-12-28,19833.68
2016-12-29,19819.779
2016-12-30,19762.6
2017-01-03,19881.76
2017-01-04,19942.16
2017-01-05,19899.289
2017-01-06,19963.801
2017-01-09,19887.381
2017-01-10,19855.529
2017-01-11,19954.279
2017-01-12,19891.0
2017-01-13,19885.73
2017-01-17,19826.77
2017-01-18,19804.721
2017-01-19,19732.4
2017-01-20,19827.25
2017-01-23,19799.85
2017-01-24,19912.711
2017-01-25,20068.51
2017-01-26,20100.91
2017-01-27,20093.779
2017-01-30,19971.131
2017-01-31,19864.09
2017-02-01,19890.939
2017-02-02,19884.91
2017-02-03,20071.461
2017-02-06,20052.42
2017-02-07,20090.289
2017-02-08,20054.34
2017-02-09,20172.4
2017-02-10,20269.369
2017-02-13,20412.16
2017-02-14,20504.41
2017-02-15,20611.859
2017-02-16,20619.77
2017-02-17,20624.051
2017-02-21,20743.0
2017-02-22,20775.6
2017-02-23,20810.32
2017-02-24,20821.76
2017-02-27,20837.439
2017-02-28,20812.24
2017-03-01,21115.551
2017-03-02,21002.971
2017-03-03,21005.711
2017-03-06,20954.34
2017-03-07,20924.76
2017-03-08,20855.73
2017-03-09,20858.189
2017-03-10,20902.98
2017-03-13,20881.48
2017-03-14,20837.369
2017-03-15,20950.1
2017-03-16,20934.551
2017-03-17,20914.619
2017-03-20,20905.859
2017-03-21,20668.01
2017-03-22,20661.301
2017-03-23,20656.58
2017-03-24,20596.721
2017-03-27,20550.98
2017-03-28,20701.5
2017-03-29,20659.32
2017-03-30,20728.49
2017-03-31,20663.221
2017-04-03,20650.211
2017-04-04,20689.24
2017-04-05,20648.15
2017-04-06,20662.949
2017-04-07,20656.1
2017-04-10,20658.02
2017-04-11,20651.301
2017-04-12,20591.859
2017-04-13,20453.25
2017-04-17,20636.92
2017-04-18,20523.279
2017-04-19,20404.49
2017-04-20,20578.711
2017-04-21,20547.76
2017-04-24,20763.891
2017-04-25,20996.119
2017-04-26,20975.09
2017-04-27,20981.33
2017-04-28,20940.51
2017-05-01,20913.461
2017-05-02,20949.891
2017-05-03,20957.9
2017-05-04,20951.471
2017-05-05,21006.939
2017-05-08,21012.279
2017-05-09,20975.779
2017-05-10,20943.109
2017-05-11,20919.42
2017-05-12,20896.609
2017-05-15,20981.939
2017-05-16,20979.75
2017-05-17,20606.93
2017-05-18,20663.02
2017-05-19,20804.84
2017-05-22,20894.83
2017-05-23,20937.91
2017-05-24,21012.42
2017-05-25,21082.949
2017-05-26,21080.279
2017-05-30,21029.471
2017-05-31,21008.65
2017-06-01,21144.18
2017-06-02,21206.289
2017-06-05,21184.039
2017-06-06,21136.23
2017-06-07,21173.689
2017-06-08,21182.529
2017-06-09,21271.971
2017-06-12,21235.67
2017-06-13,21328.471
2017-06-14,21374.561
2017-06-15,21359.9
2017-06-16,21384.279
2017-06-19,21528.99
2017-06-20,21467.141
2017-06-21,21410.029
2017-06-22,21397.289
2017-06-23,21394.76
2017-06-26,21409.551
2017-06-27,21310.66
2017-06-28,21454.609
2017-06-29,21287.029
2017-06-30,21349.631
2017-07-03,21479.27
2017-07-05,21478.17
2017-07-06,21320.039
2017-07-07,21414.34
2017-07-10,21408.52
2017-07-11,21409.07
2017-07-12,21532.141
2017-07-13,21553.09
2017-07-14,21637.74
2017-07-17,21629.721
2017-07-18,21574.73
2017-07-19,21640.75
2017-07-20,21611.779
2017-07-21,21580.07
2017-07-24,21513.17
2017-07-25,21613.43
2017-07-26,21711.01
2017-07-27,21796.551
2017-07-28,21830.311
2017-07-31,21891.119
2017-08-01,21963.92
2017-08-02,22016.24
2017-08-03,22026.1
2017-08-04,22092.811
2017-08-07,22118.42
2017-08-08,22085.34
2017-08-09,22048.699
2017-08-10,21844.01
2017-08-11,21858.32
2017-08-14,21993.711
2017-08-15,21998.99
2017-08-16,22024.869
2017-08-17,21750.73
2017-08-18,21674.51
2017-08-21,21703.75
2017-08-22,21899.891
2017-08-23,21812.09
2017-08-24,21783.4
2017-08-25,21813.67
2017-08-28,21808.4
2017-08-29,21865.369
2017-08-30,21892.43
2017-08-31,21948.1
2017-09-01,21987.561
2017-09-05,21753.311
2017-09-06,21807.641
2017-09-07,21784.779
2017-09-08,21797.789
2017-09-11,22057.369
2017-09-12,22118.859
2017-09-13,22158.18
2017-09-14,22203.48
2017-09-15,22268.34
2017-09-18,22331.35
2017-09-19,22370.801
2017-09-20,22412.59
2017-09-21,22359.23
2017-09-22,22349.59
2017-09-25,22296.09
2017-09-26,22284.32
2017-09-27,22340.711
2017-09-28,22381.199
2017-09-29,22405.09
2017-10-02,22557.6
2017-10-03,22641.67
2017-10-04,22661.641
2017-10-05,22775.391
2017-10-06,22773.67
2017-10-09,22761.07
2017-10-10,22830.68
2017-10-11,22872.891
2017-10-12,22841.01
2017-10-13,22871.721
2017-10-16,22956.961
2017-10-17,22997.439
2017-10-18,23157.6
2017-10-19,23163.039
2017-10-20,23328.631
2017-10-23,23273.961
2017-10-24,23441.76
2017-10-25,23329.461
2017-10-26,23400.859
2017-10-27,23434.189
2017-10-30,23348.74
2017-10-31,23377.24
2017-11-01,23435.01
2017-11-02,23516.26
2017-11-03,23539.189
2017-11-06,23548.42
2017-11-07,23557.23
2017-11-08,23563.359
2017-11-09,23461.939
2017-11-10,23422.211
2017-11-13,23439.699
2017-11-14,23409.471
2017-11-15,23271.279
2017-11-16,23458.359
2017-11-17,23358.24
2017-11-20,23430.33
2017-11-21,23590.83
2017-11-22,23526.18
2017-11-24,23557.99
2017-11-27,23580.779
2017-11-28,23836.711
2017-11-29,23940.68
2017-11-30,24272.35
2017-12-01,24231.59
2017-12-04,24290.051
2017-12-05,24180.641
2017-12-06,24140.91
2017-12-07,24211.48
2017-12-08,24329.16
2017-12-11,24386.029
2017-12-12,24504.801
2017-12-13,24585.43
2017-12-14,24508.66
2017-12-15,24651.74
2017-12-18,24792.199
2017-12-19,24754.75
2017-12-20,24726.65
2017-12-21,24782.289
2017-12-22,24754.061
2017-12-26,24746.211
2017-12-27,24774.301
2017-12-28,24837.51
2017-12-29,24719.221
2018-01-02,24824.01
2018-01-03,24922.68
2018-01-04,25075.131
2018-01-05,25295.869
2018-01-08,25283.0
2018-01-09,25385.801
2018-01-10,25369.131
2018-01-11,25574.73
2018-01-12,25803.189
2018-01-16,25792.859
2018-01-17,26115.65
2018-01-18,26017.811
2018-01-19,26071.721
2018-01-22,26214.6
2018-01-23,26210.811
2018-01-24,26252.119
2018-01-25,26392.789
2018-01-26,26616.711
2018-01-29,26439.48
2018-01-30,26076.891
2018-01-31,26149.391
2018-02-01,26186.711
2018-02-02,25520.961
2018-02-05,24345.75
2018-02-06,24912.77
2018-02-07,24893.35
2018-02-08,23860.461
2018-02-09,24190.9
2018-02-12,24601.27
2018-02-13,24640.449
2018-02-14,24893.49
2018-02-15,25200.369
2018-02-16,25219.381
2018-02-20,24964.75
2018-02-21,24797.779
2018-02-22,24962.48
2018-02-23,25309.99
2018-02-26,25709.27
2018-02-27,25410.029
2018-02-28,25029.199
2018-03-01,24608.98
2018-03-02,24538.061
2018-03-05,24874.76
2018-03-06,24884.119
2018-03-07,24801.359
2018-03-08,24895.211
2018-03-09,25335.74
2018-03-12,25178.609
2018-03-13,25007.029
2018-03-14,24758.119
2018-03-15,24873.66
2018-03-16,24946.51
2018-03-19,24610.91
2018-03-20,24727.27
2018-03-21,24682.311
2018-03-22,23957.891
2018-03-23,23533.199
2018-03-26,24202.6
2018-03-27,23857.711
2018-03-28,23848.42
2018-03-29,24103.109
2018-04-02,23644.189
2018-04-03,24033.359
2018-04-04,24264.301
2018-04-05,24505.221
2018-04-06,23932.76
2018-04-09,23979.1
2018-04-10,24408.0
2018-04-11,24189.449
2018-04-12,24483.051
2018-04-13,24360.141
2018-04-16,24573.039
2018-04-17,24786.631
2018-04-18,24748.07
2018-04-19,24664.891
2018-04-20,24462.939
2018-04-23,24448.689
2018-04-24,24024.131
2018-04-25,24083.83
2018-04-26,24322.34
2018-04-27,24311.189
2018-04-30,24163.15
2018-05-01,24099.051
2018-05-02,23924.98
2018-05-03,23930.15
2018-05-04,24262.51
2018-05-07,24357.32
2018-05-08,24360.211
2018-05-09,24542.539
2018-05-10,24739.529
2018-05-11,24831.17
2018-05-14,24899.41
2018-05-15,24706.41
2018-05-16,24768.93
2018-05-17,24713.98
2018-05-18,24715.09
2018-05-21,25013.289
2018-05-22,24834.41
2018-05-23,24886.811
2018-05-24,24811.76
2018-05-25,24753.09
2018-05-29,24361.449
2018-05-30,24667.779
2018-05-31,24415.84
2018-06-01,24635.211
2018-06-04,24813.689
2018-06-05,24799.98
2018-06-06,25146.391
2018-06-07,25241.41
2018-06-08,25316.529
2018-06-11,25322.311
2018-06-12,25320.73
2018-06-13,25201.199
2018-06-14,25175.311
2018-06-15,25090.48
2018-06-18,24987.471
2018-06-19,24700.211
2018-06-20,24657.801
2018-06-21,24461.699
2018-06-22,24580.891
2018-06-25,24252.801
2018-06-26,24283.109
2018-06-27,24117.59
2018-06-28,24216.051
2018-06-29,24271.41
2018-07-02,24307.18
2018-07-03,24174.82
2018-07-05,24356.74
2018-07-06,24456.48
2018-07-09,24776.59
2018-07-10,24919.66
2018-07-11,24700.449
2018-07-12,24924.891
2018-07-13,25019.41
2018-07-16,25064.359
2018-07-17,25119.891
2018-07-18,25199.289
2018-07-19,25064.5
2018-07-20,25058.119
2018-07-23,25044.289
2018-07-24,25241.939
2018-07-25,25414.1
2018-07-26,25527.07
2018-07-27,25451.061
2018-07-30,25306.83
2018-07-31,25415.189
2018-08-01,25333.82
2018-08-02,25326.16
2018-08-03,25462.58
2018-08-06,25502.18
2018-08-07,25628.91
2018-08-08,25583.75
2018-08-09,25509.23
2018-08-10,25313.141
2018-08-13,25187.699
2018-08-14,25299.92
2018-08-15,25162.41
2018-08-16,25558.73
2018-08-17,25669.32
2018-08-20,25758.689
2018-08-21,25822.289
2018-08-22,25733.6
2018-08-23,25656.98
2018-08-24,25790.35
2018-08-27,26049.641
2018-08-28,26064.02
2018-08-29,26124.57
2018-08-30,25986.92
2018-08-31,25964.82
2018-09-04,25952.48
2018-09-05,25974.99
2018-09-06,25995.869
2018-09-07,25916.539
2018-09-10,25857.07
2018-09-11,25971.061
2018-09-12,25998.92
2018-09-13,26145.99
2018-09-14,26154.67
2018-09-17,26062.119
2018-09-18,26246.961
2018-09-19,26405.76
2018-09-20,26656.98
2018-09-21,26743.5
2018-09-24,26562.051
2018-09-25,26492.211
2018-09-26,26385.279
2018-09-27,26439.93
2018-09-28,26458.311
2018-10-01,26651.211
2018-10-02,26773.939
2018-10-03,26828.391
2018-10-04,26627.48
2018-10-05,26447.051
2018-10-08,26486.779
2018-10-09,26430.57
2018-10-10,25598.74
2018-10-11,25052.83
2018-10-12,25339.99
2018-10-15,25250.551
2018-10-16,25798.42
2018-10-17,25706.68
2018-10-18,25379.449
2018-10-19,25444.34
2018-10-22,25317.41
2018-10-23,25191.43
2018-10-24,24583.42
2018-10-25,24984.551
2018-10-26,24688.311
2018-10-29,24442.92
2018-10-30,24874.641
2018-10-31,25115.76
2018-11-01,25380.74
2018-11-02,25270.83
2018-11-05,25461.699
2018-11-06,25635.01
2018-11-07,26180.301
2018-11-08,26191.221
2018-11-09,25989.301
2018-11-12,25387.18
2018-11-13,25286.49
2018-11-14,25080.5
2018-11-15,25289.27
2018-11-16,25413.221
2018-11-19,25017.439
2018-11-20,24465.641
2018-11-21,24464.689
2018-11-23,24285.949
2018-11-26,24640.24
2018-11-27,24748.73
2018-11-28,25366.43
2018-11-29,25338.84
2018-11-30,25538.461
2018-12-03,25826.43
2018-12-04,25027.07
2018-12-06,24947.67
2018-12-07,24388.949
2018-12-10,24423.26
2018-12-11,24370.24
2018-12-12,24527.27
2018-12-13,24597.381
2018-12-14,24100.51
2018-12-17,23592.98
2018-12-18,23675.641
2018-12-19,23323.66
2018-12-20,22859.6
2018-12-21,22445.369
2018-12-24,21792.199
2018-12-26,22878.449
2018-12-27,23138.82
2018-12-28,23062.4
2018-12-31,23327.461
2019-01-02,23346.24
2019-01-03,22686.221
2019-01-04,23433.16
2019-01-07,23531.35
2019-01-08,23787.449
2019-01-09,23879.119
2019-01-10,24001.92
2019-01-11,23995.949
2019-01-14,23909.84
2019-01-15,24065.59
2019-01-16,24207.16
2019-01-17,24370.1
2019-01-18,24706.35
2019-01-22,24404.48
2019-01-23,24575.619
2019-01-24,24553.24
2019-01-25,24737.199
2019-01-28,24528.221
2019-01-29,24579.961
2019-01-30,25014.859
2019-01-31,24999.67
2019-02-01,25063.891
2019-02-04,25239.369
2019-02-05,25411.52
2019-02-06,25390.301
2019-02-07,25169.529
2019-02-08,25106.33
2019-02-11,25053.109
2019-02-12,25425.76
2019-02-13,25543.27
2019-02-14,25439.391
2019-02-15,25883.25
2019-02-19,25891.32
2019-02-20,25954.439
2019-02-21,25850.631
2019-02-22,26031.811
2019-02-25,26091.949
2019-02-26,26057.98
2019-02-27,25985.16
2019-02-28,25916.0
2019-03-01,26026.32
2019-03-04,25819.65
2019-03-05,25806.631
2019-03-06,25673.461
2019-03-07,25473.23
2019-03-08,25450.24
2019-03-11,25650.881
2019-03-12,25554.66
2019-03-13,25702.891
2019-03-14,25709.939
2019-03-15,25848.869
2019-03-18,25914.1
2019-03-19,25887.381
2019-03-20,25745.67
2019-03-21,25962.51
2019-03-22,25502.32
2019-03-25,25516.83
2019-03-26,25657.73
2019-03-27,25625.59
2019-03-28,25717.461
2019-03-29,25928.68
2019-04-01,26258.42
2019-04-02,26179.131
2019-04-03,26218.131
2019-04-04,26384.631
2019-04-05,26424.99
2019-04-08,26341.02
2019-04-09,26150.58
2019-04-10,26157.16
2019-04-11,26143.051
2019-04-12,26412.301
2019-04-15,26384.77
2019-04-16,26452.66
2019-04-17,26449.539
2019-04-18,26559.539
2019-04-22,26511.051
2019-04-23,26656.391
2019-04-24,26597.051
2019-04-25,26462.08
2019-04-26,26543.33
2019-04-29,26554.391
2019-04-30,26592.91
2019-05-01,26430.141
2019-05-02,26307.789
2019-05-03,26504.949
2019-05-06,26438.48
2019-05-07,25965.09
2019-05-08,25967.33
2019-05-09,25828.359
2019-05-10,25942.369
2019-05-13,25324.99
2019-05-14,25532.051
2019-05-15,25648.02
2019-05-16,25862.68
2019-05-17,25764.0
2019-05-20,25679.9
2019-05-21,25877.33
2019-05-22,25776.609
2019-05-23,25490.471
2019-05-24,25585.689
2019-05-28,25347.77
2019-05-29,25126.41
2019-05-30,25169.881
2019-05-31,24815.039
2019-06-03,24819.779
2019-06-04,25332.18
2019-06-05,25539.57
2019-06-06,25720.66
2019-06-07,25983.939
2019-06-10,26062.68
2019-06-11,26048.51
2019-06-12,26004.83
2019-06-13,26106.77
2019-06-14,26089.609
2019-06-17,26112.529
2019-06-18,26465.539
2019-06-19,26504.0
2019-06-20,26753.17
2019-06-21,26719.131
2019-06-24,26727.539
2019-06-25,26548.221
2019-06-26,26536.82
2019-06-27,26526.58
2019-06-28,26599.961
2019-07-01,26717.43
2019-07-02,26786.68
2019-07-03,26966.0
2019-07-05,26922.119
2019-07-08,26806.141
2019-07-09,26783.49
2019-07-10,26860.199
2019-07-11,27088.08
2019-07-12,27332.029
2019-07-15,27359.16
2019-07-16,27335.631
2019-07-17,27219.85
2019-07-18,27222.971
2019-07-19,27154.199
2019-07-22,27171.9
2019-07-23,27349.189
2019-07-24,27269.971
2019-07-25,27140.98
2019-07-26,27192.449
2019-07-29,27221.35
2019-07-30,27198.02
2019-07-31,26864.27
2019-08-01,26583.42
2019-08-02,26485.01
2019-08-05,25717.74
2019-08-06,26029.52
2019-08-07,26007.07
2019-08-08,26378.189
2019-08-09,26287.439
2019-08-12,25896.439
2019-08-13,26279.91
2019-08-14,25479.42
2019-08-15,25579.391
2019-08-16,25886.01
2019-08-19,26135.789
2019-08-20,25962.439
2019-08-21,26202.73
2019-08-22,26252.24
2019-08-23,25628.9
2019-08-26,25898.83
2019-08-27,25777.9
2019-08-28,26036.1
2019-08-29,26362.25
2019-08-30,26403.279
2019-09-03,26118.02
2019-09-04,26355.471
2019-09-05,26728.15
2019-09-06,26797.461
2019-09-09,26835.51
2019-09-10,26909.43
2019-09-11,27137.039
2019-09-12,27182.449
2019-09-13,27219.52
2019-09-16,27076.82
2019-09-17,27110.801
2019-09-18,27147.08
2019-09-19,27094.789
2019-09-20,26935.07
2019-09-23,26949.99
2019-09-24,26807.77
2019-09-25,26970.711
2019-09-26,26891.119
2019-09-27,26820.25
2019-09-30,26916.83
2019-10-01,26573.039
2019-10-02,26078.619
2019-10-03,26201.039
2019-10-04,26573.721
2019-10-07,26478.02
2019-10-08,26164.039
2019-10-09,26346.01
2019-10-10,26496.67
2019-10-11,26816.59
2019-10-14,26787.359
2019-10-15,27024.801
2019-10-16,27001.98
2019-10-17,27025.881
2019-10-18,26770.199
2019-10-21,26827.641
2019-10-22,26788.1
2019-10-23,26833.949
2019-10-24,26805.529
2019-10-25,26958.061
2019-10-28,27090.721
2019-10-29,27071.461
2019-10-30,27186.689
2019-10-31,27046.23
2019-11-01,27347.359
2019-11-04,27462.109
2019-11-05,27492.631
2019-11-06,27492.561
2019-11-07,27674.801
2019-11-08,27681.24
2019-11-11,27691.49
2019-11-12,27691.49
2019-11-13,27783.59
2019-11-14,27781.961
2019-11-15,28004.891
2019-11-18,28036.221
2019-11-19,27934.02
2019-11-20,27821.09
2019-11-21,27766.289
2019-11-22,27875.619
2019-11-25,28066.471
2019-11-26,28121.68
2019-11-27,28164.0
2019-11-29,28051.41
2019-12-02,27783.039
2019-12-03,27502.811
2019-12-04,27649.779
2019-12-05,27677.789
2019-12-06,28015.061
2019-12-09,27909.6
2019-12-10,27881.721
2019-12-11,27911.301
2019-12-12,28132.051
2019-12-13,28135.381
2019-12-16,28235.891
2019-12-17,28267.16
2019-12-18,28239.279
2019-12-19,28376.961
2019-12-20,28455.09
2019-12-23,28551.529
2019-12-24,28515.449
2019-12-26,28621.391
2019-12-27,28645.26
2019-12-30,28462.141
2019-12-31,28538.439
2020-01-02,28868.801
2020-01-03,28634.881
2020-01-06,28703.381
2020-01-07,28583.68
2020-01-08,28745.09
2020-01-09,28956.9
2020-01-10,28823.77
2020-01-13,28907.051
2020-01-14,28939.67
2020-01-15,29030.221
2020-01-16,29297.641
2020-01-17,29348.1
2020-01-21,29196.039
2020-01-22,29186.27
2020-01-23,29160.09
2020-01-24,28989.73
2020-01-27,28535.801
2020-01-28,28722.85
2020-01-29,28734.449
2020-01-30,28859.439
2020-01-31,28256.029
2020-02-03,28399.811
2020-02-04,28807.631
2020-02-05,29290.85
2020-02-06,29379.77
2020-02-07,29102.51
2020-02-10,29276.82
2020-02-11,29276.34
2020-02-12,29551.42
2020-02-13,29423.311
2020-02-14,29398.08
2020-02-18,29232.189
2020-02-19,29348.029
2020-02-20,29219.98
2020-02-21,28992.41
2020-02-24,27960.801
2020-02-25,27081.359
2020-02-26,26957.59
2020-02-27,25766.641
2020-02-28,25409.359
2020-03-02,26703.32
2020-03-03,25917.41
2020-03-04,27090.859
2020-03-05,26121.279
2020-03-06,25864.779
2020-03-09,23851.02
2020-03-10,25018.16
2020-03-11,23553.221
2020-03-12,21200.619
2020-03-13,23185.619
2020-03-16,20188.52
2020-03-17,21237.381
2020-03-18,19898.92
2020-03-19,20087.189
2020-03-20,19173.98
2020-03-23,18591.93
2020-03-24,20704.91
2020-03-25,21200.551
2020-03-26,22552.17
2020-03-27,21636.779
2020-03-30,22327.48
2020-03-31,21917.16
2020-04-01,20943.51
2020-04-02,21413.439
2020-04-03,21052.529
2020-04-06,22679.99
2020-04-07,22653.859
2020-04-08,23433.57
2020-04-09,23719.369
2020-04-13,23390.77
2020-04-14,23949.76
2020-04-15,23504.35
2020-04-16,23537.68
2020-04-17,24242.49
2020-04-20,23650.439
2020-04-21,23018.881
2020-04-22,23475.82
2020-04-23,23515.26
2020-04-24,23775.27
2020-04-27,24133.779
2020-04-28,24101.551
2020-04-29,24633.859
2020-04-30,24345.721
2020-05-01,23723.689
2020-05-04,23749.76
2020-05-05,23883.09
2020-05-06,23664.641
2020-05-07,23875.891
2020-05-08,24331.32
2020-05-11,24221.99
2020-05-12,23764.779
2020-05-13,23247.971
2020-05-14,23625.34
2020-05-15,23685.42
2020-05-18,24597.369
2020-05-19,24206.859
2020-05-20,24575.9
2020-05-21,24474.119
2020-05-22,24465.16
2020-05-26,24995.109
2020-05-27,25548.27
2020-05-28,25400.641
2020-05-29,25383.109
2020-06-01,25475.02
2020-06-02,25742.65
2020-06-03,26269.891
2020-06-04,26281.82
2020-06-05,27110.98
2020-06-08,27572.439
2020-06-09,27272.301
2020-06-10,26989.99
2020-06-11,25128.17
2020-06-12,25605.539
2020-06-15,25763.16
2020-06-16,26289.98
2020-06-17,26119.609
2020-06-18,26080.1
2020-06-19,25871.461
2020-06-22,26024.961
2020-06-23,26156.1
2020-06-24,25445.939
2020-06-25,25745.6
2020-06-26,25015.551
2020-06-29,25595.801
2020-06-30,25812.881
2020-07-01,25734.971
2020-07-02,25827.359
2020-07-06,26287.029
2020-07-07,25890.18
2020-07-08,26067.279
2020-07-09,25706.09
2020-07-10,26075.301
2020-07-13,26085.801
2020-07-14,26642.59
2020-07-15,26870.1
2020-07-16,26734.711
2020-07-17,26671.949
2020-07-20,26680.869
2020-07-21,26840.4
2020-07-22,27005.84
2020-07-23,26652.33
2020-07-24,26469.891
2020-07-27,26584.77
2020-07-28,26379.279
2020-07-29,26539.57
2020-07-30,26313.65
2020-07-31,26428.32
2020-08-03,26664.4
2020-08-04,26828.471
2020-08-05,27201.52
2020-08-06,27386.98
2020-08-07,27433.48
2020-08-10,27791.439
2020-08-11,27686.91
2020-08-12,27976.84
2020-08-13,27896.721
2020-08-14,27931.02
2020-08-17,27844.91
2020-08-18,27778.07
2020-08-19,27692.881
2020-08-20,27739.73
2020-08-21,27930.33
2020-08-24,28308.461
2020-08-25,28248.439
2020-08-26,28331.92
2020-08-27,28492.27
2020-08-28,28653.869
2020-08-31,28430.051
2020-09-01,28645.66
2020-09-02,29100.5
2020-09-03,28292.73
2020-09-04,28133.311
2020-09-08,27500.891
2020-09-09,27940.471
2020-09-10,27534.58
2020-09-11,27665.641
2020-09-14,27993.33
2020-09-15,27995.6
2020-09-16,28032.381
2020-09-17,27901.98
2020-09-18,27657.42
2020-09-21,27147.699
2020-09-22,27288.18
2020-09-23,26763.131
2020-09-24,26815.439
2020-09-25,27173.961
2020-09-28,27584.061
2020-09-29,27452.66
2020-09-30,27781.699
2020-10-01,27816.9
2020-10-02,27682.811
2020-10-05,28148.641
2020-10-06,27772.76
2020-10-07,28303.461
2020-10-08,28425.51
2020-10-09,28586.9
2020-10-12,28837.52
2020-10-13,28679.811
2020-10-14,28514.0
2020-10-15,28494.199
2020-10-16,28606.311
2020-10-19,28195.42
2020-10-20,28308.789
2020-10-21,28210.82
2020-10-22,28363.66
2020-10-23,28335.57
2020-10-26,27685.381
2020-10-27,27463.189
2020-10-28,26519.949
2020-10-29,26659.109
2020-10-30,26501.6
2020-11-02,26925.051
2020-11-03,27480.029
2020-11-04,27847.66
2020-11-05,28390.18
2020-11-06,28323.4
2020-11-09,29157.971
2020-11-10,29420.92
2020-11-11,29397.631
2020-11-12,29080.17
2020-11-13,29479.811
2020-11-16,29950.439
2020-11-17,29783.35
2020-11-18,29438.42
2020-11-19,29483.23
2020-11-20,29263.48
2020-11-23,29591.27
2020-11-24,30046.24
2020-11-25,29872.471
2020-11-27,29910.369
2020-11-30,29638.641
2020-12-01,29823.92
2020-12-02,29883.789
2020-12-03,29969.52
2020-12-04,30218.26
2020-12-07,30069.789
2020-12-08,30173.881
2020-12-09,30068.811
2020-12-10,29999.26
2020-12-11,30046.369
2020-12-14,29861.551
2020-12-15,30199.311
2020-12-16,30154.539
2020-12-17,30303.369
2020-12-18,30179.051
2020-12-21,30216.449
2020-12-22,30015.51
2020-12-23,30129.83
2020-12-24,30199.869
2020-12-28,30403.971
2020-12-29,30335.67
2020-12-30,30409.561
2020-12-31,30606.48
2021-01-04,30223.891
2021-01-05,30391.6
2021-01-06,30829.4
2021-01-07,31041.131
2021-01-08,31097.971
2021-01-11,31008.689
2021-01-12,31068.689
2021-01-13,31060.471
2021-01-14,30991.52
2021-01-15,30814.26
2021-01-19,30930.52
2021-01-20,31188.381
2021-01-21,31176.01
2021-01-22,30996.98
2021-01-25,30960.0
2021-01-26,30937.039
2021-01-27,30303.17
2021-01-28,30603.359
2021-01-29,29982.619
2021-02-01,30211.91
2021-02-02,30687.48
2021-02-03,30723.6
2021-02-04,31055.859
2021-02-05,31148.24
2021-02-08,31385.76
2021-02-09,31375.83
2021-02-10,31437.801
2021-02-11,31430.699
2021-02-12,31458.4
2021-02-16,31522.75
2021-02-17,31613.02
2021-02-18,31493.34
2021-02-19,31494.32
2021-02-22,31521.689
2021-02-23,31537.35
2021-02-24,31961.859
2021-02-25,31402.01
2021-02-26,30932.369
2021-03-01,31535.51
2021-03-02,31391.52
2021-03-03,31270.09
2021-03-04,30924.141
2021-03-05,31496.301
2021-03-08,31802.439
2021-03-09,31832.74
2021-03-10,32297.02
2021-03-11,32485.59
2021-03-12,32778.641
2021-03-15,32953.461
2021-03-16,32825.949
2021-03-17,33015.371
2021-03-18,32862.301
2021-03-19,32627.971
2021-03-22,32731.199
2021-03-23,32423.15
2021-03-24,32420.061
2021-03-25,32619.48
2021-03-26,33072.879
2021-03-29,33171.371
2021-03-30,33066.961
2021-03-31,32981.551
2021-04-01,33153.211
2021-04-05,33527.191
2021-04-06,33430.238
2021-04-07,33446.262
2021-04-08,33503.57
2021-04-09,33800.602
2021-04-12,33745.398
2021-04-13,33677.27
2021-04-14,33730.891
2021-04-15,34035.988
2021-04-16,34200.672
2021-04-19,34077.629
2021-04-20,33821.301
2021-04-21,34137.309
2021-04-22,33815.898
2021-04-23,34043.488
2021-04-26,33981.57
2021-04-27,33984.93
2021-04-28,33820.379
2021-04-29,34060.359
2021-04-30,33874.852
2021-05-03,34113.23
2021-05-04,34133.031
2021-05-05,34230.34
2021-05-06,34548.531
2021-05-07,34777.762
2021-05-10,34742.82
2021-05-11,34269.16
2021-05-12,33587.66
2021-05-13,34021.449
2021-05-14,34382.129
2021-05-17,34327.789
2021-05-18,34060.66
2021-05-19,33896.039
2021-05-20,34084.148
2021-05-21,34207.84
2021-05-24,34393.98
2021-05-25,34312.461
2021-05-26,34323.051
2021-05-27,34464.641
2021-05-28,34529.449
2021-06-01,34575.309
2021-06-02,34600.379
2021-06-03,34577.039
2021-06-04,34756.391
2021-06-07,34630.238
2021-06-08,34599.82
2021-06-09,34447.141
2021-06-10,34466.238
2021-06-11,34479.602
2021-06-14,34393.75
2021-06-15,34299.328
2021-06-16,34033.672
2021-06-17,33823.449
2021-06-18,33290.078
2021-06-21,33876.969
2021-06-22,33945.578
2021-06-23,33874.238
2021-06-24,34196.82
2021-06-25,34433.84
2021-06-28,34283.27
2021-06-29,34292.289
2021-06-30,34502.512
2021-07-01,34633.531
2021-07-02,34786.352
2021-07-06,34577.371
2021-07-07,34681.789
2021-07-08,34421.93
2021-07-09,34870.16
2021-07-12,34996.18
2021-07-13,34888.789
2021-07-14,34933.23
2021-07-15,34987.02
2021-07-16,34687.852
2021-07-19,33962.039
2021-07-20,34511.988
2021-07-21,34798.0
2021-07-22,34823.352
2021-07-23,35061.551
2021-07-26,35144.309
2021-07-27,35058.52
2021-07-28,34930.93
2021-07-29,35084.531
2021-07-30,34935.469
2021-08-02,34838.16
2021-08-03,35116.398
2021-08-04,34792.672
2021-08-05,35064.25
2021-08-06,35208.512
2021-08-09,35101.852
2021-08-10,35264.672
2021-08-11,35484.969
2021-08-12,35499.852
2021-08-13,35515.379
2021-08-16,35625.398
2021-08-17,35343.281
2021-08-18,34960.691
2021-08-19,34894.121
2021-08-20,35120.078
2021-08-23,35335.711
2021-08-24,35366.262
2021-08-25,35405.5
2021-08-26,35213.121
2021-08-27,35455.801
2021-08-30,35399.84
2021-08-31,35360.73
2021-09-01,35312.531
2021-09-02,35443.82
2021-09-03,35369.09
2021-09-07,35100.0
2021-09-08,35031.07
2021-09-09,34879.379
2021-09-10,34607.719
2021-09-13,34869.629
2021-09-14,34577.57
2021-09-15,34814.391
2021-09-16,34751.32
2021-09-17,34584.879
2021-09-20,33970.469
2021-09-21,33919.84
2021-09-22,34258.32
2021-09-23,34764.82
2021-09-24,34798.0
2021-09-27,34869.371
2021-09-28,34299.988
2021-09-29,34390.719
2021-09-30,33843.922
2021-10-01,34326.461
2021-10-04,34002.922
2021-10-05,34314.672
2021-10-06,34416.988
2021-10-07,34754.941
2021-10-08,34746.25
2021-10-11,34496.059
2021-10-12,34378.34
2021-10-13,34377.809
2021-10-14,34912.559
2021-10-15,35294.762
2021-10-18,35258.609
2021-10-19,35457.309
2021-10-20,35609.34
2021-10-21,35603.078
2021-10-22,35677.02
2021-10-25,35741.148
2021-10-26,35756.879
2021-10-27,35490.691
2021-10-28,35730.48
2021-10-29,35819.559
2021-11-01,35913.84
2021-11-02,36052.629
2021-11-03,36157.578
2021-11-04,36124.23
2021-11-05,36327.949
2021-11-08,36432.219
2021-11-09,36319.98
2021-11-10,36079.941
2021-11-11,35921.23
2021-11-12,36100.309
2021-11-15,36087.449
2021-11-16,36142.219
2021-11-17,35931.051
2021-11-18,35870.949
2021-11-19,35601.98
2021-11-22,35619.25
2021-11-23,35813.801
2021-11-24,35804.379
2021-11-26,34899.34
2021-11-29,35135.941
2021-11-30,34483.719
2021-12-01,34022.039
2021-12-02,34639.789
2021-12-03,34580.078
2021-12-06,35227.031
2021-12-07,35719.43
2021-12-08,35754.75
2021-12-09,35754.691
2021-12-10,35970.988
2021-12-13,35650.949
2021-12-14,35544.18
2021-12-15,35927.43
2021-12-16,35897.641
2021-12-17,35365.441
2021-12-20,34932.16
2021-12-21,35492.699
2021-12-22,35753.891
2021-12-23,35950.559
2021-12-27,36302.379
2021-12-28,36398.211
2021-12-29,36488.629
2021-12-30,36398.078
2021-12-31,36338.301
2022-01-03,36585.059
2022-01-04,36799.648
2022-01-05,36407.109
2022-01-06,36236.469
2022-01-07,36231.66
2022-01-10,36068.871
2022-01-11,36252.02
2022-01-12,36290.32
2022-01-13,36113.621
2022-01-14,35911.809
2022-01-18,35368.469
2022-01-19,35028.648
2022-01-20,34715.391
2022-01-21,34265.371
2022-01-24,34364.5
2022-01-25,34297.73
2022-01-26,34168.09
2022-01-27,34160.781
2022-01-28,34725.469
2022-01-31,35131.859
2022-02-01,35405.238
2022-02-02,35629.328
2022-02-03,35111.16
2022-02-04,35089.738
2022-02-07,35091.129
2022-02-08,35462.781
2022-02-09,35768.059
2022-02-10,35241.59
2022-02-11,34738.059
2022-02-14,34566.172
2022-02-15,34988.84
2022-02-16,34934.27
2022-02-17,34312.031
2022-02-18,34079.18
2022-02-22,33596.609
2022-02-23,33131.762
2022-02-24,33223.828
2022-02-25,34058.75
2022-02-28,33892.602
2022-03-01,33294.949
2022-03-02,33891.352
2022-03-03,33794.66
2022-03-04,33614.801
2022-03-07,32817.379
2022-03-08,32632.641
2022-03-09,33286.25
2022-03-10,33174.07
2022-03-11,32944.191
2022-03-14,32945.238
2022-03-15,33544.34
2022-03-16,34063.102
2022-03-17,34480.762
2022-03-18,34754.93
2022-03-21,34552.988
2022-03-22,34807.461
2022-03-23,34358.5
2022-03-24,34707.941
2022-03-25,34861.238
2022-03-28,34955.891
2022-03-29,35294.191
2022-03-30,35228.809
2022-03-31,34678.352
2022-04-01,34818.27
2022-04-04,34921.879
2022-04-05,34641.18
2022-04-06,34496.512
2022-04-07,34583.57
2022-04-08,34721.121
2022-04-11,34308.078
2022-04-12,34220.359
2022-04-13,34564.59
2022-04-14,34451.23
2022-04-18,34411.691
2022-04-19,34911.199
2022-04-20,35160.789
2022-04-21,34792.762
2022-04-22,33811.398
2022-04-25,34049.461
2022-04-26,33240.18
2022-04-27,33301.93
2022-04-28,33916.391
2022-04-29,32977.211
2022-05-02,33061.5
2022-05-03,33128.789
2022-05-04,34061.059
2022-05-05,32997.969
2022-05-06,32899.371
2022-05-09,32245.699
2022-05-10,32160.74
2022-05-11,31834.109
2022-05-12,31730.301
2022-05-13,32196.66
2022-05-16,32223.42
2022-05-17,32654.59
2022-05-18,31490.07
2022-05-19,31253.131
2022-05-20,31261.9
2022-05-23,31880.24
2022-05-24,31928.619
2022-05-25,32120.279
2022-05-26,32637.189
2022-05-27,33212.961
2022-05-31,32990.121
2022-06-01,32813.23
2022-06-02,33248.281
2022-06-03,32899.699
2022-06-06,32915.781
2022-06-07,33180.141
2022-06-08,32910.898
2022-06-09,32272.789
2022-06-10,31392.789
2022-06-13,30516.74
2022-06-14,30364.83
2022-06-15,30668.529
2022-06-16,29927.07
2022-06-17,29888.779
2022-06-21,30530.25
2022-06-22,30483.131
2022-06-23,30677.359
2022-06-24,31500.68
2022-06-27,31438.26
2022-06-28,30946.99
2022-06-29,31029.311
2022-06-30,30775.43
2022-07-01,31097.26
2022-07-05,30967.82
2022-07-06,31037.68
2022-07-07,31384.551
2022-07-08,31338.15
2022-07-11,31173.84
2022-07-12,30981.33
2022-07-13,30772.789
2022-07-14,30630.17
2022-07-15,31288.26
2022-07-18,31072.609
2022-07-19,31827.051
2022-07-20,31874.84
2022-07-21,32036.9
2022-07-22,31899.289
2022-07-25,31990.039
2022-07-26,31761.539
2022-07-27,32197.59
2022-07-28,32529.631
2022-07-29,32845.129
2022-08-01,32798.398
2022-08-02,32396.17
2022-08-03,32812.5
2022-08-04,32726.82
2022-08-05,32803.469
2022-08-08,32832.539
2022-08-09,32774.41
2022-08-10,33309.512
2022-08-11,33336.672
2022-08-12,33761.051
2022-08-15,33912.441
2022-08-16,34152.012
2022-08-17,33980.32
2022-08-18,33999.039
2022-08-19,33706.738
2022-08-22,33063.609
2022-08-23,32909.59
2022-08-24,32969.23
2022-08-25,33291.781
2022-08-26,32283.4
2022-08-29,32098.99
2022-08-30,31790.869
2022-08-31,31510.43
2022-09-01,31656.42
2022-09-02,31318.439
2022-09-06,31145.301
2022-09-07,31581.279
2022-09-08,31774.52
2022-09-09,32151.711
2022-09-12,32381.34
2022-09-13,31104.971
2022-09-14,31135.09
2022-09-15,30961.82
2022-09-16,30822.42
2022-09-19,31019.68
2022-09-20,30706.23
2022-09-21,30183.779
2022-09-22,30076.68
2022-09-23,29590.41
2022-09-26,29260.811
2022-09-27,29134.99
2022-09-28,29683.74
2022-09-29,29225.609
2022-09-30,28725.51
2022-10-03,29490.891
2022-10-04,30316.32
2022-10-05,30273.869
2022-10-06,29926.939
2022-10-07,29296.789
2022-10-10,29202.881
2022-10-11,29239.189
2022-10-12,29210.85
2022-10-13,30038.721
2022-10-14,29634.83
2022-10-17,30185.82
2022-10-18,30523.801
2022-10-19,30423.811
2022-10-20,30333.59
2022-10-21,31082.561
2022-10-24,31499.619
2022-10-25,31836.74
2022-10-26,31839.109
2022-10-27,32033.279
2022-10-28,32861.801
2022-10-31,32732.949
2022-11-01,32653.199
2022-11-02,32147.76
2022-11-03,32001.25
2022-11-04,32403.221
2022-11-07,32827.0
2022-11-08,33160.828
2022-11-09,32513.939
2022-11-10,33715.371
2022-11-11,33747.859
2022-11-14,33536.699
2022-11-15,33592.922
2022-11-16,33553.828
2022-11-17,33546.32
2022-11-18,33745.691
2022-11-21,33700.281
2022-11-22,34098.102
2022-11-23,34194.059
2022-11-25,34347.031
2022-11-28,33849.461
2022-11-29,33852.531
2022-11-30,34589.77
2022-12-01,34395.012
2022-12-02,34429.879
2022-12-05,33947.102
2022-12-06,33596.34
2022-12-07,33597.922
2022-12-08,33781.48
2022-12-09,33476.461
2022-12-12,34005.039
2022-12-13,34108.641
2022-12-14,33966.352
2022-12-15,33202.219
2022-12-16,32920.461
2022-12-19,32757.539
2022-12-20,32849.738
2022-12-21,33376.48
2022-12-22,33027.488
2022-12-23,33203.93
2022-12-27,33241.559
2022-12-28,32875.711
2022-12-29,33220.801
2022-12-30,33147.25
2023-01-03,33136.371
2023-01-04,33269.77
2023-01-05,32930.078
2023-01-06,33630.609
2023-01-09,33517.648
2023-01-10,33704.102
2023-01-11,33973.012
2023-01-12,34189.969
2023-01-13,34302.609
2023-01-17,33910.852
2023-01-18,33296.961
2023-01-19,33044.559
2023-01-20,33375.488
2023-01-23,33629.559
2023-01-24,33733.961
2023-01-25,33743.84
2023-01-26,33949.41
2023-01-27,33978.078
2023-01-30,33717.09
2023-01-31,34086.039
2023-02-01,34092.961
2023-02-02,34053.941
2023-02-03,33926.012
2023-02-06,33891.02
2023-02-07,34156.691
2023-02-08,33949.012
2023-02-09,33699.879
2023-02-10,33869.27
2023-02-13,34245.93
2023-02-14,34089.27
2023-02-15,34128.051
2023-02-16,33696.852
2023-02-17,33826.691
2023-02-21,33129.59
2023-02-22,33045.09
2023-02-23,33153.91
2023-02-24,32816.922
2023-02-27,32889.09
2023-02-28,32656.699
2023-03-01,32661.84
2023-03-02,33003.57
2023-03-03,33390.969
2023-03-06,33431.441
2023-03-07,32856.461
2023-03-08,32798.398
2023-03-09,32254.859
2023-03-10,31909.641
2023-03-13,31819.141
2023-03-14,32155.4
2023-03-15,31874.57
2023-03-16,32246.551
2023-03-17,31861.98
2023-03-20,32244.58
2023-03-21,32560.6
2023-03-22,32030.109
2023-03-23,32105.25
2023-03-24,32237.529
2023-03-27,32432.08
2023-03-28,32394.25
2023-03-29,32717.6
2023-03-30,32859.031
2023-03-31,33274.148
2023-04-03,33601.148
2023-04-04,33402.379
2023-04-05,33482.719
2023-04-06,33485.289
2023-04-10,33586.52
2023-04-11,33684.789
2023-04-12,33646.5
2023-04-13,34029.691
2023-04-14,33886.469
2023-04-17,33987.18
2023-04-18,33976.629
2023-04-19,33897.012
2023-04-20,33786.621
2023-04-21,33808.961
2023-04-24,33875.398
2023-04-25,33530.828
2023-04-26,33301.871
2023-04-27,33826.16
2023-04-28,34098.16
2023-05-01,34051.699
2023-05-02,33684.531
2023-05-03,33414.238
2023-05-04,33127.738
2023-05-05,33674.379
2023-05-08,33618.691
2023-05-09,33561.809
2023-05-10,33531.328
2023-05-11,33309.512
2023-05-12,33300.621
2023-05-15,33348.602
2023-05-16,33012.141
2023-05-17,33420.77
2023-05-18,33535.91
2023-05-19,33426.629
2023-05-22,33286.578
2023-05-23,33055.512
2023-05-24,32799.922
2023-05-25,32764.65
2023-05-26,33093.34
2023-05-30,33042.781
2023-05-31,32908.27
2023-06-01,33061.57
2023-06-02,33762.762
2023-06-05,33562.859
2023-06-06,33573.281
2023-06-07,33665.02
2023-06-08,33833.609
2023-06-09,33876.781
2023-06-12,34066.328
2023-06-13,34212.121
2023-06-14,33979.328
2023-06-15,34408.059
2023-06-16,34299.121
2023-06-20,34053.871
2023-06-21,33951.52
2023-06-22,33946.711
2023-06-23,33727.43
2023-06-26,33714.711
2023-06-27,33926.738
2023-06-28,33852.66
2023-06-29,34122.422
2023-06-30,34407.602
2023-07-03,34418.469
2023-07-05,34288.641
2023-07-06,33922.262
2023-07-07,33734.879
2023-07-10,33944.398
2023-07-11,34261.422
2023-07-12,34347.43
2023-07-13,34395.141
2023-07-14,34509.031
2023-07-17,34585.352
2023-07-18,34951.93
2023-07-19,35061.211
2023-07-20,35225.18
2023-07-21,35227.691
2023-07-24,35411.238
2023-07-25,35438.07
2023-07-26,35520.121
2023-07-27,35282.719
2023-07-28,35459.289
2023-07-31,35559.531
2023-08-01,35630.68
2023-08-02,35282.52
2023-08-03,35215.891
2023-08-04,35065.621
2023-08-07,35473.129
2023-08-08,35314.488
2023-08-09,35123.359
2023-08-10,35176.148
2023-08-11,35281.398
2023-08-14,35307.629
2023-08-15,34946.391
2023-08-16,34765.738
2023-08-17,34474.828
2023-08-18,34500.66
2023-08-21,34463.691
2023-08-22,34288.828
2023-08-23,34472.98
2023-08-24,34099.422
2023-08-25,34346.898
2023-08-28,34559.98
2023-08-29,34852.672
2023-08-30,34890.238
2023-08-31,34721.91
2023-09-01,34837.711
2023-09-05,34641.969
2023-09-06,34443.191
2023-09-07,34500.73
2023-09-08,34576.59
2023-09-11,34663.719
2023-09-12,34645.988
2023-09-13,34575.531
2023-09-14,34907.109
2023-09-15,34618.238
2023-09-18,34624.301
2023-09-19,34517.73
2023-09-20,34440.879
2023-09-21,34070.422
2023-09-22,33963.84
2023-09-25,34006.879
2023-09-26,33618.879
2023-09-27,33550.27
2023-09-28,33666.34
2023-09-29,33507.5
2023-10-02,33433.352
2023-10-03,33002.379
2023-10-04,33129.551
2023-10-05,33119.57
2023-10-06,33407.578
2023-10-09,33604.648
2023-10-10,33739.301
2023-10-11,33804.871
2023-10-12,33631.141
2023-10-13,33670.289
2023-10-16,33984.539
2023-10-17,33997.648
2023-10-18,33665.078
2023-10-19,33414.172
2023-10-20,33127.281
2023-10-23,32936.41
2023-10-24,33141.379
2023-10-25,33035.93
2023-10-26,32784.301
2023-10-27,32417.59
2023-10-30,32928.961
2023-10-31,33052.871
2023-11-01,33274.578
2023-11-02,33839.078
2023-11-03,34061.32
2023-11-06,34095.859
2023-11-07,34152.602
2023-11-08,34112.27
2023-11-09,33891.941
2023-11-10,34283.102
2023-11-13,34337.871
2023-11-14,34827.699
2023-11-15,34991.211
2023-11-16,34945.469
2023-11-17,34947.281
2023-11-20,35151.039
2023-11-21,35088.289
2023-11-22,35273.031
2023-11-24,35390.148
2023-11-27,35333.469
2023-11-28,35416.98
2023-11-29,35430.422
2023-11-30,35950.891
2023-12-01,36245.5
2023-12-04,36204.441
2023-12-05,36124.559
2023-12-06,36054.43
2023-12-07,36117.379
2023-12-08,36247.871
2023-12-11,36404.93
2023-12-12,36577.941
2023-12-13,37090.238
2023-12-14,37248.352
2023-12-15,37305.16
2023-12-18,37306.02
2023-12-19,37557.922
2023-12-20,37082.0
2023-12-21,37404.352
2023-12-22,37385.969
2023-12-26,37545.328
2023-12-27,37656.52
2023-12-28,37710.102
2023-12-29,37689.539
2024-01-02,37715.039
2024-01-03,37430.191
2024-01-04,37440.34
2024-01-05,37466.109
2024-01-08,37683.012
2024-01-09,37525.16
2024-01-10,37695.73
2024-01-11,37711.02
2024-01-12,37592.98
2024-01-16,37361.121
2024-01-17,37266.672
2024-01-18,37468.609
2024-01-19,37863.801
2024-01-22,38001.809
2024-01-23,37905.449
2024-01-24,37806.391
2024-01-25,38049.129
2024-01-26,38109.43
2024-01-29,38333.449
2024-01-30,38467.309
2024-01-31,38150.301
2024-02-01,38519.84
2024-02-02,38654.422
2024-02-05,38380.121
2024-02-06,38521.359
2024-02-07,38677.359
2024-02-08,38726.328
2024-02-09,38671.691
2024-02-12,38797.379
2024-02-13,38272.75
2024-02-14,38424.27
2024-02-15,38773.121
2024-02-16,38627.988
2024-02-20,38563.801
2024-02-21,38612.238
2024-02-22,39069.109
2024-02-23,39131.531
2024-02-26,39069.23
2024-02-27,38972.41
2024-02-28,38949.02
2024-02-29,38996.391
2024-03-01,39087.379
2024-03-04,38989.828
2024-03-05,38585.191
2024-03-06,38661.051
2024-03-07,38791.352
2024-03-08,38722.691
2024-03-11,38769.66
2024-03-12,39005.488
2024-03-13,39043.32
2024-03-14,38905.66
2024-03-15,38714.77
2024-03-18,38790.43
2024-03-19,39110.762
2024-03-20,39512.129
2024-03-21,39781.371
2024-03-22,39475.898
2024-03-25,39313.641
2024-03-26,39282.328
2024-03-27,39760.078
2024-03-28,39807.371
2024-04-01,39566.852
2024-04-02,39170.238
2024-04-03,39127.141
2024-04-04,38596.98
2024-04-05,38904.039
2024-04-08,38892.801
2024-04-09,38883.672
2024-04-10,38461.512
2024-04-11,38459.078
2024-04-12,37983.238
2024-04-15,37735.109
2024-04-16,37798.969
2024-04-17,37753.309
2024-04-18,37775.379
2024-04-19,37986.398
2024-04-22,38239.98
2024-04-23,38503.691
2024-04-24,38460.922
2024-04-25,38085.801
2024-04-26,38239.66
2024-04-29,38386.09
2024-04-30,37815.922
2024-05-01,37903.289
2024-05-02,38225.66
2024-05-03,38675.68
2024-05-06,38852.27
2024-05-07,38884.262
2024-05-08,39056.391
2024-05-09,39387.762
2024-05-10,39512.84
2024-05-13,39431.512
2024-05-14,39558.109
2024-05-15,39908.0
2024-05-16,39869.379
2024-05-17,40003.59
2024-05-20,39806.77
2024-05-21,39872.988
2024-05-22,39671.039
2024-05-23,39065.262
2024-05-24,39069.59
2024-05-28,38852.859
2024-05-29,38441.539
2024-05-30,38111.48
2024-05-31,38686.32
2024-06-03,38571.031
2024-06-04,38711.289
2024-06-05,38807.328
2024-06-06,38886.172
2024-06-07,38798.988
2024-06-10,38868.039
2024-06-11,38747.422
2024-06-12,38712.211
2024-06-13,38647.102
2024-06-14,38589.16
2024-06-17,38778.102
2024-06-18,38834.859
2024-06-20,39134.762
2024-06-21,39150.328
2024-06-24,39411.211
2024-06-25,39112.16
2024-06-26,39127.801
2024-06-27,39164.059
2024-06-28,39118.859
2024-07-01,39169.52
2024-07-02,39331.852
2024-07-03,39308.0
2024-07-05,39375.871
2024-07-08,39344.789
2024-07-09,39291.969
2024-07-10,39721.359
2024-07-11,39753.75
2024-07-12,40000.898
2024-07-15,40211.719
2024-07-16,40954.48
2024-07-17,41198.078
2024-07-18,40665.02
2024-07-19,40287.531
2024-07-22,40415.441
2024-07-23,40358.09
2024-07-24,39853.871
2024-07-25,39935.07
2024-07-26,40589.34
2024-07-29,40539.93
2024-07-30,40743.328
2024-07-31,40842.789
2024-08-01,40347.969
2024-08-02,39737.262
2024-08-05,38703.27
2024-08-06,38997.66
2024-08-07,38763.449
2024-08-08,39446.488
2024-08-09,39497.539
2024-08-12,39357.012
2024-08-13,39765.641
2024-08-14,40008.391
2024-08-15,40563.059
2024-08-16,40659.762
2024-08-19,40896.531
2024-08-20,40834.969
2024-08-21,40890.488
2024-08-22,40712.781
2024-08-23,41175.078
2024-08-26,41240.52
2024-08-27,41250.5
2024-08-28,41091.422
2024-08-29,41335.051
2024-08-30,41563.078
2024-09-03,40936.93
2024-09-04,40974.969
2024-09-05,40755.75
2024-09-06,40345.41
2024-09-09,40829.59
2024-09-10,40736.961
2024-09-11,40861.711
2024-09-12,41096.77
2024-09-13,41393.781
2024-09-16,41622.078
2024-09-17,41606.18
2024-09-18,41503.102
2024-09-19,42025.191
2024-09-20,42063.359
2024-09-23,42124.648
2024-09-24,42208.219
2024-09-25,41914.75
2024-09-26,42175.109
2024-09-27,42313.0
2024-09-30,42330.148
2024-10-01,42156.969
2024-10-02,42196.52
2024-10-03,42011.59
2024-10-04,42352.75
2024-10-07,41954.238
2024-10-08,42080.371
2024-10-09,42512.0
2024-10-10,42454.121
2024-10-11,42863.859
2024-10-14,43065.219
2024-10-15,42740.422
2024-10-16,43077.699
2024-10-17,43239.051
2024-10-18,43275.91
2024-10-21,42931.602
2024-10-22,42924.891
2024-10-23,42514.949
2024-10-24,42374.359
2024-10-25,42114.398
2024-10-28,42387.57
2024-10-29,42233.051
2024-10-30,42141.539
2024-10-31,41763.461
2024-11-01,42052.191
2024-11-04,41794.602
2024-11-05,42221.879
2024-11-06,43729.93
2024-11-07,43729.34
2024-11-08,43988.988
2024-11-11,44293.129
2024-11-12,43910.98
2024-11-13,43958.191
2024-11-14,43750.859
2024-11-15,43444.988
2024-11-18,43389.602
2024-11-19,43268.941
2024-11-20,43408.469
2024-11-21,43870.352
2024-11-22,44296.512
2024-11-25,44736.57
2024-11-26,44860.309
2024-11-27,44722.059
2024-11-29,44910.648
2024-12-02,44782.0
2024-12-03,44705.531
2024-12-04,45014.039
2024-12-05,44765.711
2024-12-06,44642.52
2024-12-09,44401.93
2024-12-10,44247.828
2024-12-11,44148.559
2024-12-12,43914.121
2024-12-13,43828.059
2024-12-16,43717.48
2024-12-17,43449.898
2024-12-18,42326.871
2024-12-19,42342.238
2024-12-20,42840.262
2024-12-23,42906.949
2024-12-24,43297.031
2024-12-26,43325.801
2024-12-27,42992.211
2024-12-30,42573.73
2024-12-31,42544.219
2025-01-02,42392.27
2025-01-03,42732.129
2025-01-06,42706.559
2025-01-07,42528.359
2025-01-08,42635.199
2025-01-10,41938.449
2025-01-13,42297.121
2025-01-14,42518.281
2025-01-15,43221.551
2025-01-16,43153.129
2025-01-17,43487.828
2025-01-21,44025.809
2025-01-22,44156.73
2025-01-23,44565.07
2025-01-24,44424.25
2025-01-27,44713.578
2025-01-28,44850.352
2025-01-29,44713.52
2025-01-30,44882.129
2025-01-31,44544.66
2025-02-03,44421.91
2025-02-04,44556.039
2025-02-05,44873.281
2025-02-06,44747.629
2025-02-07,44303.398
2025-02-10,44470.41
2025-02-11,44593.648
2025-02-12,44368.559
2025-02-13,44711.43
2025-02-14,44546.078
2025-02-18,44556.34
2025-02-19,44627.59
2025-02-20,44176.648
2025-02-21,43428.02
2025-02-24,43461.211
2025-02-25,43621.16
2025-02-26,43433.121
2025-02-27,43239.5
2025-02-28,43840.91
2025-03-03,43191.238
2025-03-04,42520.988
2025-03-05,43006.59
2025-03-06,42579.078
2025-03-07,42801.719
2025-03-10,41911.711
2025-03-11,41433.48
2025-03-12,41350.93
2025-03-13,40813.57
2025-03-14,41488.191
2025-03-17,41841.629
2025-03-18,41581.309
2025-03-19,41964.629
2025-03-20,41953.32
2025-03-21,41985.352
2025-03-24,42583.32
2025-03-25,42587.5
2025-03-26,42454.789
2025-03-27,42299.699
2025-03-28,41583.898
2025-03-31,42001.762
2025-04-01,41989.961
2025-04-02,42225.32
2025-04-03,40545.93
2025-04-04,38314.859
2025-04-07,37965.602
2025-04-08,37645.59
2025-04-09,40608.449
2025-04-10,39593.66
2025-04-11,40212.711
2025-04-14,40524.789
2025-04-15,40368.961
2025-04-16,39669.391
2025-04-17,39142.23
2025-04-21,38170.41
2025-04-22,39186.98
2025-04-23,39606.57
2025-04-24,40093.398
2025-04-25,40113.5
2025-04-28,40227.59
2025-04-29,40527.621
2025-04-30,40669.359
2025-05-01,40752.961
2025-05-02,41317.43
2025-05-05,41218.828
2025-05-06,40829.0
2025-05-07,41113.969
2025-05-08,41368.449
2025-05-09,41249.379
2025-05-12,42410.102
2025-05-13,42140.43
2025-05-14,42051.059
2025-05-15,42322.75
2025-05-16,42654.738
2025-05-19,42792.07
2025-05-20,42677.238
2025-05-21,41860.441
2025-05-22,41859.09
2025-05-23,41603.07
2025-05-27,42343.648
2025-05-28,42098.699
2025-05-29,42215.73
2025-05-30,42270.07
2025-06-02,42305.48
2025-06-03,42519.641
2025-06-04,42427.738
2025-06-05,42319.738
2025-06-06,42762.871
2025-06-09,42761.762
2025-06-10,42866.871
2025-06-11,42865.77
2025-06-12,42967.621
2025-06-13,42197.789
2025-06-16,42515.09
2025-06-17,42215.801
2025-06-18,42171.66
2025-06-20,42206.82
2025-06-23,42581.781
2025-06-24,43089.02
2025-06-25,42982.43
2025-06-26,43386.84
2025-06-27,43819.27
2025-06-30,44094.77
2025-07-01,44494.941
2025-07-02,44484.422
2025-07-03,44828.531
2025-07-07,44406.359
2025-07-08,44240.762
2025-07-09,44458.301
2025-07-10,44650.641
2025-07-11,44371.512
2025-07-14,44459.648
2025-07-15,44023.289
2025-07-16,44254.781
2025-07-17,44484.488
2025-07-18,44342.191
2025-07-21,44323.07
2025-07-22,44502.441
2025-07-23,45010.289
2025-07-24,44693.91
2025-07-25,44901.922
2025-07-28,44837.559
2025-07-29,44632.988
2025-07-30,44461.281
2025-07-31,44130.98
2025-08-01,43588.578
2025-08-04,44173.641
2025-08-05,44111.738
2025-08-06,44193.121
2025-08-07,43968.641
2025-08-08,44175.609
2025-08-11,43975.09
2025-08-12,44458.609
2025-08-13,44922.27
2025-08-14,44911.262
2025-08-15,44946.121
2025-08-18,44911.82
2025-08-19,44922.27
2025-08-20,44938.309
2025-08-21,44785.5
2025-08-22,45631.738
2025-08-25,45282.469
2025-08-26,45418.07
2025-08-27,45565.23
2025-08-28,45636.898
2025-08-29,45544.879
2025-09-02,45295.809
2025-09-03,45271.23
2025-09-04,45621.289
2025-09-05,45400.859
2025-09-08,45514.949
2025-09-09,45711.34
2025-09-10,45490.922
2025-09-11,46108.0
2025-09-12,45834.219
2025-09-15,45883.449
2025-09-16,45757.898
2025-09-17,46018.32
2025-09-18,46142.422
2025-09-19,46315.27
2025-09-22,46381.539
2025-09-23,46292.781
2025-09-24,46121.281
2025-09-25,45947.32
2025-09-26,46247.289
2025-09-29,46316.07
2025-09-30,46397.891
2025-10-01,46441.102
2025-10-02,46519.719
2025-10-03,46758.281
2025-10-06,46694.969
2025-10-07,46602.98
2025-10-08,46601.781
2025-10-09,46358.422
2025-10-10,45479.602
2025-10-13,46067.578
2025-10-14,46270.461
2025-10-15,46253.309
2025-10-16,45952.238
2025-10-17,46190.609
2025-10-20,46706.578
2025-10-21,46924.738
2025-10-22,46590.41
2025-10-23,46734.609
2025-10-24,47207.121
2025-10-27,47544.59
2025-10-28,47706.371
2025-10-29,47632.0
2025-10-30,47522.121
2025-10-31,47562.871
2025-11-03,47336.68
2025-11-04,47085.238
2025-11-05,47311.0
2025-11-06,46912.301
2025-11-07,46987.102
2025-11-10,47368.629
2025-11-11,47927.961
2025-11-12,48254.82
2025-11-13,47457.219
2025-11-14,47147.48
2025-11-17,46590.238
2025-11-18,46091.738
2025-11-19,46138.77
2025-11-20,45752.262
2025-11-21,46245.41
2025-11-24,46448.27
2025-11-25,47112.449
2025-11-26,47427.121
2025-11-28,47716.422
2025-12-01,47289.328
2025-12-02,47474.461
2025-12-03,47882.898
2025-12-04,47850.941
2025-12-05,47954.988
2025-12-08,47739.32
2025-12-09,47560.289
2025-12-10,48057.75
2025-12-11,48704.012
2025-12-12,48458.051
2025-12-15,48416.559
2025-12-16,48114.262
2025-12-17,47885.969
2025-12-18,47951.852
2025-12-19,48134.891
2025-12-22,48362.68
2025-12-23,48442.41
2025-12-24,48731.16
2025-12-26,48710.969
2025-12-29,48461.93
2025-12-30,48367.059
2025-12-31,48063.289
2026-01-02,48382.391
2026-01-05,48977.18
2026-01-06,49462.078
2026-01-07,48996.078
2026-01-08,49266.109
2026-01-09,49504.07
2026-01-12,49590.199
2026-01-13,49191.988
2026-01-14,49149.629
2026-01-15,49442.441
2026-01-16,49359.328
2026-01-20,48488.59
2026-01-21,49077.23
2026-01-22,49384.012
2026-01-23,49098.711
2026-01-26,49412.398
2026-01-27,49003.41
2026-01-28,49015.602
2026-01-29,49071.559
2026-01-30,48892.469
2026-02-02,49407.66
2026-02-03,49240.988
2026-02-04,49501.301
2026-02-05,48908.719
2026-02-06,50115.672
2026-02-09,50135.871
2026-02-10,50188.141
2026-02-11,50121.398
2026-02-12,49451.98
2026-02-13,49500.93
2026-02-17,49533.191
2026-02-18,49662.66
2026-02-19,49395.16
2026-02-20,49625.969
2026-02-23,48804.059
2026-02-24,49174.5
2026-02-25,49482.148
2026-02-26,49499.199
2026-02-27,48977.922
2026-03-02,48904.781
2026-03-03,48501.27
2026-03-04,48739.41
2026-03-05,47954.738
2026-03-06,47501.551
2026-03-09,47740.801
2026-03-10,47706.512
2026-03-11,47417.27
2026-03-12,46677.852
2026-03-13,46558.469
2026-03-16,46946.41
2026-03-17,46993.262
2026-03-18,46225.148
2026-03-19,46021.43
2026-03-20,45577.469
2026-03-23,46208.469
2026-03-24,46124.059
2026-03-25,46429.488
2026-03-26,45960.109
2026-03-27,45166.641
2026-03-30,45216.141
2026-03-31,46341.512
2026-04-01,46565.738
2026-04-02,46504.672
2026-04-06,46669.879
2026-04-07,46584.461
2026-04-08,47909.922
2026-04-09,48185.801
2026-04-10,47916.57
2026-04-13,48218.25
2026-04-14,48535.988
2026-04-15,48463.719
2026-04-16,48578.719
2026-04-17,49447.43
2026-04-20,49442.559
2026-04-21,49149.379
2026-04-22,49490.031
2026-04-23,49310.32
2026-04-24,49230.711
2026-04-27,49167.789
2026-04-28,49141.93
2026-04-29,48861.809
2026-04-30,49652.141
2026-05-01,49499.27
2026-05-04,48941.898
2026-05-05,49298.25
2026-05-06,49910.59
2026-05-07,49596.969
2026-05-08,49609.16
2026-05-11,49704.469
2026-05-12,49760.559
2026-05-13,49693.199
2026-05-14,50063.461
2026-05-15,49526.172
2026-05-18,49686.121
2026-05-19,49363.879
2026-05-20,50009.352
2026-05-21,50285.66
2026-05-22,50579.699
2026-05-26,50461.68
2026-05-27,50644.281
2026-05-28,50668.969
2026-05-29,51032.461
2026-06-01,51078.879
2026-06-02,51307.789
2026-06-03,50687.07
2026-06-04,51561.93
2026-06-05,50866.781
2026-06-08,50786.012
2026-06-09,50872.109
2026-06-10,49918.781
2026-06-11,50848.75
2026-06-12,51202.262
2026-06-15,51671.031
2026-06-16,51999.672
2026-06-17,51492.551
2026-06-18,51564.699
2026-06-22,51712.711
2026-06-23,51666.84
2026-06-24,51848.898
2026-06-25,51920.621
2026-06-26,51876.109
2026-06-29,52182.738
2026-06-30,52319.199
2026-07-01,52305.238
2026-07-02,52900.07
2026-07-06,53055.91
2026-07-07,52925.148
2026-07-08,52348.391
2026-07-09,52487.41
2026-07-10,52637.012
2026-07-13,52498.641
2026-07-14,52508.27
2026-07-15,52658.641
2026-07-16,52552.969
2026-07-17,52146.422
2026-07-20,51839.262
2026-07-21,52224.641
2026-07-22,52218.578
2026-07-23,51711.648
2026-07-24,51947.25
2026-07-27,52210.078
2026-07-28,52747.32
2026-07-29,51594.141
2026-07-30,52208.059
2026-07-31,52485.031
2026-08-03,53178.41
2026-08-04,54085.879
2026-08-05,54349.121
2026-08-06,53885.102
2026-08-07,54036.93
2026-08-10,53975.98
2026-08-11,53791.852
2026-08-12,53770.27
2026-08-13,53839.988
2026-08-14,53732.41
2026-08-17,53459.781
2026-08-18,53343.398
2026-08-19,53463.051
2026-08-20,52759.211
2026-08-21,53277.012
2026-08-24,53417.16
2026-08-25,53577.398
2026-08-26,53463.879
2026-08-27,53569.441
2026-08-28,53559.99
