date,source_url,g_fund_assets,g_fund_share,g_fund_underlying_assets,g_fund_underlying_share,f_fund_assets,f_fund_share,f_fund_underlying_assets,f_fund_underlying_share,c_fund_assets,c_fund_share,c_fund_underlying_assets,c_fund_underlying_share,s_fund_assets,s_fund_share,s_fund_underlying_assets,s_fund_underlying_share,i_fund_assets,i_fund_share,i_fund_underlying_assets,i_fund_underlying_share,total_assets,total_share,total_underlying_assets,total_underlying_share,l_fund_assets,l_fund_share,mfw_assets,mfw_share,mfw_underlying_assets,mfw_underlying_share,g_fund_ift_m,f_fund_ift_m,c_fund_ift_m,s_fund_ift_m,i_fund_ift_m,l_fund_ift_m,mfw_ift_m,equity_assets,equity_share,safe_assets,safe_share,g_fund_1m_change,equity_1m_change,equity_ift_m,safe_ift_m,retirement_flow_signal,score_retirement_proxy
2022-10-31,https://www.frtib.gov/pdf/minutes/2022/Nov/Att2-October-2022-Investment-Program-Review.pdf,240.5,33.4,292.0,40.6,18.9,2.6,29.4,4.1,211.3,29.3,261.9,36.4,66.0,9.2,79.6,11.1,22.3,3.1,56.8,7.9,719.9,100.0,719.9,100.0,160.7,22.3,0.1,0.0,0.1,0.0,840.0,-174.0,170.0,-4.0,-64.0,-777.0,11.0,299.6,41.6,259.4,36.0,,,102.0,666.0,-738.0,50.0
2022-11-30,https://www.frtib.gov/pdf/minutes/2022/Dec/Att2-November-2022-Investment-Program-Review.pdf,239.9,32.1,292.8,39.1,19.6,2.6,30.5,4.1,223.5,29.9,278.2,37.2,69.3,9.3,83.9,11.2,25.6,3.4,62.6,8.4,748.1,100.0,748.1,100.0,170.2,22.7,0.1,0.0,0.1,0.0,-790.0,4.0,161.0,575.0,108.0,-68.0,10.0,318.40000000000003,42.6,259.5,34.7,-1.2999999999999972,1.0,844.0,-786.0,1634.0,50.0
2022-12-31,https://www.frtib.gov/pdf/minutes/2023/Jan/Att4-December-2022-Investment-Program-Review.pdf,240.1,33.1,292.6,40.3,19.5,2.7,30.2,4.2,210.0,28.9,262.9,36.2,64.4,8.9,78.5,10.8,25.7,3.5,61.6,8.5,725.9,100.0,725.9,100.0,166.0,22.9,0.1,0.0,0.1,0.0,800.0,600.0,400.0,200.0,0.0,-200.0,-400.0,300.09999999999997,41.3,259.6,35.800000000000004,1.0,-1.3000000000000043,600.0,1400.0,-200.0,50.0
2023-01-31,https://www.frtib.gov/pdf/minutes/2023/Feb/Att4-January-2023-Investment-Program-Review.pdf,241.2,31.8,295.5,38.9,20.2,2.7,31.5,4.1,222.2,29.3,278.5,36.7,72.2,9.5,87.3,11.5,28.2,3.7,66.2,8.7,759.1,100.0,759.1,100.0,175.0,23.1,0.2,0.0,0.2,0.0,53.0,97.0,-961.0,691.0,227.0,-120.0,12.0,322.59999999999997,42.5,261.4,34.5,-1.3000000000000007,1.2000000000000028,-43.0,150.0,-96.0,50.0
2023-02-28,https://www.frtib.gov/pdf/minutes/2023/Mar/Att3-February-2023-Investment-Program-Review.pdf,239.8,32.0,293.8,39.3,19.6,2.6,30.8,4.1,216.7,29.0,272.2,36.4,72.1,9.6,86.9,11.6,27.0,3.6,64.6,8.6,748.5,100.0,748.5,100.0,173.1,23.1,0.2,0.0,0.2,0.0,-689.0,-27.0,24.0,982.0,-452.0,151.0,11.0,315.79999999999995,42.2,259.40000000000003,34.6,0.1999999999999993,-0.29999999999999716,554.0,-716.0,1243.0,50.0
2023-03-31,https://www.frtib.gov/pdf/minutes/2023/April/Att4-March-2023-Investment-Program-Review.pdf,240.9,31.7,295.4,38.8,20.2,2.7,31.5,4.1,224.1,29.5,281.4,37.0,69.9,9.2,85.1,11.2,28.1,3.7,66.7,8.8,760.3,100.0,760.3,100.0,177.0,23.3,0.2,0.0,0.2,0.0,1031.0,128.0,-599.0,-365.0,245.0,-447.0,7.0,322.1,42.400000000000006,261.1,34.4,-0.3000000000000007,0.20000000000000284,-719.0,1159.0,-1750.0,50.0
2023-04-30,https://www.frtib.gov/pdf/minutes/2023/May/Att2-April-2023-Investment-Program-Review.pdf,241.0,31.5,296.3,38.7,20.3,2.6,31.8,4.2,227.4,29.7,285.7,37.3,66.4,8.7,81.8,10.7,30.8,4.0,70.1,9.2,766.0,100.0,766.0,100.0,180.0,23.5,0.2,0.0,0.2,0.0,374.0,-2.0,-225.0,-2122.0,1790.0,176.0,8.0,324.6,42.4,261.3,34.1,-0.1999999999999993,-7.105427357601002e-15,-557.0,372.0,-931.0,50.0
2023-05-31,https://www.frtib.gov/pdf/minutes/2023/June/Att3-June-2023-Investment-Program-Review.pdf,242.9,31.7,298.3,38.9,20.1,2.6,31.7,4.1,227.5,29.7,285.5,37.2,66.4,8.7,81.7,10.7,30.0,3.9,69.2,9.0,766.7,100.0,766.7,100.0,179.5,23.4,0.2,0.0,0.2,0.0,1023.0,55.0,-855.0,-475.0,425.0,-182.0,10.0,323.9,42.3,263.0,34.3,0.1999999999999993,-0.10000000000000142,-905.0,1078.0,-1928.0,50.0
2023-06-30,https://www.frtib.gov/pdf/minutes/2023/July/Att2-June-2023-Investment-Program-Review.pdf,237.1,29.8,294.1,37.0,20.2,2.5,32.1,4.0,246.3,30.9,307.8,38.7,72.7,9.1,88.8,11.2,30.9,3.9,72.6,9.1,795.8,100.0,795.8,100.0,188.3,23.7,0.2,0.0,0.2,0.0,5000.0,4000.0,3000.0,2000.0,1000.0,0.0,-1000.0,349.9,43.9,257.3,32.3,-1.8999999999999986,1.6000000000000014,6000.0,9000.0,1000.0,50.0
2023-07-31,https://www.frtib.gov/pdf/minutes/2023/Aug/Att2-July-2023-Investment-Program-Review.pdf,233.9,28.7,292.5,35.9,19.8,2.4,32.1,3.9,256.9,31.6,320.3,39.3,77.1,9.5,93.9,11.5,32.1,3.9,75.1,9.2,814.2,100.0,814.2,100.0,194.1,23.8,0.2,0.0,0.2,0.0,4000.0,3000.0,2000.0,1000.0,0.0,-1000.0,-2000.0,366.1,45.0,253.70000000000002,31.099999999999998,-1.1000000000000014,1.1000000000000014,3000.0,7000.0,-1000.0,50.0
2023-08-31,https://www.frtib.gov/pdf/minutes/2023/Sept/Att2-August-2023-Investment-Program-Review.pdf,234.3,29.1,292.4,36.4,19.6,2.4,31.8,3.9,253.2,31.5,316.0,39.3,74.8,9.3,91.4,11.4,30.0,3.7,72.4,9.0,804.1,100.0,804.1,100.0,192.0,23.9,0.2,0.0,0.2,0.0,-76.0,-114.0,400.0,731.0,-948.0,1.0,7.0,358.0,44.5,253.9,31.5,0.40000000000000213,-0.5,183.0,-190.0,259.0,50.0
2023-10-31,https://www.frtib.gov/pdf/minutes/2023/Nov/Att2-October-2023-Investment-Program-Review.pdf,236.9,30.7,292.8,38.0,18.5,2.4,30.0,3.9,237.1,30.8,297.5,38.6,66.2,8.6,82.0,10.6,27.2,3.5,68.0,8.8,770.6,100.0,770.6,100.0,184.4,23.9,0.2,0.0,0.2,0.0,-121.0,-135.0,1022.0,116.0,-425.0,-463.0,5.0,330.5,42.9,255.4,33.1,1.5999999999999979,-1.6000000000000014,713.0,-256.0,834.0,63.90016007071614
2023-11-30,https://www.frtib.gov/pdf/minutes/2023/Dec/Att2-November-2023-Investment-Program-Review.pdf,235.3,28.9,294.1,36.1,19.5,2.4,31.7,3.9,259.5,31.9,324.4,39.8,73.4,9.0,90.4,11.1,29.7,3.6,73.5,9.0,814.5,100.0,814.5,100.0,196.7,24.2,0.3,0.0,0.3,0.0,-857.0,123.0,813.0,-301.0,116.0,99.0,6.0,362.59999999999997,44.5,254.8,31.299999999999997,-1.8000000000000007,1.6000000000000014,628.0,-734.0,1485.0,70.74173007213273
2023-12-31,https://www.frtib.gov/pdf/minutes/2024/Jan/Att2-December-2023-Investment-Program-Review.pdf,234.1,27.7,294.9,34.9,20.4,2.4,33.1,3.9,270.9,32.0,339.0,40.1,82.4,9.8,99.9,11.8,32.0,3.8,78.2,9.2,845.4,100.0,845.4,100.0,205.3,24.3,0.3,0.0,0.3,0.0,-1872.0,267.0,-212.0,1144.0,673.0,-7.0,7.0,385.29999999999995,45.599999999999994,254.5,30.099999999999998,-1.1999999999999993,1.0999999999999943,1605.0,-1605.0,3477.0,86.34121680791492
2024-01-31,https://www.frtib.gov/pdf/minutes/2024/Feb/Att2-January-2024-Investment-Program-Review.pdf,233.4,27.5,294.9,34.7,20.1,2.4,33.1,3.9,276.5,32.6,344.5,40.6,81.4,9.6,98.9,11.7,30.7,3.6,77.4,9.1,849.2,100.0,849.2,100.0,206.7,24.3,0.3,0.0,0.3,0.0,-868.0,-163.0,1462.0,877.0,-1158.0,-163.0,14.0,388.59999999999997,45.800000000000004,253.5,29.9,-0.1999999999999993,0.20000000000000995,1181.0,-1031.0,2049.0,68.72026321722473
2024-02-29,https://www.frtib.gov/pdf/minutes/2024/Mar/Att2-February-2024-Investment-Program-Review.pdf,234.3,26.7,296.7,33.8,19.7,2.2,32.9,3.8,293.5,33.5,364.9,41.6,84.3,9.6,102.9,11.7,31.2,3.6,79.4,9.0,877.2,100.0,877.2,100.0,213.8,24.4,0.3,0.0,0.3,0.0,202.0,-105.0,2449.0,-2086.0,-433.0,-45.0,17.0,409.0,46.7,254.0,28.9,-0.8000000000000007,0.8999999999999986,-70.0,97.0,-272.0,43.302189055825274
2024-04-30,https://www.frtib.gov/pdf/minutes/2024/May/Att3-April-2024-Investment-Program-Review.pdf,232.5,26.7,295.5,33.9,19.1,2.2,32.3,3.7,293.1,33.6,364.5,41.8,80.9,9.3,99.2,11.4,31.2,3.6,79.7,9.1,871.6,100.0,871.6,100.0,214.3,24.6,0.4,0.0,0.4,0.0,2097.0,-116.0,478.0,-1380.0,-722.0,-369.0,13.0,405.2,46.50000000000001,251.6,28.9,0.0,-0.19999999999999574,-1624.0,1981.0,-3721.0,13.250880165216664
2024-05-31,https://www.frtib.gov/pdf/minutes/2024/June/Att2-May-2024-Investment-Program-Review.pdf,230.4,25.7,294.1,32.8,19.3,2.2,32.9,3.7,308.4,34.3,383.1,42.7,84.5,9.4,103.7,11.5,33.1,3.7,83.8,9.3,898.0,100.0,898.0,100.0,222.0,24.7,0.4,0.0,0.4,0.0,-1889.0,-79.0,1016.0,816.0,334.0,-209.0,12.0,426.0,47.4,249.70000000000002,27.9,-1.0,0.8999999999999915,2166.0,-1968.0,4055.0,82.65150388331944
2024-06-30,https://www.frtib.gov/pdf/minutes/2024/July/Att2-June-2024-Investment-Program-Review.pdf,229.2,25.1,294.0,32.2,19.5,2.1,33.1,3.6,322.3,35.4,397.9,43.6,83.1,9.1,102.7,11.3,32.3,3.5,83.6,9.2,911.7,100.0,911.7,100.0,224.8,24.7,0.4,0.0,0.4,0.0,-1212.0,69.0,3025.0,-1440.0,-236.0,-220.0,14.0,437.7,48.0,248.7,27.200000000000003,-0.5999999999999979,0.6000000000000014,1349.0,-1143.0,2561.0,68.46318287205588
2024-07-31,https://www.frtib.gov/pdf/minutes/2024/Aug/att2-July-2024-Investment-Program-Review.pdf,229.0,24.7,294.1,31.7,19.9,2.1,33.7,3.6,327.3,35.3,405.3,43.7,87.5,9.4,107.4,11.6,33.2,3.6,86.0,9.3,926.9,100.0,926.9,100.0,229.5,24.8,0.4,0.0,0.4,0.0,-423.0,-37.0,1464.0,-703.0,-21.0,-292.0,13.0,448.0,48.3,248.9,26.8,-0.40000000000000213,0.29999999999999716,740.0,-460.0,1163.0,56.234964698980065
2024-08-31,https://www.frtib.gov/pdf/minutes/2024/Sept/att1-August%202024%20Investment%20Program%20Review.pdf,231.1,24.6,297.5,31.6,21.0,2.2,35.0,3.7,333.8,35.5,413.7,43.9,86.8,9.2,107.3,11.4,33.9,3.6,87.6,9.3,941.4,100.0,941.4,100.0,234.4,24.9,0.4,0.0,0.4,0.0,2269.0,850.0,-1230.0,-1023.0,-395.0,-480.0,9.0,454.5,48.300000000000004,252.1,26.8,-0.09999999999999787,7.105427357601002e-15,-2648.0,3119.0,-4917.0,10.932378904717794
2024-09-30,https://www.frtib.gov/pdf/minutes/2024/Oct/att2-Investment%20Program%20Review%20to%20accompany%20October%202024%20-%20Copy.pdf,232.5,24.4,300.0,31.4,21.3,2.2,35.5,3.7,340.4,35.7,421.7,44.2,87.4,9.2,108.1,11.3,34.1,3.6,88.5,9.3,954.3,100.0,954.3,100.0,238.1,24.9,0.5,0.0,0.5,0.0,1357.0,17.0,-352.0,-829.0,-87.0,-119.0,13.0,461.9,48.50000000000001,253.8,26.599999999999998,-0.20000000000000284,0.20000000000000284,-1268.0,1374.0,-2625.0,29.6981908625833
2024-10-31,https://www.frtib.gov/pdf/minutes/2024/Nov/att2-October%202024%20Investment%20Program%20Review.pdf,232.6,24.6,299.8,31.7,20.7,2.2,34.8,3.7,335.7,35.5,415.0,43.8,90.3,9.5,110.6,11.7,32.2,3.4,86.2,9.1,946.9,100.0,946.9,100.0,235.0,24.8,0.5,0.1,0.5,0.1,-214.0,-38.0,-1354.0,2215.0,-226.0,-394.0,12.0,458.2,48.4,253.29999999999998,26.8,0.20000000000000284,-0.10000000000000853,635.0,-252.0,849.0,55.71112598709734
2024-11-30,https://www.frtib.gov/pdf/minutes/2024/Dec/att2-FRTIB%20Nevember%202024%20Investment%20Program%20Review.pdf,229.1,23.2,296.9,30.1,20.6,2.1,35.1,3.6,356.1,36.1,439.2,44.6,104.7,10.6,125.9,12.8,31.8,3.2,88.0,8.9,985.6,100.0,985.6,100.0,242.8,24.6,0.5,0.1,0.5,0.1,-3457.0,-217.0,1049.0,3524.0,-408.0,-503.0,11.0,492.6,49.900000000000006,249.7,25.3,-1.4000000000000021,1.500000000000007,4165.0,-3674.0,7622.0,95.85390365598235
2024-12-31,https://www.frtib.gov/pdf/minutes/2025/Jan/att2-FRTIB%20December%202024%20Investment%20Program%20Review.pdf,227.8,23.6,294.9,30.6,20.1,2.1,34.2,3.5,348.1,36.1,429.1,44.5,98.3,10.2,119.0,12.3,30.9,3.2,85.7,8.9,963.4,100.0,963.4,100.0,237.6,24.7,0.5,0.1,0.5,0.1,,,,,,,,477.3,49.5,247.9,25.700000000000003,0.40000000000000213,-0.4000000000000057,,,,50.0
2025-02-28,https://www.frtib.gov/pdf/minutes/2025/Mar/att2-FRTIB-February-2025-Investment-Program-Review.pdf,238.4,24.5,305.9,31.5,21.0,2.2,35.2,3.6,344.0,35.4,427.5,44.0,94.6,9.7,115.7,11.9,32.1,3.3,87.5,9.0,972.3,100.0,972.3,100.0,241.7,24.9,0.5,0.1,0.5,0.1,10195.0,538.0,-7315.0,-2911.0,480.0,-994.0,9.0,470.70000000000005,48.39999999999999,259.4,26.7,0.8999999999999986,-1.1000000000000085,-9746.0,10733.0,-19941.0,0.0
2025-06-30,https://www.frtib.gov/pdf/minutes/2025/July/Att2-FRTIB-June-2025-Investment-Program-Review.pdf,251.8,25.0,321.7,32.0,22.4,2.2,37.0,3.7,342.4,34.0,430.8,42.8,88.0,8.7,110.1,10.9,46.9,4.7,106.2,10.5,1006.5,100.0,1006.5,100.0,254.3,25.2,0.6,0.1,0.6,0.1,-1046.0,22.0,-415.0,-1492.0,2058.0,864.0,9.0,477.29999999999995,47.400000000000006,274.2,27.2,0.5,-0.9999999999999858,151.0,-1024.0,1197.0,55.33176263394199
2025-07-31,https://www.frtib.gov/pdf/minutes/2025/Aug/Att2-FRTIB%20Investment%20Program%20Review%20July%202025.pdf,247.1,24.3,318.0,31.3,22.2,2.2,37.1,3.6,355.1,34.9,445.2,43.8,89.5,8.8,112.0,11.0,43.7,4.3,103.9,10.2,1016.8,100.0,1016.8,100.0,258.6,25.4,0.7,0.1,0.7,0.1,-3663.0,-50.0,5423.0,-828.0,-2486.0,1589.0,15.0,488.3,48.0,269.3,26.5,-0.6999999999999993,0.5999999999999943,2109.0,-3713.0,5772.0,69.06135449245696
2025-08-31,https://www.frtib.gov/pdf/minutes/2025/Sept/Att3-FRTIB-Investment-Program-Review-August-2025.pdf,245.4,23.7,317.8,30.7,22.5,2.2,37.7,3.6,362.1,35.0,454.7,43.9,92.6,8.9,115.8,11.2,46.0,4.4,108.4,10.5,1035.0,100.0,1035.0,100.0,265.8,25.7,0.7,0.1,0.7,0.1,-1260.0,106.0,185.0,-544.0,633.0,866.0,13.0,500.70000000000005,48.3,267.9,25.9,-0.6000000000000014,0.29999999999999716,274.0,-1154.0,1534.0,55.382484045159565
2025-09-30,https://www.frtib.gov/pdf/minutes/2025/Oct/att2-FRTIB-Investment-Program-Review-September-2025.pdf,244.7,23.1,319.1,30.2,22.9,2.2,38.4,3.6,371.8,35.2,467.2,44.2,96.1,9.1,119.8,11.3,47.8,4.5,112.1,10.6,1057.3,100.0,1057.3,100.0,273.4,25.9,0.7,0.1,0.7,0.1,473.0,219.0,-2990.0,1458.0,283.0,537.0,20.0,515.6999999999999,48.800000000000004,267.59999999999997,25.3,-0.5999999999999979,0.5000000000000071,-1249.0,692.0,-1722.0,44.911204196558415
2025-10-31,https://www.frtib.gov/pdf/minutes/2025/Nov/att2-FRTIB-October-2025-Investment-Program-Review.pdf,243.4,22.7,318.8,29.8,23.1,2.2,38.8,3.6,378.5,35.4,475.5,44.4,97.5,9.1,122.0,11.4,49.5,4.6,114.5,10.7,1070.4,100.0,1070.4,100.0,277.7,25.9,0.8,0.1,0.8,0.1,-2147.0,215.0,-337.0,632.0,923.0,698.0,17.0,525.5,49.1,266.5,24.9,-0.40000000000000213,0.29999999999999716,1218.0,-1932.0,3365.0,60.56847802760772
2025-11-30,https://www.frtib.gov/pdf/minutes/2025/Dec/att2-FRTIB-Investment-Program-Review-December-2025.pdf,242.8,22.7,318.0,29.7,23.4,2.2,39.2,3.7,378.4,35.3,476.3,44.5,95.6,8.9,120.3,11.2,50.2,4.7,116.0,10.8,1070.6,100.0,1070.6,100.0,279.4,26.1,0.7,0.1,0.7,0.1,921.0,260.0,-403.0,-1458.0,526.0,147.0,7.0,524.2,48.9,266.2,24.9,0.0,-0.20000000000000284,-1335.0,1181.0,-2256.0,42.71486611293971
2025-12-31,https://www.frtib.gov/pdf/minutes/2026/Jan/Att2-FRTIB-Investment-Program-Review-January-2026.pdf,240.5,22.4,317.7,29.6,23.3,2.2,39.3,3.7,375.9,35.0,474.3,44.2,92.8,8.6,117.4,10.9,57.3,5.3,123.6,11.5,1073.2,100.0,1073.2,100.0,282.6,26.3,0.8,0.1,0.8,0.1,-2441.0,168.0,-1612.0,-2250.0,5694.0,431.0,9.0,526.0,48.9,263.8,24.599999999999998,-0.3000000000000007,0.0,1832.0,-2273.0,4273.0,62.86271507397878
2026-01-31,https://www.frtib.gov/pdf/minutes/2026/Feb/att2-FRTIB%20Investment%20Program%20Review%20January%202026.pdf,238.2,21.9,316.8,29.1,23.1,2.1,39.5,3.6,376.7,34.6,478.3,43.9,95.7,8.8,120.8,11.1,65.0,6.0,132.9,12.2,1089.0,100.0,1089.0,100.0,289.5,26.6,0.8,0.1,0.8,0.1,-2127.0,-112.0,-3342.0,770.0,4393.0,400.0,17.0,537.4,49.400000000000006,261.3,24.0,-0.5,0.5000000000000071,1821.0,-2239.0,3948.0,61.06246134484728
2026-02-28,https://www.frtib.gov/pdf/minutes/2026/Mar/att2-FRTIB-February-2026-Investment-Program-Review.pdf,237.1,21.7,316.1,28.9,23.5,2.1,40.0,3.7,365.8,33.4,469.0,42.9,94.1,8.6,119.7,10.9,78.7,7.2,148.4,13.6,1094.0,100.0,1094.0,100.0,294.1,26.9,0.8,0.1,0.8,0.1,-335.0,107.0,-7025.0,-2578.0,9618.0,196.0,17.0,538.6,49.2,260.6,23.8,-0.1999999999999993,-0.20000000000000284,15.0,-228.0,350.0,49.86072871608251
2026-03-31,https://www.frtib.gov/pdf/minutes/2026/Apr/att2-FRTIB-Investment-Program-Review-March-2026.pdf,248.4,23.7,323.5,30.9,22.9,2.2,38.3,3.7,340.6,32.5,439.0,41.9,88.5,8.4,113.3,10.8,67.8,6.5,133.6,12.7,1048.5,100.0,1048.5,100.0,279.5,26.7,0.8,0.1,0.8,0.1,13221.0,-4.0,-6363.0,-1243.0,-3430.0,-2188.0,7.0,496.90000000000003,47.4,271.3,25.9,2.0,-1.8000000000000043,-11036.0,13217.0,-24257.0,0.0
2026-04-30,https://www.frtib.gov/pdf/minutes/2026/May/att3-FRTIB%20April%202026%20Investment%20Program%20Review.pdf,245.5,22.0,325.2,29.1,22.6,2.0,39.2,3.5,377.1,33.7,482.3,43.1,98.0,8.8,124.5,11.1,74.9,6.7,146.2,13.1,1118.2,100.0,1118.2,100.0,299.3,26.8,0.9,0.1,0.9,0.1,-3485.0,-165.0,1469.0,653.0,918.0,607.0,4.0,550.0,49.2,268.1,24.0,-1.6999999999999993,1.8000000000000043,3040.0,-3650.0,6525.0,65.43097543182127
