observation_date,RUT
2011-08-29,724.6500244140625
2011-08-30,728.0800170898438
2011-08-31,726.8099975585938
2011-09-01,708.9199829101562
2011-09-02,683.3599853515625
2011-09-06,680.8699951171875
2011-09-07,709.469970703125
2011-09-08,694.9199829101562
2011-09-09,673.9600219726562
2011-09-12,679.760009765625
2011-09-13,691.739990234375
2011-09-14,704.1199951171875
2011-09-15,713.510009765625
2011-09-16,714.3099975585938
2011-09-19,702.22998046875
2011-09-20,689.9500122070312
2011-09-21,664.5800170898438
2011-09-22,643.4199829101562
2011-09-23,652.4299926757812
2011-09-26,665.6199951171875
2011-09-27,680.22998046875
2011-09-28,651.969970703125
2011-09-29,662.7999877929688
2011-09-30,644.1599731445312
2011-10-03,609.489990234375
2011-10-04,648.6400146484375
2011-10-05,658.1099853515625
2011-10-06,673.7999877929688
2011-10-07,656.2100219726562
2011-10-10,684.9000244140625
2011-10-11,688.969970703125
2011-10-12,700.3800048828125
2011-10-13,698.8200073242188
2011-10-14,712.4600219726562
2011-10-17,688.5999755859375
2011-10-18,709.3400268554688
2011-10-19,694.3699951171875
2011-10-20,696.4199829101562
2011-10-21,712.4199829101562
2011-10-24,736.030029296875
2011-10-25,713.6500244140625
2011-10-26,727.1500244140625
2011-10-27,765.4299926757812
2011-10-28,761.0
2011-10-31,741.0599975585938
2011-11-01,713.8900146484375
2011-11-02,733.260009765625
2011-11-03,751.530029296875
2011-11-04,746.489990234375
2011-11-07,745.27001953125
2011-11-08,755.27001953125
2011-11-09,718.8599853515625
2011-11-10,725.47998046875
2011-11-11,744.6400146484375
2011-11-14,732.8900146484375
2011-11-15,743.0800170898438
2011-11-16,729.8599853515625
2011-11-17,718.75
2011-11-18,719.4199829101562
2011-11-21,701.9000244140625
2011-11-22,696.260009765625
2011-11-23,674.3400268554688
2011-11-25,666.1599731445312
2011-11-28,697.9000244140625
2011-11-29,696.0999755859375
2011-11-30,737.4199829101562
2011-12-01,730.75
2011-12-02,735.02001953125
2011-12-05,747.030029296875
2011-12-06,746.780029296875
2011-12-07,746.1400146484375
2011-12-08,722.6799926757812
2011-12-09,745.4000244140625
2011-12-12,733.1500244140625
2011-12-13,718.0599975585938
2011-12-14,708.4600219726562
2011-12-15,716.010009765625
2011-12-16,722.0499877929688
2011-12-19,708.5599975585938
2011-12-20,738.219970703125
2011-12-21,740.4500122070312
2011-12-22,745.510009765625
2011-12-23,747.97998046875
2011-12-27,751.3099975585938
2011-12-28,735.2100219726562
2011-12-29,744.97998046875
2011-12-30,740.9199829101562
2012-01-03,752.280029296875
2012-01-04,747.280029296875
2012-01-05,752.2899780273438
2012-01-06,749.7100219726562
2012-01-09,753.510009765625
2012-01-10,764.75
2012-01-11,767.239990234375
2012-01-12,770.489990234375
2012-01-13,764.2000122070312
2012-01-17,765.530029296875
2012-01-18,779.260009765625
2012-01-19,782.3699951171875
2012-01-20,784.6199951171875
2012-01-23,783.0499877929688
2012-01-24,788.27001953125
2012-01-25,795.5800170898438
2012-01-26,792.9099731445312
2012-01-27,798.8499755859375
2012-01-30,792.3800048828125
2012-01-31,792.8200073242188
2012-02-01,809.6599731445312
2012-02-02,812.8900146484375
2012-02-03,831.1099853515625
2012-02-06,828.3699951171875
2012-02-07,827.3699951171875
2012-02-08,828.3900146484375
2012-02-09,824.989990234375
2012-02-10,813.3300170898438
2012-02-13,824.8099975585938
2012-02-14,820.6500244140625
2012-02-15,813.97998046875
2012-02-16,829.9600219726562
2012-02-17,828.6799926757812
2012-02-21,823.2000122070312
2012-02-22,816.5
2012-02-23,829.22998046875
2012-02-24,826.9199829101562
2012-02-27,826.6599731445312
2012-02-28,823.7999877929688
2012-02-29,810.9400024414062
2012-03-01,815.219970703125
2012-03-02,802.4199829101562
2012-03-05,803.6500244140625
2012-03-06,787.0900268554688
2012-03-07,795.9500122070312
2012-03-08,806.3400268554688
2012-03-09,817.0
2012-03-12,814.2899780273438
2012-03-13,831.22998046875
2012-03-14,823.4000244140625
2012-03-15,831.4600219726562
2012-03-16,830.1799926757812
2012-03-19,837.77001953125
2012-03-20,829.239990234375
2012-03-21,829.9199829101562
2012-03-22,821.4400024414062
2012-03-23,830.030029296875
2012-03-26,846.1300048828125
2012-03-27,839.97998046875
2012-03-28,834.4500122070312
2012-03-29,832.219970703125
2012-03-30,830.2999877929688
2012-04-02,840.6300048828125
2012-04-03,834.7999877929688
2012-04-04,820.3800048828125
2012-04-05,818.1799926757812
2012-04-09,803.4600219726562
2012-04-10,784.1500244140625
2012-04-11,796.5900268554688
2012-04-12,808.5900268554688
2012-04-13,796.2899780273438
2012-04-16,798.0800170898438
2012-04-17,810.6300048828125
2012-04-18,803.3200073242188
2012-04-19,798.9000244140625
2012-04-20,804.0499877929688
2012-04-23,791.8499755859375
2012-04-24,798.0499877929688
2012-04-25,812.1199951171875
2012-04-26,818.3300170898438
2012-04-27,825.469970703125
2012-04-30,816.8800048828125
2012-05-01,815.8900146484375
2012-05-02,818.5999755859375
2012-05-03,806.5900268554688
2012-05-04,791.8400268554688
2012-05-07,793.8099975585938
2012-05-08,793.0599975585938
2012-05-09,788.9199829101562
2012-05-10,791.75
2012-05-11,790.0599975585938
2012-05-14,778.9500122070312
2012-05-15,777.3599853515625
2012-05-16,772.1099853515625
2012-05-17,754.3300170898438
2012-05-18,747.2100219726562
2012-05-21,764.6400146484375
2012-05-22,759.6300048828125
2012-05-23,765.1699829101562
2012-05-24,766.5700073242188
2012-05-25,766.4099731445312
2012-05-29,777.1599731445312
2012-05-30,762.0
2012-05-31,761.8200073242188
2012-06-01,737.4199829101562
2012-06-04,737.239990234375
2012-06-05,746.0900268554688
2012-06-06,765.1699829101562
2012-06-07,760.3400268554688
2012-06-08,769.1900024414062
2012-06-11,751.010009765625
2012-06-12,761.530029296875
2012-06-13,752.3800048828125
2012-06-14,762.3400268554688
2012-06-15,771.3200073242188
2012-06-18,772.530029296875
2012-06-19,786.4299926757812
2012-06-20,784.0499877929688
2012-06-21,764.8300170898438
2012-06-22,775.1599731445312
2012-06-25,761.9000244140625
2012-06-26,765.02001953125
2012-06-27,776.239990234375
2012-06-28,775.8900146484375
2012-06-29,798.489990234375
2012-07-02,807.9400024414062
2012-07-03,818.489990234375
2012-07-05,817.4299926757812
2012-07-06,807.1400146484375
2012-07-09,804.7999877929688
2012-07-10,795.1699829101562
2012-07-11,792.260009765625
2012-07-12,789.6199951171875
2012-07-13,800.989990234375
2012-07-16,796.6599731445312
2012-07-17,799.4500122070312
2012-07-18,805.0599975585938
2012-07-19,802.1699829101562
2012-07-20,791.5399780273438
2012-07-23,778.9000244140625
2012-07-24,767.75
2012-07-25,769.3099975585938
2012-07-26,777.1099853515625
2012-07-27,796.0
2012-07-30,791.5800170898438
2012-07-31,786.9400024414062
2012-08-01,771.1300048828125
2012-08-02,768.5999755859375
2012-08-03,788.47998046875
2012-08-06,794.3499755859375
2012-08-07,801.3400268554688
2012-08-08,800.1599731445312
2012-08-09,802.9000244140625
2012-08-10,801.5499877929688
2012-08-13,799.489990234375
2012-08-14,796.8800048828125
2012-08-15,804.260009765625
2012-08-16,813.0800170898438
2012-08-17,819.8900146484375
2012-08-20,816.510009765625
2012-08-21,815.3599853515625
2012-08-22,812.5599975585938
2012-08-23,806.0
2012-08-24,809.1900024414062
2012-08-27,810.4000244140625
2012-08-28,814.280029296875
2012-08-29,817.8400268554688
2012-08-30,808.6400146484375
2012-08-31,812.0900268554688
2012-09-04,822.1400146484375
2012-09-05,821.22998046875
2012-09-06,837.9500122070312
2012-09-07,842.27001953125
2012-09-10,839.3699951171875
2012-09-11,841.9199829101562
2012-09-12,845.1199951171875
2012-09-13,856.1199951171875
2012-09-14,864.7000122070312
2012-09-17,858.9000244140625
2012-09-18,856.9299926757812
2012-09-19,856.0800170898438
2012-09-20,851.510009765625
2012-09-21,855.510009765625
2012-09-24,851.760009765625
2012-09-25,839.1199951171875
2012-09-26,833.9299926757812
2012-09-27,843.5399780273438
2012-09-28,837.4500122070312
2012-10-01,840.3099975585938
2012-10-02,840.510009765625
2012-10-03,838.780029296875
2012-10-04,844.6500244140625
2012-10-05,842.8599853515625
2012-10-08,838.4099731445312
2012-10-09,827.9199829101562
2012-10-10,826.75
2012-10-11,829.780029296875
2012-10-12,823.0900268554688
2012-10-15,828.280029296875
2012-10-16,835.4400024414062
2012-10-17,842.52001953125
2012-10-18,837.1199951171875
2012-10-19,821.0
2012-10-22,820.52001953125
2012-10-23,816.2000122070312
2012-10-24,813.6500244140625
2012-10-25,816.8200073242188
2012-10-26,813.25
2012-10-31,818.72998046875
2012-11-01,827.8499755859375
2012-11-02,814.3699951171875
2012-11-05,819.5399780273438
2012-11-06,825.6400146484375
2012-11-07,804.52001953125
2012-11-08,793.6500244140625
2012-11-09,795.02001953125
2012-11-12,793.760009765625
2012-11-13,789.010009765625
2012-11-14,773.2000122070312
2012-11-15,769.47998046875
2012-11-16,776.280029296875
2012-11-19,793.0599975585938
2012-11-20,793.8099975585938
2012-11-21,798.3800048828125
2012-11-23,807.1799926757812
2012-11-26,809.02001953125
2012-11-27,807.739990234375
2012-11-28,813.5
2012-11-29,823.2000122070312
2012-11-30,821.9199829101562
2012-12-03,820.7999877929688
2012-12-04,822.1199951171875
2012-12-05,820.5999755859375
2012-12-06,821.7899780273438
2012-12-07,822.27001953125
2012-12-10,826.260009765625
2012-12-11,834.989990234375
2012-12-12,829.3900146484375
2012-12-13,824.2000122070312
2012-12-14,823.75
2012-12-17,835.0
2012-12-18,847.6900024414062
2012-12-19,847.8900146484375
2012-12-20,852.489990234375
2012-12-21,847.9199829101562
2012-12-24,844.739990234375
2012-12-26,838.8900146484375
2012-12-27,837.4000244140625
2012-12-28,832.0999755859375
2012-12-31,849.3499755859375
2013-01-02,873.4199829101562
2013-01-03,872.5999755859375
2013-01-04,879.1500244140625
2013-01-07,875.7999877929688
2013-01-08,874.7000122070312
2013-01-09,879.510009765625
2013-01-10,881.239990234375
2013-01-11,880.77001953125
2013-01-14,880.0999755859375
2013-01-15,884.5999755859375
2013-01-16,882.3099975585938
2013-01-17,890.3599853515625
2013-01-18,892.7999877929688
2013-01-22,899.239990234375
2013-01-23,896.7000122070312
2013-01-24,900.1900024414062
2013-01-25,905.239990234375
2013-01-28,906.7100219726562
2013-01-29,907.3099975585938
2013-01-30,896.9099731445312
2013-01-31,902.0900268554688
2013-02-01,911.2000122070312
2013-02-04,899.280029296875
2013-02-05,908.219970703125
2013-02-06,911.2899780273438
2013-02-07,908.0999755859375
2013-02-08,913.6699829101562
2013-02-11,913.030029296875
2013-02-12,917.52001953125
2013-02-13,920.5800170898438
2013-02-14,923.760009765625
2013-02-15,923.1500244140625
2013-02-19,932.0
2013-02-20,913.5
2013-02-21,905.4000244140625
2013-02-22,916.1500244140625
2013-02-25,895.8400268554688
2013-02-26,900.0499877929688
2013-02-27,909.9199829101562
2013-02-28,911.1099853515625
2013-03-01,914.72998046875
2013-03-04,916.6799926757812
2013-03-05,927.4000244140625
2013-03-06,929.9600219726562
2013-03-07,934.5700073242188
2013-03-08,942.5
2013-03-11,942.510009765625
2013-03-12,940.260009765625
2013-03-13,943.9000244140625
2013-03-14,953.0700073242188
2013-03-15,952.47998046875
2013-03-18,947.2000122070312
2013-03-19,942.8499755859375
2013-03-20,951.9500122070312
2013-03-21,943.9199829101562
2013-03-22,946.27001953125
2013-03-25,945.8499755859375
2013-03-26,949.8200073242188
2013-03-27,950.239990234375
2013-03-28,951.5399780273438
2013-04-01,938.7899780273438
2013-04-02,934.2999877929688
2013-04-03,918.7100219726562
2013-04-04,925.6599731445312
2013-04-05,923.280029296875
2013-04-08,931.489990234375
2013-04-09,929.3400268554688
2013-04-10,946.0900268554688
2013-04-11,947.0499877929688
2013-04-12,942.8499755859375
2013-04-15,907.1799926757812
2013-04-16,923.2999877929688
2013-04-17,906.7999877929688
2013-04-18,901.510009765625
2013-04-19,912.5
2013-04-22,914.7999877929688
2013-04-23,929.3599853515625
2013-04-24,934.1099853515625
2013-04-25,940.280029296875
2013-04-26,935.25
2013-04-29,942.4299926757812
2013-04-30,947.4600219726562
2013-05-01,924.2100219726562
2013-05-02,939.8499755859375
2013-05-03,954.4199829101562
2013-05-06,959.7999877929688
2013-05-07,967.8200073242188
2013-05-08,970.4099731445312
2013-05-09,966.260009765625
2013-05-10,975.1599731445312
2013-05-13,973.7899780273438
2013-05-14,985.9600219726562
2013-05-15,988.5399780273438
2013-05-16,985.3400268554688
2013-05-17,996.280029296875
2013-05-20,997.97998046875
2013-05-21,998.780029296875
2013-05-22,982.260009765625
2013-05-23,984.280029296875
2013-05-24,984.280029296875
2013-05-28,997.3499755859375
2013-05-29,986.9600219726562
2013-05-30,994.4299926757812
2013-05-31,984.1500244140625
2013-06-03,990.530029296875
2013-06-04,981.969970703125
2013-06-05,968.1599731445312
2013-06-06,979.4600219726562
2013-06-07,987.6199951171875
2013-06-10,992.6699829101562
2013-06-11,981.4500122070312
2013-06-12,972.3099975585938
2013-06-13,989.6900024414062
2013-06-14,981.3800048828125
2013-06-17,987.8400268554688
2013-06-18,999.989990234375
2013-06-19,986.5
2013-06-20,960.52001953125
2013-06-21,963.6799926757812
2013-06-24,951.0499877929688
2013-06-25,961.260009765625
2013-06-26,963.8300170898438
2013-06-27,979.9199829101562
2013-06-28,977.47998046875
2013-07-01,989.8400268554688
2013-07-02,989.469970703125
2013-07-03,991.1300048828125
2013-07-05,1005.3900146484375
2013-07-08,1009.25
2013-07-09,1018.0499877929688
2013-07-10,1020.4199829101562
2013-07-11,1033.1800537109375
2013-07-12,1036.52001953125
2013-07-15,1043.300048828125
2013-07-16,1038.75
2013-07-17,1042.530029296875
2013-07-18,1050.27001953125
2013-07-19,1050.47998046875
2013-07-22,1053.4100341796875
2013-07-23,1052.199951171875
2013-07-24,1043.8299560546875
2013-07-25,1054.1800537109375
2013-07-26,1048.510009765625
2013-07-29,1040.6600341796875
2013-07-30,1043.510009765625
2013-07-31,1045.260009765625
2013-08-01,1059.8800048828125
2013-08-02,1059.8599853515625
2013-08-05,1063.010009765625
2013-08-06,1052.1400146484375
2013-08-07,1044.3399658203125
2013-08-08,1049.469970703125
2013-08-09,1048.4000244140625
2013-08-12,1053.6700439453125
2013-08-13,1051.989990234375
2013-08-14,1047.800048828125
2013-08-15,1027.6099853515625
2013-08-16,1024.300048828125
2013-08-19,1013.25
2013-08-20,1028.5699462890625
2013-08-21,1021.5800170898438
2013-08-22,1036.199951171875
2013-08-23,1038.239990234375
2013-08-26,1038.469970703125
2013-08-27,1013.489990234375
2013-08-28,1016.5
2013-08-29,1026.93994140625
2013-08-30,1010.9000244140625
2013-09-03,1016.260009765625
2013-09-04,1025.5799560546875
2013-09-05,1028.68994140625
2013-09-06,1029.550048828125
2013-09-09,1046.0799560546875
2013-09-10,1055.719970703125
2013-09-11,1055.3399658203125
2013-09-12,1048.47998046875
2013-09-13,1053.97998046875
2013-09-16,1056.25
2013-09-17,1066.3900146484375
2013-09-18,1076.969970703125
2013-09-19,1075.27001953125
2013-09-20,1072.8299560546875
2013-09-23,1072.1300048828125
2013-09-24,1074.6800537109375
2013-09-25,1073.510009765625
2013-09-26,1078.4100341796875
2013-09-27,1074.18994140625
2013-09-30,1073.7900390625
2013-10-01,1087.4300537109375
2013-10-02,1082.550048828125
2013-10-03,1070.9000244140625
2013-10-04,1078.25
2013-10-07,1065.7900390625
2013-10-08,1047.260009765625
2013-10-09,1043.4599609375
2013-10-10,1069.5
2013-10-11,1084.31005859375
2013-10-14,1090.300048828125
2013-10-15,1079.6199951171875
2013-10-16,1092.4200439453125
2013-10-17,1102.27001953125
2013-10-18,1114.77001953125
2013-10-21,1112.47998046875
2013-10-22,1115.6300048828125
2013-10-23,1110.9300537109375
2013-10-24,1118.8499755859375
2013-10-25,1118.3399658203125
2013-10-28,1117.969970703125
2013-10-29,1121.0699462890625
2013-10-30,1105.5
2013-10-31,1100.1500244140625
2013-11-01,1095.6700439453125
2013-11-04,1108.280029296875
2013-11-05,1103.5899658203125
2013-11-06,1098.6300048828125
2013-11-07,1079.0899658203125
2013-11-08,1099.969970703125
2013-11-11,1101.5
2013-11-12,1101.469970703125
2013-11-13,1112.1800537109375
2013-11-14,1111.43994140625
2013-11-15,1116.199951171875
2013-11-18,1107.2900390625
2013-11-19,1101.3800048828125
2013-11-20,1099.7900390625
2013-11-21,1119.6199951171875
2013-11-22,1124.9200439453125
2013-11-25,1124.719970703125
2013-11-26,1134.530029296875
2013-11-27,1141.3299560546875
2013-11-29,1142.8900146484375
2013-12-02,1129.1199951171875
2013-12-03,1123.780029296875
2013-12-04,1121.3800048828125
2013-12-05,1122.469970703125
2013-12-06,1131.3800048828125
2013-12-09,1129.4599609375
2013-12-10,1119.68994140625
2013-12-11,1101.5
2013-12-12,1103.27001953125
2013-12-13,1107.050048828125
2013-12-16,1119.8499755859375
2013-12-17,1118.8900146484375
2013-12-18,1133.719970703125
2013-12-19,1125.449951171875
2013-12-20,1146.469970703125
2013-12-23,1157.219970703125
2013-12-24,1161.800048828125
2013-12-26,1162.6500244140625
2013-12-27,1161.0899658203125
2013-12-30,1160.5899658203125
2013-12-31,1163.6400146484375
2014-01-02,1150.719970703125
2014-01-03,1156.0899658203125
2014-01-06,1147.1600341796875
2014-01-07,1157.6300048828125
2014-01-08,1157.4599609375
2014-01-09,1158.3499755859375
2014-01-10,1164.530029296875
2014-01-13,1148.0899658203125
2014-01-14,1163.4300537109375
2014-01-15,1171.3499755859375
2014-01-16,1173.1300048828125
2014-01-17,1168.4300537109375
2014-01-21,1175.719970703125
2014-01-22,1181.2900390625
2014-01-23,1172.4000244140625
2014-01-24,1144.1300048828125
2014-01-27,1127.72998046875
2014-01-28,1138.239990234375
2014-01-29,1122.449951171875
2014-01-30,1139.3599853515625
2014-01-31,1130.8800048828125
2014-02-03,1094.5799560546875
2014-02-04,1102.8399658203125
2014-02-05,1093.5899658203125
2014-02-06,1103.9300537109375
2014-02-07,1116.550048828125
2014-02-10,1118.72998046875
2014-02-11,1129.1600341796875
2014-02-12,1132.5400390625
2014-02-13,1147.7900390625
2014-02-14,1149.2099609375
2014-02-18,1161.47998046875
2014-02-19,1149.0699462890625
2014-02-20,1162.1199951171875
2014-02-21,1164.6300048828125
2014-02-24,1174.550048828125
2014-02-25,1173.949951171875
2014-02-26,1181.719970703125
2014-02-27,1187.93994140625
2014-02-28,1183.030029296875
2014-03-03,1176.3599853515625
2014-03-04,1208.6500244140625
2014-03-05,1205.9100341796875
2014-03-06,1204.5400390625
2014-03-07,1203.3199462890625
2014-03-10,1200.5400390625
2014-03-11,1187.050048828125
2014-03-12,1191.3699951171875
2014-03-13,1176.739990234375
2014-03-14,1181.4100341796875
2014-03-17,1188.22998046875
2014-03-18,1205.0400390625
2014-03-19,1195.6600341796875
2014-03-20,1198.969970703125
2014-03-21,1193.72998046875
2014-03-24,1178.22998046875
2014-03-25,1178.050048828125
2014-03-26,1155.489990234375
2014-03-27,1151.43994140625
2014-03-28,1151.81005859375
2014-03-31,1173.0400390625
2014-04-01,1188.699951171875
2014-04-02,1192.81005859375
2014-04-03,1181.1199951171875
2014-04-04,1153.3800048828125
2014-04-07,1135.780029296875
2014-04-08,1144.239990234375
2014-04-09,1159.9599609375
2014-04-10,1127.6600341796875
2014-04-11,1111.43994140625
2014-04-14,1115.3499755859375
2014-04-15,1119.489990234375
2014-04-16,1131.77001953125
2014-04-17,1137.9000244140625
2014-04-21,1142.31005859375
2014-04-22,1155.6099853515625
2014-04-23,1147.0799560546875
2014-04-24,1144.3499755859375
2014-04-25,1123.030029296875
2014-04-28,1117.06005859375
2014-04-29,1120.8299560546875
2014-04-30,1126.8599853515625
2014-05-01,1125.969970703125
2014-05-02,1128.800048828125
2014-05-05,1126.300048828125
2014-05-06,1108.010009765625
2014-05-07,1108.550048828125
2014-05-08,1097.4300537109375
2014-05-09,1107.219970703125
2014-05-12,1133.6500244140625
2014-05-13,1121.1600341796875
2014-05-14,1103.1400146484375
2014-05-15,1095.989990234375
2014-05-16,1102.9100341796875
2014-05-19,1114.4300537109375
2014-05-20,1097.9000244140625
2014-05-21,1103.6300048828125
2014-05-22,1113.8699951171875
2014-05-23,1126.18994140625
2014-05-27,1142.199951171875
2014-05-28,1136.6800537109375
2014-05-29,1140.0699462890625
2014-05-30,1134.5
2014-06-02,1128.9000244140625
2014-06-03,1126.1500244140625
2014-06-04,1131.219970703125
2014-06-05,1153.93994140625
2014-06-06,1165.2099609375
2014-06-09,1175.8800048828125
2014-06-10,1172.7099609375
2014-06-11,1166.7099609375
2014-06-12,1159.4000244140625
2014-06-13,1162.6800537109375
2014-06-16,1166.8199462890625
2014-06-17,1176.6199951171875
2014-06-18,1183.1300048828125
2014-06-19,1184.030029296875
2014-06-20,1188.4300537109375
2014-06-23,1184.949951171875
2014-06-24,1173.239990234375
2014-06-25,1182.6800537109375
2014-06-26,1180.7099609375
2014-06-27,1189.5
2014-06-30,1192.9599609375
2014-07-01,1205.949951171875
2014-07-02,1199.5
2014-07-03,1208.1500244140625
2014-07-07,1186.739990234375
2014-07-08,1172.1500244140625
2014-07-09,1173.81005859375
2014-07-10,1161.8599853515625
2014-07-11,1159.9300537109375
2014-07-14,1167.2099609375
2014-07-15,1153.81005859375
2014-07-16,1151.550048828125
2014-07-17,1133.5999755859375
2014-07-18,1151.6099853515625
2014-07-21,1146.6600341796875
2014-07-22,1156.1500244140625
2014-07-23,1158.1099853515625
2014-07-24,1156.260009765625
2014-07-25,1144.719970703125
2014-07-28,1139.5
2014-07-29,1141.6400146484375
2014-07-30,1146.5699462890625
2014-07-31,1120.0699462890625
2014-08-01,1114.8599853515625
2014-08-04,1124.8199462890625
2014-08-05,1121.56005859375
2014-08-06,1125.550048828125
2014-08-07,1119.760009765625
2014-08-08,1131.3499755859375
2014-08-11,1141.9300537109375
2014-08-12,1133.030029296875
2014-08-13,1141.780029296875
2014-08-14,1143.3399658203125
2014-08-15,1141.6500244140625
2014-08-18,1158.4000244140625
2014-08-19,1162.469970703125
2014-08-20,1157.510009765625
2014-08-21,1160.030029296875
2014-08-22,1160.3399658203125
2014-08-25,1165.219970703125
2014-08-26,1175.1700439453125
2014-08-27,1172.7099609375
2014-08-28,1165.949951171875
2014-08-29,1174.3499755859375
2014-09-02,1179.469970703125
2014-09-03,1172.199951171875
2014-09-04,1167.2099609375
2014-09-05,1170.1300048828125
2014-09-08,1172.31005859375
2014-09-09,1158.5
2014-09-10,1164.989990234375
2014-09-11,1172.3399658203125
2014-09-12,1160.6099853515625
2014-09-15,1146.52001953125
2014-09-16,1150.969970703125
2014-09-17,1153.8900146484375
2014-09-18,1159.27001953125
2014-09-19,1146.9200439453125
2014-09-22,1129.3599853515625
2014-09-23,1118.719970703125
2014-09-24,1128.31005859375
2014-09-25,1110.239990234375
2014-09-26,1119.3299560546875
2014-09-29,1117.9100341796875
2014-09-30,1101.6800537109375
2014-10-01,1085.4100341796875
2014-10-02,1096.3800048828125
2014-10-03,1104.739990234375
2014-10-06,1094.6500244140625
2014-10-07,1076.31005859375
2014-10-08,1097.1199951171875
2014-10-09,1067.989990234375
2014-10-10,1053.3199462890625
2014-10-13,1049.300048828125
2014-10-14,1061.5999755859375
2014-10-15,1072.449951171875
2014-10-16,1086.1099853515625
2014-10-17,1082.3299560546875
2014-10-20,1094.969970703125
2014-10-21,1112.8499755859375
2014-10-22,1096.8699951171875
2014-10-23,1116.489990234375
2014-10-24,1118.8199462890625
2014-10-27,1117.47998046875
2014-10-28,1149.449951171875
2014-10-29,1146.3699951171875
2014-10-30,1155.77001953125
2014-10-31,1173.510009765625
2014-11-03,1170.199951171875
2014-11-04,1165.4200439453125
2014-11-05,1167.0699462890625
2014-11-06,1171.8599853515625
2014-11-07,1173.3199462890625
2014-11-10,1179.5699462890625
2014-11-11,1179.9599609375
2014-11-12,1186.469970703125
2014-11-13,1175.4200439453125
2014-11-14,1173.81005859375
2014-11-17,1164.22998046875
2014-11-18,1170.280029296875
2014-11-19,1157.68994140625
2014-11-20,1170.75
2014-11-21,1172.4200439453125
2014-11-24,1186.93994140625
2014-11-25,1186.3299560546875
2014-11-26,1190.6199951171875
2014-11-28,1173.22998046875
2014-12-01,1154.050048828125
2014-12-02,1168.449951171875
2014-12-03,1179.010009765625
2014-12-04,1173.010009765625
2014-12-05,1182.4300537109375
2014-12-08,1167.2099609375
2014-12-09,1188.06005859375
2014-12-10,1161.8599853515625
2014-12-11,1166.9599609375
2014-12-12,1152.43994140625
2014-12-15,1140.300048828125
2014-12-16,1139.3699951171875
2014-12-17,1174.8399658203125
2014-12-18,1192.1600341796875
2014-12-19,1195.9599609375
2014-12-22,1201.8599853515625
2014-12-23,1202.43994140625
2014-12-24,1206.780029296875
2014-12-26,1215.2099609375
2014-12-29,1219.1099853515625
2014-12-30,1213.050048828125
2014-12-31,1204.699951171875
2015-01-02,1198.800048828125
2015-01-05,1181.3499755859375
2015-01-06,1161.31005859375
2015-01-07,1175.969970703125
2015-01-08,1196.1300048828125
2015-01-09,1185.6800537109375
2015-01-12,1180.0899658203125
2015-01-13,1180.6400146484375
2015-01-14,1177.06005859375
2015-01-15,1154.7099609375
2015-01-16,1176.6500244140625
2015-01-20,1170.25
2015-01-21,1166.25
2015-01-22,1190.3699951171875
2015-01-23,1188.9300537109375
2015-01-26,1200.739990234375
2015-01-27,1194.6600341796875
2015-01-28,1175.1199951171875
2015-01-29,1190.1800537109375
2015-01-30,1165.3900146484375
2015-02-02,1175.510009765625
2015-02-03,1196.989990234375
2015-02-04,1191.43994140625
2015-02-05,1208.7099609375
2015-02-06,1205.4599609375
2015-02-09,1195.8299560546875
2015-02-10,1203.1800537109375
2015-02-11,1201.550048828125
2015-02-12,1216.27001953125
2015-02-13,1223.1300048828125
2015-02-17,1225.010009765625
2015-02-18,1227.949951171875
2015-02-19,1227.9100341796875
2015-02-20,1231.7900390625
2015-02-23,1231.8299560546875
2015-02-24,1233.97998046875
2015-02-25,1235.0999755859375
2015-02-26,1239.1099853515625
2015-02-27,1233.3699951171875
2015-03-02,1242.6199951171875
2015-03-03,1234.760009765625
2015-03-04,1230.72998046875
2015-03-05,1234.31005859375
2015-03-06,1217.52001953125
2015-03-09,1223.5899658203125
2015-03-10,1208.469970703125
2015-03-11,1215.780029296875
2015-03-12,1236.6400146484375
2015-03-13,1232.1400146484375
2015-03-16,1239.780029296875
2015-03-17,1242.22998046875
2015-03-18,1252.1400146484375
2015-03-19,1254.8599853515625
2015-03-20,1266.3699951171875
2015-03-23,1264.7099609375
2015-03-24,1263.4599609375
2015-03-25,1233.8499755859375
2015-03-26,1231.989990234375
2015-03-27,1240.4100341796875
2015-03-30,1257.800048828125
2015-03-31,1252.77001953125
2015-04-01,1251.7099609375
2015-04-02,1255.6600341796875
2015-04-06,1260.5400390625
2015-04-07,1253.3599853515625
2015-04-08,1262.7099609375
2015-04-09,1259.1099853515625
2015-04-10,1264.77001953125
2015-04-13,1265.5899658203125
2015-04-14,1265.3499755859375
2015-04-15,1275.3499755859375
2015-04-16,1272.9000244140625
2015-04-17,1251.8599853515625
2015-04-20,1264.9200439453125
2015-04-21,1264.1500244140625
2015-04-22,1265.47998046875
2015-04-23,1271.5400390625
2015-04-24,1267.5400390625
2015-04-27,1252.699951171875
2015-04-28,1259.3599853515625
2015-04-29,1246.949951171875
2015-04-30,1220.1300048828125
2015-05-01,1228.1099853515625
2015-05-04,1233.219970703125
2015-05-05,1215.4200439453125
2015-05-06,1219.3599853515625
2015-05-07,1225.5400390625
2015-05-08,1234.9300537109375
2015-05-11,1235.8299560546875
2015-05-12,1233.1300048828125
2015-05-13,1232.280029296875
2015-05-14,1245.1099853515625
2015-05-15,1243.949951171875
2015-05-18,1257.52001953125
2015-05-19,1255.6600341796875
2015-05-20,1257.739990234375
2015-05-21,1256.739990234375
2015-05-22,1252.219970703125
2015-05-26,1238.760009765625
2015-05-27,1254.3599853515625
2015-05-28,1253.0999755859375
2015-05-29,1246.530029296875
2015-06-01,1249.6199951171875
2015-06-02,1251.800048828125
2015-06-03,1264.5799560546875
2015-06-04,1251.2900390625
2015-06-05,1261.010009765625
2015-06-08,1253.699951171875
2015-06-09,1249.6600341796875
2015-06-10,1266.9300537109375
2015-06-11,1268.9200439453125
2015-06-12,1265.02001953125
2015-06-15,1261.0400390625
2015-06-16,1269.530029296875
2015-06-17,1268.3299560546875
2015-06-18,1284.6800537109375
2015-06-19,1284.6600341796875
2015-06-22,1292.3900146484375
2015-06-23,1295.800048828125
2015-06-24,1283.9200439453125
2015-06-25,1283.280029296875
2015-06-26,1279.800048828125
2015-06-29,1246.75
2015-06-30,1253.949951171875
2015-07-01,1256.4000244140625
2015-07-02,1248.260009765625
2015-07-06,1246.9599609375
2015-07-07,1248.050048828125
2015-07-08,1228.9599609375
2015-07-09,1234.1500244140625
2015-07-10,1252.02001953125
2015-07-13,1265.3499755859375
2015-07-14,1273.3299560546875
2015-07-15,1264.52001953125
2015-07-16,1272.8299560546875
2015-07-17,1267.0899658203125
2015-07-20,1260.219970703125
2015-07-21,1254.5699462890625
2015-07-22,1258.3499755859375
2015-07-23,1244.969970703125
2015-07-24,1225.989990234375
2015-07-27,1214.6099853515625
2015-07-28,1224.5999755859375
2015-07-29,1229.5999755859375
2015-07-30,1232.0699462890625
2015-07-31,1238.6800537109375
2015-08-03,1231.7900390625
2015-08-04,1228.8499755859375
2015-08-05,1231.75
2015-08-06,1215.8499755859375
2015-08-07,1206.9000244140625
2015-08-10,1222.6700439453125
2015-08-11,1211.1400146484375
2015-08-12,1208.97998046875
2015-08-13,1204.739990234375
2015-08-14,1212.68994140625
2015-08-17,1225.0899658203125
2015-08-18,1214.8900146484375
2015-08-19,1202.97998046875
2015-08-20,1172.52001953125
2015-08-21,1156.7900390625
2015-08-24,1111.68994140625
2015-08-25,1104.0999755859375
2015-08-26,1132.18994140625
2015-08-27,1153.6099853515625
2015-08-28,1162.9100341796875
2015-08-31,1159.449951171875
2015-09-01,1128.050048828125
2015-09-02,1146.030029296875
2015-09-03,1145.1500244140625
2015-09-04,1136.1700439453125
2015-09-08,1161.760009765625
2015-09-09,1148.22998046875
2015-09-10,1153.030029296875
2015-09-11,1157.7900390625
2015-09-14,1153.5
2015-09-15,1166.0
2015-09-16,1175.199951171875
2015-09-17,1180.68994140625
2015-09-18,1163.3499755859375
2015-09-21,1161.0899658203125
2015-09-22,1143.030029296875
2015-09-23,1140.050048828125
2015-09-24,1137.5400390625
2015-09-25,1122.7900390625
2015-09-28,1090.5699462890625
2015-09-29,1083.9100341796875
2015-09-30,1100.68994140625
2015-10-01,1097.550048828125
2015-10-02,1114.1199951171875
2015-10-05,1141.6400146484375
2015-10-06,1133.68994140625
2015-10-07,1152.5999755859375
2015-10-08,1163.239990234375
2015-10-09,1165.3599853515625
2015-10-12,1164.4000244140625
2015-10-13,1147.8399658203125
2015-10-14,1136.969970703125
2015-10-15,1162.77001953125
2015-10-16,1162.31005859375
2015-10-19,1164.300048828125
2015-10-20,1163.27001953125
2015-10-21,1144.949951171875
2015-10-22,1154.52001953125
2015-10-23,1166.06005859375
2015-10-26,1159.5
2015-10-27,1145.2900390625
2015-10-28,1178.719970703125
2015-10-29,1165.6300048828125
2015-10-30,1161.8599853515625
2015-11-02,1186.0899658203125
2015-11-03,1191.5799560546875
2015-11-04,1190.3800048828125
2015-11-05,1190.68994140625
2015-11-06,1199.75
2015-11-09,1184.4300537109375
2015-11-10,1187.699951171875
2015-11-11,1178.0699462890625
2015-11-12,1154.81005859375
2015-11-13,1146.550048828125
2015-11-16,1156.0799560546875
2015-11-17,1153.2099609375
2015-11-18,1171.75
2015-11-19,1166.72998046875
2015-11-20,1175.1500244140625
2015-11-23,1180.3599853515625
2015-11-24,1188.81005859375
2015-11-25,1198.02001953125
2015-11-27,1202.3800048828125
2015-11-30,1198.1099853515625
2015-12-01,1204.1600341796875
2015-12-02,1191.68994140625
2015-12-03,1170.5699462890625
2015-12-04,1183.4000244140625
2015-12-07,1164.300048828125
2015-12-08,1159.4000244140625
2015-12-09,1145.8699951171875
2015-12-10,1149.02001953125
2015-12-11,1123.6099853515625
2015-12-14,1115.8599853515625
2015-12-15,1131.550048828125
2015-12-16,1148.969970703125
2015-12-17,1135.3599853515625
2015-12-18,1121.02001953125
2015-12-21,1127.739990234375
2015-12-22,1137.68994140625
2015-12-23,1152.8199462890625
2015-12-24,1154.760009765625
2015-12-28,1148.2099609375
2015-12-29,1160.52001953125
2015-12-30,1149.6400146484375
2015-12-31,1135.8900146484375
2016-01-04,1108.6199951171875
2016-01-05,1110.43994140625
2016-01-06,1094.3699951171875
2016-01-07,1064.5699462890625
2016-01-08,1046.199951171875
2016-01-11,1041.9000244140625
2016-01-12,1044.699951171875
2016-01-13,1010.1900024414062
2016-01-14,1025.6700439453125
2016-01-15,1007.719970703125
2016-01-19,994.8699951171875
2016-01-20,999.3099975585938
2016-01-21,997.3400268554688
2016-01-22,1020.6599731445312
2016-01-25,997.3699951171875
2016-01-26,1017.969970703125
2016-01-27,1002.75
2016-01-28,1003.27001953125
2016-01-29,1035.3800048828125
2016-02-01,1032.3900146484375
2016-02-02,1008.8400268554688
2016-02-03,1010.2999877929688
2016-02-04,1014.7899780273438
2016-02-05,985.6199951171875
2016-02-08,969.3400268554688
2016-02-09,963.9000244140625
2016-02-10,963.47998046875
2016-02-11,953.719970703125
2016-02-12,971.989990234375
2016-02-16,995.7999877929688
2016-02-17,1011.1300048828125
2016-02-18,1004.7100219726562
2016-02-19,1010.010009765625
2016-02-22,1021.739990234375
2016-02-23,1012.1500244140625
2016-02-24,1022.0800170898438
2016-02-25,1031.5799560546875
2016-02-26,1037.1800537109375
2016-02-29,1033.9000244140625
2016-03-01,1054.489990234375
2016-03-02,1065.6700439453125
2016-03-03,1076.050048828125
2016-03-04,1081.9300537109375
2016-03-07,1094.1500244140625
2016-03-08,1067.8800048828125
2016-03-09,1072.77001953125
2016-03-10,1063.989990234375
2016-03-11,1087.56005859375
2016-03-14,1084.25
2016-03-15,1066.6700439453125
2016-03-16,1074.510009765625
2016-03-17,1091.25
2016-03-18,1101.6700439453125
2016-03-21,1098.5799560546875
2016-03-22,1097.3399658203125
2016-03-23,1075.699951171875
2016-03-24,1079.5400390625
2016-03-28,1080.22998046875
2016-03-29,1109.0799560546875
2016-03-30,1110.43994140625
2016-03-31,1114.030029296875
2016-04-01,1117.6800537109375
2016-04-04,1108.5400390625
2016-04-05,1095.8499755859375
2016-04-06,1108.81005859375
2016-04-07,1092.7900390625
2016-04-08,1097.31005859375
2016-04-11,1094.3399658203125
2016-04-12,1105.7099609375
2016-04-13,1129.9300537109375
2016-04-14,1128.5899658203125
2016-04-15,1130.9200439453125
2016-04-18,1139.280029296875
2016-04-19,1140.22998046875
2016-04-20,1142.2900390625
2016-04-21,1135.77001953125
2016-04-22,1146.68994140625
2016-04-25,1138.0999755859375
2016-04-26,1150.72998046875
2016-04-27,1154.1500244140625
2016-04-28,1140.4000244140625
2016-04-29,1130.8499755859375
2016-05-02,1140.9200439453125
2016-05-03,1121.760009765625
2016-05-04,1113.1300048828125
2016-05-05,1107.949951171875
2016-05-06,1114.719970703125
2016-05-09,1118.25
2016-05-10,1128.8299560546875
2016-05-11,1114.739990234375
2016-05-12,1108.5999755859375
2016-05-13,1102.43994140625
2016-05-16,1116.2099609375
2016-05-17,1097.6800537109375
2016-05-18,1102.949951171875
2016-05-19,1094.780029296875
2016-05-20,1112.280029296875
2016-05-23,1111.3699951171875
2016-05-24,1135.31005859375
2016-05-25,1141.02001953125
2016-05-26,1139.75
2016-05-27,1150.449951171875
2016-05-31,1154.7900390625
2016-06-01,1163.0400390625
2016-06-02,1170.5799560546875
2016-06-03,1164.1300048828125
2016-06-06,1176.8699951171875
2016-06-07,1179.969970703125
2016-06-08,1188.949951171875
2016-06-09,1181.199951171875
2016-06-10,1163.9300537109375
2016-06-13,1150.699951171875
2016-06-14,1147.8199462890625
2016-06-15,1149.300048828125
2016-06-16,1148.18994140625
2016-06-17,1144.699951171875
2016-06-20,1157.699951171875
2016-06-21,1153.8699951171875
2016-06-22,1148.969970703125
2016-06-23,1172.219970703125
2016-06-24,1127.5400390625
2016-06-27,1089.6500244140625
2016-06-28,1107.300048828125
2016-06-29,1131.6199951171875
2016-06-30,1151.9200439453125
2016-07-01,1156.77001953125
2016-07-05,1139.449951171875
2016-07-06,1147.3299560546875
2016-07-07,1149.760009765625
2016-07-08,1177.3599853515625
2016-07-11,1190.030029296875
2016-07-12,1205.8900146484375
2016-07-13,1201.1600341796875
2016-07-14,1202.1700439453125
2016-07-15,1205.31005859375
2016-07-18,1207.9100341796875
2016-07-19,1200.449951171875
2016-07-20,1209.739990234375
2016-07-21,1203.8599853515625
2016-07-22,1212.8900146484375
2016-07-25,1209.8199462890625
2016-07-26,1216.8599853515625
2016-07-27,1218.9300537109375
2016-07-28,1217.3299560546875
2016-07-29,1219.93994140625
2016-08-01,1219.1199951171875
2016-08-02,1202.3499755859375
2016-08-03,1212.72998046875
2016-08-04,1213.760009765625
2016-08-05,1231.300048828125
2016-08-08,1230.4200439453125
2016-08-09,1231.739990234375
2016-08-10,1223.27001953125
2016-08-11,1229.1199951171875
2016-08-12,1229.8199462890625
2016-08-15,1241.8599853515625
2016-08-16,1231.1300048828125
2016-08-17,1227.6800537109375
2016-08-18,1236.8499755859375
2016-08-19,1236.77001953125
2016-08-22,1239.739990234375
2016-08-23,1248.5799560546875
2016-08-24,1237.25
2016-08-25,1240.0
2016-08-26,1238.030029296875
2016-08-29,1244.94
2016-08-30,1246.03
2016-08-31,1239.91
2016-09-01,1239.8
2016-09-02,1251.83
2016-09-06,1253.37
2016-09-07,1261.01
2016-09-08,1258.36
2016-09-09,1219.21
2016-09-12,1235.87
2016-09-13,1212.32
2016-09-14,1211.59
2016-09-15,1227.02
2016-09-16,1224.78
2016-09-19,1232.53
2016-09-20,1228.33
2016-09-21,1245.04
2016-09-22,1263.44
2016-09-23,1254.62
2016-09-26,1240.94
2016-09-27,1246.38
2016-09-28,1255.67
2016-09-29,1237.75
2016-09-30,1251.65
2016-10-03,1245.78
2016-10-04,1239.78
2016-10-05,1248.37
2016-10-06,1246.24
2016-10-07,1236.56
2016-10-10,1250.76
2016-10-11,1227.62
2016-10-12,1227.23
2016-10-13,1215.75
2016-10-14,1212.41
2016-10-17,1210.14
2016-10-18,1217.3
2016-10-19,1222.64
2016-10-20,1219.79
2016-10-21,1218.1
2016-10-24,1226.45
2016-10-25,1216.1
2016-10-26,1204.75
2016-10-27,1189.95
2016-10-28,1187.61
2016-10-31,1191.39
2016-11-01,1177.94
2016-11-02,1162.52
2016-11-03,1156.89
2016-11-04,1163.44
2016-11-07,1192.25
2016-11-08,1195.14
2016-11-09,1232.16
2016-11-10,1251.61
2016-11-11,1282.38
2016-11-14,1298.6
2016-11-15,1302.14
2016-11-16,1302.2
2016-11-17,1309.48
2016-11-18,1315.64
2016-11-21,1322.23
2016-11-22,1334.34
2016-11-23,1342.09
2016-11-25,1347.2
2016-11-28,1329.83
2016-11-29,1328.22
2016-11-30,1322.34
2016-12-01,1313.8
2016-12-02,1314.25
2016-12-05,1337.79
2016-12-06,1352.67
2016-12-07,1364.51
2016-12-08,1386.37
2016-12-09,1388.07
2016-12-12,1373.14
2016-12-13,1373.53
2016-12-14,1356.02
2016-12-15,1366.41
2016-12-16,1364.19
2016-12-19,1371.68
2016-12-20,1383.96
2016-12-21,1375.19
2016-12-22,1362.66
2016-12-23,1371.51
2016-12-27,1377.71
2016-12-28,1360.83
2016-12-29,1363.18
2016-12-30,1357.13
2017-01-03,1365.49
2017-01-04,1387.95
2017-01-05,1371.94
2017-01-06,1367.28
2017-01-09,1357.49
2017-01-10,1370.9
2017-01-11,1373.3
2017-01-12,1361.07
2017-01-13,1372.05
2017-01-17,1352.32
2017-01-18,1358.56
2017-01-19,1345.74
2017-01-20,1351.85
2017-01-23,1347.84
2017-01-24,1369.21
2017-01-25,1382.44
2017-01-26,1375.6
2017-01-27,1370.7
2017-01-30,1352.33
2017-01-31,1361.82
2017-02-01,1361.23
2017-02-02,1357.43
2017-02-03,1377.84
2017-02-06,1366.66
2017-02-07,1361.06
2017-02-08,1358.74
2017-02-09,1378.53
2017-02-10,1388.84
2017-02-13,1392.38
2017-02-14,1396.65
2017-02-15,1404.21
2017-02-16,1399.13
2017-02-17,1399.86
2017-02-21,1410.34
2017-02-22,1403.86
2017-02-23,1394.62
2017-02-24,1394.52
2017-02-27,1407.97
2017-02-28,1386.68
2017-03-01,1413.64
2017-03-02,1395.67
2017-03-03,1394.13
2017-03-06,1384.25
2017-03-07,1374.88
2017-03-08,1366.04
2017-03-09,1360.12
2017-03-10,1365.26
2017-03-13,1370.28
2017-03-14,1362.38
2017-03-15,1382.83
2017-03-16,1386.03
2017-03-17,1391.52
2017-03-20,1384.1
2017-03-21,1346.55
2017-03-22,1345.6
2017-03-23,1353.43
2017-03-24,1354.64
2017-03-27,1357.32
2017-03-28,1367.26
2017-03-29,1371.64
2017-03-30,1382.35
2017-03-31,1385.92
2017-04-03,1369.67
2017-04-04,1368.18
2017-04-05,1352.14
2017-04-06,1364.43
2017-04-07,1364.56
2017-04-10,1367.09
2017-04-11,1376.95
2017-04-12,1359.2
2017-04-13,1345.24
2017-04-17,1361.18
2017-04-18,1361.89
2017-04-19,1367.13
2017-04-20,1384.15
2017-04-21,1379.85
2017-04-24,1397.94
2017-04-25,1411.08
2017-04-26,1419.43
2017-04-27,1417.13
2017-04-28,1400.43
2017-05-01,1407.36
2017-05-02,1399.36
2017-05-03,1390.92
2017-05-04,1388.85
2017-05-05,1397.0
2017-05-08,1391.64
2017-05-09,1391.86
2017-05-10,1399.59
2017-05-11,1390.2
2017-05-12,1382.77
2017-05-15,1393.92
2017-05-16,1394.68
2017-05-17,1355.89
2017-05-18,1361.08
2017-05-19,1367.33
2017-05-22,1377.14
2017-05-23,1380.98
2017-05-24,1382.51
2017-05-25,1383.39
2017-05-26,1382.24
2017-05-30,1371.19
2017-05-31,1370.21
2017-06-01,1396.06
2017-06-02,1405.39
2017-06-05,1396.45
2017-06-06,1394.9
2017-06-07,1396.67
2017-06-08,1415.61
2017-06-09,1421.71
2017-06-12,1419.21
2017-06-13,1425.99
2017-06-14,1417.57
2017-06-15,1410.08
2017-06-16,1406.73
2017-06-19,1418.08
2017-06-20,1402.97
2017-06-21,1399.25
2017-06-22,1404.54
2017-06-23,1414.78
2017-06-26,1416.64
2017-06-27,1403.52
2017-06-28,1425.27
2017-06-29,1416.2
2017-06-30,1415.36
2017-07-03,1426.68
2017-07-05,1420.15
2017-07-06,1400.81
2017-07-07,1415.84
2017-07-10,1408.47
2017-07-11,1413.05
2017-07-12,1424.32
2017-07-13,1425.66
2017-07-14,1428.82
2017-07-17,1431.6
2017-07-18,1427.61
2017-07-19,1441.77
2017-07-20,1442.35
2017-07-21,1435.84
2017-07-24,1438.05
2017-07-25,1450.39
2017-07-26,1442.28
2017-07-27,1433.62
2017-07-28,1429.26
2017-07-31,1425.14
2017-08-01,1428.33
2017-08-02,1412.9
2017-08-03,1405.23
2017-08-04,1412.32
2017-08-07,1414.17
2017-08-08,1410.15
2017-08-09,1396.95
2017-08-10,1372.54
2017-08-11,1374.23
2017-08-14,1394.31
2017-08-15,1383.24
2017-08-16,1383.53
2017-08-17,1358.94
2017-08-18,1357.79
2017-08-21,1356.9
2017-08-22,1371.54
2017-08-23,1369.74
2017-08-24,1373.88
2017-08-25,1377.45
2017-08-28,1382.23
2017-08-29,1383.68
2017-08-30,1391.32
2017-08-31,1405.28
2017-09-01,1413.57
2017-09-05,1399.66
2017-09-06,1402.2
2017-09-07,1398.67
2017-09-08,1399.43
2017-09-11,1414.83
2017-09-12,1423.46
2017-09-13,1426.89
2017-09-14,1425.02
2017-09-15,1431.71
2017-09-18,1441.08
2017-09-19,1440.4
2017-09-20,1445.42
2017-09-21,1444.18
2017-09-22,1450.78
2017-09-25,1451.96
2017-09-26,1456.86
2017-09-27,1484.81
2017-09-28,1488.79
2017-09-29,1490.86
2017-10-02,1509.47
2017-10-03,1511.97
2017-10-04,1507.76
2017-10-05,1512.09
2017-10-06,1510.22
2017-10-09,1503.56
2017-10-10,1508.01
2017-10-11,1506.92
2017-10-12,1505.16
2017-10-13,1502.66
2017-10-16,1502.68
2017-10-17,1497.5
2017-10-18,1505.14
2017-10-19,1502.04
2017-10-20,1509.25
2017-10-23,1497.49
2017-10-24,1500.42
2017-10-25,1493.48
2017-10-26,1497.46
2017-10-27,1508.32
2017-10-30,1490.9
2017-10-31,1502.53
2017-11-01,1492.78
2017-11-02,1496.55
2017-11-03,1494.91
2017-11-06,1497.96
2017-11-07,1479.09
2017-11-08,1481.73
2017-11-09,1475.02
2017-11-10,1475.27
2017-11-13,1475.07
2017-11-14,1471.26
2017-11-15,1464.09
2017-11-16,1486.88
2017-11-17,1492.82
2017-11-20,1503.4
2017-11-21,1518.89
2017-11-22,1516.76
2017-11-24,1519.16
2017-11-27,1513.31
2017-11-28,1536.43
2017-11-29,1542.3
2017-11-30,1544.14
2017-12-01,1537.02
2017-12-04,1532.41
2017-12-05,1516.76
2017-12-06,1508.88
2017-12-07,1520.47
2017-12-08,1521.72
2017-12-11,1519.84
2017-12-12,1516.12
2017-12-13,1524.45
2017-12-14,1506.95
2017-12-15,1530.42
2017-12-18,1548.92
2017-12-19,1536.75
2017-12-20,1540.08
2017-12-21,1547.11
2017-12-22,1542.93
2017-12-26,1544.23
2017-12-27,1543.94
2017-12-28,1548.93
2017-12-29,1535.51
2018-01-02,1550.01
2018-01-03,1552.58
2018-01-04,1555.72
2018-01-05,1560.01
2018-01-08,1561.81
2018-01-09,1560.1
2018-01-10,1559.8
2018-01-11,1586.79
2018-01-12,1591.97
2018-01-16,1572.97
2018-01-17,1586.66
2018-01-18,1576.73
2018-01-19,1597.63
2018-01-22,1605.17
2018-01-23,1610.71
2018-01-24,1601.77
2018-01-25,1601.67
2018-01-26,1608.06
2018-01-29,1598.11
2018-01-30,1582.82
2018-01-31,1574.98
2018-02-01,1579.87
2018-02-02,1547.27
2018-02-05,1491.09
2018-02-06,1507.17
2018-02-07,1507.97
2018-02-08,1463.79
2018-02-09,1477.84
2018-02-12,1490.98
2018-02-13,1494.95
2018-02-14,1522.1
2018-02-15,1537.2
2018-02-16,1543.55
2018-02-20,1529.99
2018-02-21,1531.84
2018-02-22,1529.99
2018-02-23,1549.19
2018-02-26,1559.33
2018-02-27,1536.47
2018-02-28,1512.45
2018-03-01,1507.39
2018-03-02,1533.17
2018-03-05,1546.05
2018-03-06,1562.2
2018-03-07,1574.53
2018-03-08,1571.97
2018-03-09,1597.14
2018-03-12,1601.06
2018-03-13,1592.05
2018-03-14,1584.31
2018-03-15,1576.62
2018-03-16,1586.05
2018-03-19,1570.56
2018-03-20,1570.41
2018-03-21,1579.3
2018-03-22,1543.87
2018-03-23,1510.08
2018-03-26,1543.72
2018-03-27,1513.57
2018-03-28,1513.03
2018-03-29,1529.43
2018-04-02,1492.53
2018-04-03,1512.15
2018-04-04,1531.66
2018-04-05,1542.93
2018-04-06,1513.3
2018-04-09,1514.46
2018-04-10,1543.43
2018-04-11,1546.8
2018-04-12,1557.33
2018-04-13,1549.51
2018-04-16,1563.03
2018-04-17,1579.8
2018-04-18,1583.56
2018-04-19,1573.82
2018-04-20,1564.12
2018-04-23,1562.12
2018-04-24,1553.28
2018-04-25,1550.47
2018-04-26,1557.89
2018-04-27,1556.24
2018-04-30,1541.88
2018-05-01,1550.33
2018-05-02,1554.91
2018-05-03,1546.56
2018-05-04,1565.6
2018-05-07,1578.95
2018-05-08,1586.39
2018-05-09,1596.05
2018-05-10,1603.71
2018-05-11,1606.79
2018-05-14,1600.34
2018-05-15,1600.34
2018-05-16,1616.37
2018-05-17,1625.29
2018-05-18,1626.63
2018-05-21,1637.44
2018-05-22,1625.24
2018-05-23,1627.61
2018-05-24,1628.22
2018-05-25,1626.93
2018-05-29,1623.65
2018-05-30,1647.99
2018-05-31,1633.61
2018-06-01,1647.98
2018-06-04,1653.37
2018-06-05,1664.63
2018-06-06,1675.95
2018-06-07,1667.77
2018-06-08,1672.49
2018-06-11,1674.68
2018-06-12,1682.3
2018-06-13,1676.54
2018-06-14,1684.72
2018-06-15,1683.91
2018-06-18,1692.46
2018-06-19,1693.45
2018-06-20,1706.99
2018-06-21,1688.95
2018-06-22,1685.58
2018-06-25,1657.51
2018-06-26,1668.53
2018-06-27,1640.45
2018-06-28,1645.02
2018-06-29,1643.07
2018-07-02,1655.09
2018-07-03,1660.42
2018-07-05,1679.48
2018-07-06,1694.05
2018-07-09,1704.6
2018-07-10,1695.62
2018-07-11,1683.66
2018-07-12,1690.28
2018-07-13,1687.08
2018-07-16,1678.54
2018-07-17,1687.26
2018-07-18,1691.87
2018-07-19,1701.31
2018-07-20,1696.81
2018-07-23,1698.41
2018-07-24,1680.2
2018-07-25,1685.2
2018-07-26,1695.36
2018-07-27,1663.34
2018-07-30,1653.13
2018-07-31,1670.8
2018-08-01,1669.26
2018-08-02,1682.1
2018-08-03,1673.37
2018-08-06,1684.31
2018-08-07,1688.3
2018-08-08,1686.88
2018-08-09,1690.89
2018-08-10,1686.8
2018-08-13,1675.32
2018-08-14,1692.58
2018-08-15,1670.67
2018-08-16,1685.75
2018-08-17,1692.95
2018-08-20,1698.69
2018-08-21,1718.05
2018-08-22,1722.54
2018-08-23,1717.05
2018-08-24,1725.67
2018-08-27,1728.41
2018-08-28,1728.42
2018-08-29,1734.75
2018-08-30,1732.35
2018-08-31,1740.75
2018-09-04,1733.38
2018-09-05,1727.65
2018-09-06,1714.47
2018-09-07,1713.18
2018-09-10,1717.47
2018-09-11,1718.4
2018-09-12,1715.7
2018-09-13,1714.32
2018-09-14,1721.72
2018-09-17,1703.55
2018-09-18,1710.97
2018-09-19,1702.93
2018-09-20,1720.18
2018-09-21,1712.32
2018-09-24,1705.32
2018-09-25,1708.81
2018-09-26,1691.61
2018-09-27,1690.53
2018-09-28,1696.57
2018-10-01,1672.99
2018-10-02,1656.04
2018-10-03,1671.29
2018-10-04,1646.91
2018-10-05,1632.11
2018-10-08,1629.52
2018-10-09,1621.87
2018-10-10,1575.41
2018-10-11,1545.38
2018-10-12,1546.68
2018-10-15,1553.09
2018-10-16,1596.84
2018-10-17,1589.6
2018-10-18,1560.75
2018-10-19,1542.04
2018-10-22,1539.5
2018-10-23,1526.59
2018-10-24,1468.7
2018-10-25,1500.4
2018-10-26,1483.82
2018-10-29,1477.31
2018-10-30,1506.64
2018-10-31,1511.41
2018-11-01,1544.98
2018-11-02,1547.98
2018-11-05,1547.51
2018-11-06,1556.1
2018-11-07,1582.16
2018-11-08,1578.21
2018-11-09,1549.49
2018-11-12,1518.79
2018-11-13,1514.8
2018-11-14,1502.51
2018-11-15,1524.12
2018-11-16,1527.53
2018-11-19,1496.54
2018-11-20,1469.01
2018-11-21,1488.28
2018-11-23,1488.68
2018-11-26,1505.96
2018-11-27,1492.86
2018-11-28,1530.38
2018-11-29,1525.39
2018-11-30,1533.27
2018-12-03,1548.96
2018-12-04,1480.75
2018-12-06,1477.41
2018-12-07,1448.09
2018-12-10,1443.1
2018-12-11,1440.13
2018-12-12,1455.32
2018-12-13,1432.7
2018-12-14,1410.81
2018-12-17,1378.14
2018-12-18,1377.18
2018-12-19,1349.23
2018-12-20,1326.0
2018-12-21,1292.09
2018-12-24,1266.92
2018-12-26,1329.81
2018-12-27,1331.82
2018-12-28,1337.92
2018-12-31,1348.56
2019-01-02,1355.91
2019-01-03,1330.83
2019-01-04,1380.75
2019-01-07,1405.37
2019-01-08,1426.55
2019-01-09,1438.81
2019-01-10,1445.43
2019-01-11,1447.38
2019-01-14,1432.81
2019-01-15,1445.22
2019-01-16,1454.7
2019-01-17,1467.25
2019-01-18,1482.5
2019-01-22,1457.45
2019-01-23,1454.26
2019-01-24,1464.41
2019-01-25,1482.85
2019-01-28,1473.54
2019-01-29,1471.45
2019-01-30,1486.94
2019-01-31,1499.42
2019-02-01,1502.05
2019-02-04,1517.54
2019-02-05,1520.23
2019-02-06,1518.02
2019-02-07,1505.63
2019-02-08,1506.39
2019-02-11,1518.98
2019-02-12,1538.23
2019-02-13,1542.94
2019-02-14,1545.11
2019-02-15,1569.25
2019-02-19,1574.47
2019-02-20,1581.66
2019-02-21,1575.55
2019-02-22,1590.06
2019-02-25,1588.81
2019-02-26,1577.48
2019-02-27,1581.05
2019-02-28,1575.55
2019-03-01,1589.64
2019-03-04,1575.44
2019-03-05,1568.28
2019-03-06,1536.82
2019-03-07,1523.63
2019-03-08,1521.88
2019-03-11,1548.88
2019-03-12,1549.83
2019-03-13,1555.88
2019-03-14,1549.64
2019-03-15,1553.54
2019-03-18,1563.93
2019-03-19,1554.99
2019-03-20,1543.16
2019-03-21,1562.41
2019-03-22,1505.92
2019-03-25,1512.86
2019-03-26,1528.17
2019-03-27,1522.23
2019-03-28,1535.1
2019-03-29,1539.74
2019-04-01,1556.06
2019-04-02,1553.32
2019-04-03,1560.91
2019-04-04,1567.49
2019-04-05,1582.56
2019-04-08,1579.0
2019-04-09,1559.68
2019-04-10,1581.55
2019-04-11,1579.14
2019-04-12,1584.8
2019-04-15,1579.17
2019-04-16,1582.79
2019-04-17,1567.6
2019-04-18,1565.75
2019-04-22,1560.04
2019-04-23,1585.09
2019-04-24,1588.13
2019-04-25,1575.61
2019-04-26,1589.9
2019-04-29,1598.36
2019-04-30,1591.21
2019-05-01,1576.38
2019-05-02,1582.65
2019-05-03,1614.02
2019-05-06,1614.98
2019-05-07,1582.31
2019-05-08,1574.97
2019-05-09,1570.06
2019-05-10,1572.99
2019-05-13,1523.0
2019-05-14,1543.06
2019-05-15,1548.27
2019-05-16,1557.24
2019-05-17,1535.76
2019-05-20,1524.96
2019-05-21,1545.25
2019-05-22,1531.63
2019-05-23,1501.38
2019-05-24,1514.11
2019-05-28,1504.02
2019-05-29,1489.95
2019-05-30,1485.53
2019-05-31,1465.49
2019-06-03,1469.98
2019-06-04,1508.56
2019-06-05,1506.79
2019-06-06,1499.29
2019-06-07,1514.39
2019-06-10,1523.56
2019-06-11,1519.11
2019-06-12,1519.79
2019-06-13,1535.8
2019-06-14,1522.5
2019-06-17,1532.75
2019-06-18,1550.23
2019-06-19,1555.58
2019-06-20,1563.49
2019-06-21,1549.63
2019-06-24,1530.08
2019-06-25,1521.04
2019-06-26,1521.89
2019-06-27,1546.55
2019-06-28,1566.57
2019-07-01,1566.57
2019-07-02,1560.54
2019-07-03,1572.12
2019-07-05,1575.62
2019-07-08,1561.39
2019-07-09,1562.59
2019-07-10,1565.05
2019-07-11,1557.92
2019-07-12,1570.0
2019-07-15,1561.82
2019-07-16,1562.0
2019-07-17,1550.78
2019-07-18,1555.62
2019-07-19,1547.9
2019-07-22,1544.78
2019-07-23,1554.96
2019-07-24,1580.42
2019-07-25,1561.45
2019-07-26,1578.97
2019-07-29,1569.03
2019-07-30,1585.6
2019-07-31,1574.61
2019-08-01,1550.76
2019-08-02,1533.66
2019-08-05,1487.41
2019-08-06,1502.09
2019-08-07,1500.69
2019-08-08,1532.13
2019-08-09,1513.04
2019-08-12,1495.9
2019-08-13,1510.58
2019-08-14,1467.52
2019-08-15,1461.65
2019-08-16,1493.64
2019-08-19,1508.85
2019-08-20,1498.01
2019-08-21,1509.85
2019-08-22,1506.0
2019-08-23,1459.49
2019-08-26,1476.0
2019-08-27,1456.04
2019-08-28,1472.71
2019-08-29,1496.72
2019-08-30,1494.84
2019-09-03,1472.28
2019-09-04,1484.76
2019-09-05,1510.75
2019-09-06,1505.17
2019-09-09,1524.23
2019-09-10,1541.61
2019-09-11,1575.71
2019-09-12,1575.07
2019-09-13,1578.14
2019-09-16,1584.6
2019-09-17,1578.29
2019-09-18,1568.34
2019-09-19,1561.47
2019-09-20,1559.76
2019-09-23,1558.25
2019-09-24,1533.59
2019-09-25,1550.65
2019-09-26,1533.33
2019-09-27,1520.48
2019-09-30,1523.37
2019-10-01,1493.43
2019-10-02,1479.63
2019-10-03,1486.35
2019-10-04,1500.7
2019-10-07,1497.79
2019-10-08,1472.6
2019-10-09,1479.46
2019-10-10,1485.36
2019-10-11,1511.9
2019-10-14,1505.43
2019-10-15,1523.3
2019-10-16,1525.06
2019-10-17,1541.84
2019-10-18,1535.48
2019-10-21,1552.41
2019-10-22,1550.87
2019-10-23,1552.86
2019-10-24,1548.49
2019-10-25,1558.71
2019-10-28,1571.93
2019-10-29,1577.07
2019-10-30,1572.85
2019-10-31,1562.45
2019-11-01,1589.33
2019-11-04,1597.4
2019-11-05,1599.61
2019-11-06,1589.54
2019-11-07,1593.99
2019-11-08,1598.86
2019-11-11,1594.77
2019-11-12,1595.12
2019-11-13,1589.18
2019-11-14,1588.79
2019-11-15,1596.45
2019-11-18,1592.34
2019-11-19,1598.29
2019-11-20,1591.61
2019-11-21,1583.96
2019-11-22,1588.94
2019-11-25,1621.9
2019-11-26,1624.23
2019-11-27,1634.1
2019-11-29,1624.5
2019-12-02,1607.58
2019-12-03,1602.63
2019-12-04,1613.9
2019-12-05,1614.83
2019-12-06,1633.84
2019-12-09,1629.62
2019-12-10,1631.71
2019-12-11,1631.93
2019-12-12,1644.81
2019-12-13,1637.98
2019-12-16,1649.94
2019-12-17,1657.56
2019-12-18,1661.73
2019-12-19,1667.09
2019-12-20,1671.9
2019-12-23,1674.14
2019-12-24,1678.01
2019-12-26,1677.67
2019-12-27,1669.03
2019-12-30,1664.15
2019-12-31,1668.47
2020-01-02,1666.77
2020-01-03,1660.87
2020-01-06,1663.26
2020-01-07,1658.31
2020-01-08,1663.59
2020-01-09,1664.99
2020-01-10,1657.64
2020-01-13,1669.61
2020-01-14,1675.74
2020-01-15,1682.4
2020-01-16,1705.22
2020-01-17,1699.64
2020-01-21,1685.9
2020-01-22,1684.46
2020-01-23,1685.01
2020-01-24,1662.23
2020-01-27,1644.14
2020-01-28,1658.31
2020-01-29,1649.22
2020-01-30,1648.22
2020-01-31,1614.06
2020-02-03,1632.21
2020-02-04,1656.77
2020-02-05,1681.92
2020-02-06,1677.46
2020-02-07,1656.78
2020-02-10,1667.67
2020-02-11,1677.51
2020-02-12,1689.38
2020-02-13,1693.74
2020-02-14,1687.58
2020-02-18,1683.52
2020-02-19,1692.57
2020-02-20,1696.07
2020-02-21,1678.61
2020-02-24,1628.1
2020-02-25,1571.9
2020-02-26,1552.76
2020-02-27,1497.87
2020-02-28,1476.43
2020-03-02,1518.49
2020-03-03,1486.08
2020-03-04,1531.2
2020-03-05,1478.82
2020-03-06,1449.22
2020-03-09,1313.44
2020-03-10,1350.9
2020-03-11,1264.3
2020-03-12,1122.93
2020-03-13,1210.13
2020-03-16,1037.42
2020-03-17,1106.51
2020-03-18,991.16
2020-03-19,1058.75
2020-03-20,1013.89
2020-03-23,1002.4
2020-03-24,1096.54
2020-03-25,1110.37
2020-03-26,1180.32
2020-03-27,1131.99
2020-03-30,1158.32
2020-03-31,1153.1
2020-04-01,1071.99
2020-04-02,1085.81
2020-04-03,1052.05
2020-04-06,1138.78
2020-04-07,1139.17
2020-04-08,1191.66
2020-04-09,1246.73
2020-04-13,1212.04
2020-04-14,1237.33
2020-04-15,1183.98
2020-04-16,1178.09
2020-04-17,1229.1
2020-04-20,1213.35
2020-04-21,1185.09
2020-04-22,1201.52
2020-04-23,1214.06
2020-04-24,1233.05
2020-04-27,1281.88
2020-04-28,1298.08
2020-04-29,1360.76
2020-04-30,1310.66
2020-05-01,1260.48
2020-05-04,1263.97
2020-05-05,1273.51
2020-05-06,1263.01
2020-05-07,1282.93
2020-05-08,1329.64
2020-05-11,1321.24
2020-05-12,1275.54
2020-05-13,1233.25
2020-05-14,1237.55
2020-05-15,1256.99
2020-05-18,1333.69
2020-05-19,1307.72
2020-05-20,1346.93
2020-05-21,1347.56
2020-05-22,1355.53
2020-05-26,1393.07
2020-05-27,1436.36
2020-05-28,1400.67
2020-05-29,1394.04
2020-06-01,1405.37
2020-06-02,1418.21
2020-06-03,1452.09
2020-06-04,1452.06
2020-06-05,1507.15
2020-06-08,1536.89
2020-06-09,1507.05
2020-06-10,1467.39
2020-06-11,1356.22
2020-06-12,1387.68
2020-06-15,1419.61
2020-06-16,1452.26
2020-06-17,1426.53
2020-06-18,1427.33
2020-06-19,1418.63
2020-06-22,1433.53
2020-06-23,1439.34
2020-06-24,1389.74
2020-06-25,1413.31
2020-06-26,1378.78
2020-06-29,1421.21
2020-06-30,1441.37
2020-07-01,1427.31
2020-07-02,1431.86
2020-07-06,1442.88
2020-07-07,1416.0
2020-07-08,1427.4
2020-07-09,1398.92
2020-07-10,1422.68
2020-07-13,1403.57
2020-07-14,1428.26
2020-07-15,1478.27
2020-07-16,1467.56
2020-07-17,1473.32
2020-07-20,1467.95
2020-07-21,1487.51
2020-07-22,1490.14
2020-07-23,1490.2
2020-07-24,1467.55
2020-07-27,1484.65
2020-07-28,1469.76
2020-07-29,1500.63
2020-07-30,1495.1
2020-07-31,1480.43
2020-08-03,1506.8
2020-08-04,1517.21
2020-08-05,1546.24
2020-08-06,1544.62
2020-08-07,1569.18
2020-08-10,1584.67
2020-08-11,1575.1
2020-08-12,1583.25
2020-08-13,1579.79
2020-08-14,1577.88
2020-08-17,1585.47
2020-08-18,1569.77
2020-08-19,1572.07
2020-08-20,1564.3
2020-08-21,1552.48
2020-08-24,1568.47
2020-08-25,1571.21
2020-08-26,1560.19
2020-08-27,1564.56
2020-08-28,1578.34
2020-08-31,1561.88
2020-09-01,1578.58
2020-09-02,1592.29
2020-09-03,1544.68
2020-09-04,1535.3
2020-09-08,1504.59
2020-09-09,1526.48
2020-09-10,1507.75
2020-09-11,1497.27
2020-09-14,1536.97
2020-09-15,1538.15
2020-09-16,1552.33
2020-09-17,1542.6
2020-09-18,1536.78
2020-09-21,1485.25
2020-09-22,1496.96
2020-09-23,1451.46
2020-09-24,1451.82
2020-09-25,1474.91
2020-09-28,1510.34
2020-09-29,1504.73
2020-09-30,1507.69
2020-10-01,1531.2
2020-10-02,1539.3
2020-10-05,1581.96
2020-10-06,1577.29
2020-10-07,1611.04
2020-10-08,1628.55
2020-10-09,1637.55
2020-10-12,1649.05
2020-10-13,1636.85
2020-10-14,1621.65
2020-10-15,1638.88
2020-10-16,1633.81
2020-10-19,1613.63
2020-10-20,1617.71
2020-10-21,1603.78
2020-10-22,1630.25
2020-10-23,1640.5
2020-10-26,1605.21
2020-10-27,1590.71
2020-10-28,1543.28
2020-10-29,1561.58
2020-10-30,1538.48
2020-11-02,1568.59
2020-11-03,1614.3
2020-11-04,1615.08
2020-11-05,1660.05
2020-11-06,1648.26
2020-11-09,1705.04
2020-11-10,1737.01
2020-11-11,1736.94
2020-11-12,1708.47
2020-11-13,1744.04
2020-11-16,1785.34
2020-11-17,1791.91
2020-11-18,1769.32
2020-11-19,1784.13
2020-11-20,1785.34
2020-11-23,1818.3
2020-11-24,1853.53
2020-11-25,1845.02
2020-11-27,1855.27
2020-11-30,1819.82
2020-12-01,1836.05
2020-12-02,1838.03
2020-12-03,1848.7
2020-12-04,1892.45
2020-12-07,1891.25
2020-12-08,1917.78
2020-12-09,1902.15
2020-12-10,1922.7
2020-12-11,1911.7
2020-12-14,1913.86
2020-12-15,1959.76
2020-12-16,1952.72
2020-12-17,1978.05
2020-12-18,1969.99
2020-12-21,1970.33
2020-12-22,1989.88
2020-12-23,2007.1
2020-12-24,2003.95
2020-12-28,1996.25
2020-12-29,1959.36
2020-12-30,1979.99
2020-12-31,1974.86
2021-01-04,1945.91
2021-01-05,1979.11
2021-01-06,2057.92
2021-01-07,2096.89
2021-01-08,2091.66
2021-01-11,2091.01
2021-01-12,2127.96
2021-01-13,2111.97
2021-01-14,2155.35
2021-01-15,2123.2
2021-01-19,2151.14
2021-01-20,2160.62
2021-01-21,2141.42
2021-01-22,2168.76
2021-01-25,2163.27
2021-01-26,2149.86
2021-01-27,2108.7
2021-01-28,2106.61
2021-01-29,2073.64
2021-02-01,2126.16
2021-02-02,2151.44
2021-02-03,2159.7
2021-02-04,2202.42
2021-02-05,2233.33
2021-02-08,2289.76
2021-02-09,2299.0
2021-02-10,2282.44
2021-02-11,2285.32
2021-02-12,2289.36
2021-02-16,2272.89
2021-02-17,2256.11
2021-02-18,2218.39
2021-02-19,2266.69
2021-02-22,2251.07
2021-02-23,2231.31
2021-02-24,2284.38
2021-02-25,2200.17
2021-02-26,2201.05
2021-03-01,2275.32
2021-03-02,2231.51
2021-03-03,2207.79
2021-03-04,2146.92
2021-03-05,2192.21
2021-03-08,2202.98
2021-03-09,2245.06
2021-03-10,2285.68
2021-03-11,2338.54
2021-03-12,2352.79
2021-03-15,2360.17
2021-03-16,2319.52
2021-03-17,2336.39
2021-03-18,2267.59
2021-03-19,2287.55
2021-03-22,2266.84
2021-03-23,2185.69
2021-03-24,2134.27
2021-03-25,2183.12
2021-03-26,2221.48
2021-03-29,2158.68
2021-03-30,2195.8
2021-03-31,2220.52
2021-04-01,2253.9
2021-04-05,2264.89
2021-04-06,2259.15
2021-04-07,2223.05
2021-04-08,2242.6
2021-04-09,2243.47
2021-04-12,2233.78
2021-04-13,2228.92
2021-04-14,2247.72
2021-04-15,2257.07
2021-04-16,2262.67
2021-04-19,2232.0
2021-04-20,2188.21
2021-04-21,2239.63
2021-04-22,2232.61
2021-04-23,2271.86
2021-04-26,2298.01
2021-04-27,2301.27
2021-04-28,2304.16
2021-04-29,2295.46
2021-04-30,2266.45
2021-05-03,2277.45
2021-05-04,2248.29
2021-05-05,2241.37
2021-05-06,2241.42
2021-05-07,2271.63
2021-05-10,2212.7
2021-05-11,2206.99
2021-05-12,2135.14
2021-05-13,2170.95
2021-05-14,2224.63
2021-05-17,2227.12
2021-05-18,2210.88
2021-05-19,2193.64
2021-05-20,2207.76
2021-05-21,2215.27
2021-05-24,2227.34
2021-05-25,2205.75
2021-05-26,2249.27
2021-05-27,2273.07
2021-05-28,2268.97
2021-06-01,2294.74
2021-06-02,2297.83
2021-06-03,2279.25
2021-06-04,2286.41
2021-06-07,2319.18
2021-06-08,2343.76
2021-06-09,2327.13
2021-06-10,2311.41
2021-06-11,2335.81
2021-06-14,2326.15
2021-06-15,2320.07
2021-06-16,2314.69
2021-06-17,2287.46
2021-06-18,2237.75
2021-06-21,2286.09
2021-06-22,2295.95
2021-06-23,2303.47
2021-06-24,2333.62
2021-06-25,2334.4
2021-06-28,2322.34
2021-06-29,2308.84
2021-06-30,2310.55
2021-07-01,2329.36
2021-07-02,2305.76
2021-07-06,2274.5
2021-07-07,2252.85
2021-07-08,2231.68
2021-07-09,2280.0
2021-07-12,2281.82
2021-07-13,2238.86
2021-07-14,2202.36
2021-07-15,2190.29
2021-07-16,2163.24
2021-07-19,2130.68
2021-07-20,2194.3
2021-07-21,2234.04
2021-07-22,2199.48
2021-07-23,2209.65
2021-07-26,2216.92
2021-07-27,2191.83
2021-07-28,2224.96
2021-07-29,2240.03
2021-07-30,2226.25
2021-08-02,2215.5
2021-08-03,2223.58
2021-08-04,2196.32
2021-08-05,2236.01
2021-08-06,2247.76
2021-08-09,2234.81
2021-08-10,2239.36
2021-08-11,2250.34
2021-08-12,2244.07
2021-08-13,2223.11
2021-08-16,2209.48
2021-08-17,2177.17
2021-08-18,2158.78
2021-08-19,2132.42
2021-08-20,2167.6
2021-08-23,2208.3
2021-08-24,2230.91
2021-08-25,2239.27
2021-08-26,2213.98
2021-08-27,2277.15
2021-08-30,2265.99
2021-08-31,2273.77
2021-09-01,2287.06
2021-09-02,2304.02
2021-09-03,2292.05
2021-09-07,2275.61
2021-09-08,2249.73
2021-09-09,2249.13
2021-09-10,2227.55
2021-09-13,2240.78
2021-09-14,2209.98
2021-09-15,2234.45
2021-09-16,2232.91
2021-09-17,2236.87
2021-09-20,2182.2
2021-09-21,2186.18
2021-09-22,2218.56
2021-09-23,2259.04
2021-09-24,2248.07
2021-09-27,2281.0
2021-09-28,2229.78
2021-09-29,2225.31
2021-09-30,2204.37
2021-10-01,2241.63
2021-10-04,2217.47
2021-10-05,2228.36
2021-10-06,2214.96
2021-10-07,2250.09
2021-10-08,2233.09
2021-10-11,2220.64
2021-10-12,2234.27
2021-10-13,2241.97
2021-10-14,2274.18
2021-10-15,2265.65
2021-10-18,2267.84
2021-10-19,2275.91
2021-10-20,2289.77
2021-10-21,2296.18
2021-10-22,2291.27
2021-10-25,2312.64
2021-10-26,2296.08
2021-10-27,2252.49
2021-10-28,2297.98
2021-10-29,2297.19
2021-11-01,2358.12
2021-11-02,2361.86
2021-11-03,2404.28
2021-11-04,2402.43
2021-11-05,2437.08
2021-11-08,2442.74
2021-11-09,2427.29
2021-11-10,2389.58
2021-11-11,2409.14
2021-11-12,2411.78
2021-11-15,2400.93
2021-11-16,2405.02
2021-11-17,2377.01
2021-11-18,2363.59
2021-11-19,2343.16
2021-11-22,2331.35
2021-11-23,2327.86
2021-11-24,2331.46
2021-11-26,2245.94
2021-11-29,2241.98
2021-11-30,2198.91
2021-12-01,2147.42
2021-12-02,2206.33
2021-12-03,2159.31
2021-12-06,2203.48
2021-12-07,2253.79
2021-12-08,2271.71
2021-12-09,2220.21
2021-12-10,2211.81
2021-12-13,2180.5
2021-12-14,2159.65
2021-12-15,2195.21
2021-12-16,2152.46
2021-12-17,2173.93
2021-12-20,2139.87
2021-12-21,2202.95
2021-12-22,2221.9
2021-12-23,2241.58
2021-12-27,2261.46
2021-12-28,2246.51
2021-12-29,2249.24
2021-12-30,2248.79
2021-12-31,2245.31
2022-01-03,2272.56
2022-01-04,2268.87
2022-01-05,2194.0
2022-01-06,2206.37
2022-01-07,2179.81
2022-01-10,2171.15
2022-01-11,2194.0
2022-01-12,2176.06
2022-01-13,2159.44
2022-01-14,2162.46
2022-01-18,2096.23
2022-01-19,2062.78
2022-01-20,2024.04
2022-01-21,1987.92
2022-01-24,2033.51
2022-01-25,2004.03
2022-01-26,1976.46
2022-01-27,1931.29
2022-01-28,1968.51
2022-01-31,2028.45
2022-02-01,2050.74
2022-02-02,2029.52
2022-02-03,1991.03
2022-02-04,2002.36
2022-02-07,2012.6
2022-02-08,2045.37
2022-02-09,2083.5
2022-02-10,2051.16
2022-02-11,2030.15
2022-02-14,2020.79
2022-02-15,2076.46
2022-02-16,2079.31
2022-02-17,2028.09
2022-02-18,2009.33
2022-02-22,1980.17
2022-02-23,1944.09
2022-02-24,1996.01
2022-02-25,2040.93
2022-02-28,2048.09
2022-03-01,2008.51
2022-03-02,2058.87
2022-03-03,2032.41
2022-03-04,2000.9
2022-03-07,1951.33
2022-03-08,1963.01
2022-03-09,2016.29
2022-03-10,2011.67
2022-03-11,1979.67
2022-03-14,1941.72
2022-03-15,1968.97
2022-03-16,2030.72
2022-03-17,2065.02
2022-03-18,2086.14
2022-03-21,2065.94
2022-03-22,2088.34
2022-03-23,2052.21
2022-03-24,2075.44
2022-03-25,2077.98
2022-03-28,2078.06
2022-03-29,2133.1
2022-03-30,2091.07
2022-03-31,2070.13
2022-04-01,2091.11
2022-04-04,2095.44
2022-04-05,2046.04
2022-04-06,2016.94
2022-04-07,2009.8
2022-04-08,1994.56
2022-04-11,1980.32
2022-04-12,1986.94
2022-04-13,2025.1
2022-04-14,2004.98
2022-04-18,1990.13
2022-04-19,2030.77
2022-04-20,2038.19
2022-04-21,1991.46
2022-04-22,1940.66
2022-04-25,1954.2
2022-04-26,1890.47
2022-04-27,1884.04
2022-04-28,1917.94
2022-04-29,1864.1
2022-05-02,1882.91
2022-05-03,1898.86
2022-05-04,1949.92
2022-05-05,1871.15
2022-05-06,1839.56
2022-05-09,1762.08
2022-05-10,1761.79
2022-05-11,1718.14
2022-05-12,1739.38
2022-05-13,1792.67
2022-05-16,1783.43
2022-05-17,1840.3
2022-05-18,1774.85
2022-05-19,1776.22
2022-05-20,1773.27
2022-05-23,1792.76
2022-05-24,1764.83
2022-05-25,1799.16
2022-05-26,1838.24
2022-05-27,1887.9
2022-05-31,1864.04
2022-06-01,1854.82
2022-06-02,1897.67
2022-06-03,1883.05
2022-06-06,1889.89
2022-06-07,1919.56
2022-06-08,1891.01
2022-06-09,1850.86
2022-06-10,1800.28
2022-06-13,1714.59
2022-06-14,1707.83
2022-06-15,1731.14
2022-06-16,1649.84
2022-06-17,1665.69
2022-06-21,1694.03
2022-06-22,1690.28
2022-06-23,1711.67
2022-06-24,1765.74
2022-06-27,1771.74
2022-06-28,1738.84
2022-06-29,1719.37
2022-06-30,1707.99
2022-07-01,1727.76
2022-07-05,1741.33
2022-07-06,1727.55
2022-07-07,1769.6
2022-07-08,1769.36
2022-07-11,1732.01
2022-07-12,1728.18
2022-07-13,1726.04
2022-07-14,1707.51
2022-07-15,1744.37
2022-07-18,1738.42
2022-07-19,1799.32
2022-07-20,1827.95
2022-07-21,1836.69
2022-07-22,1806.88
2022-07-25,1817.77
2022-07-26,1805.25
2022-07-27,1848.34
2022-07-28,1873.03
2022-07-29,1885.23
2022-08-01,1883.31
2022-08-02,1882.45
2022-08-03,1908.93
2022-08-04,1906.46
2022-08-05,1921.82
2022-08-08,1941.21
2022-08-09,1912.89
2022-08-10,1969.25
2022-08-11,1975.26
2022-08-12,2016.62
2022-08-15,2021.35
2022-08-16,2020.53
2022-08-17,1987.31
2022-08-18,2000.73
2022-08-19,1957.35
2022-08-22,1915.74
2022-08-23,1919.14
2022-08-24,1935.29
2022-08-25,1964.64
2022-08-26,1899.83
2022-08-29,1882.94
2022-08-30,1855.59
2022-08-31,1844.12
2022-09-01,1822.82
2022-09-02,1809.75
2022-09-06,1792.32
2022-09-07,1832.0
2022-09-08,1846.91
2022-09-09,1882.85
2022-09-12,1906.09
2022-09-13,1831.57
2022-09-14,1838.46
2022-09-15,1825.23
2022-09-16,1798.19
2022-09-19,1812.84
2022-09-20,1787.5
2022-09-21,1762.16
2022-09-22,1722.31
2022-09-23,1679.59
2022-09-26,1655.88
2022-09-27,1662.51
2022-09-28,1715.24
2022-09-29,1674.93
2022-09-30,1664.72
2022-10-03,1708.87
2022-10-04,1775.77
2022-10-05,1762.69
2022-10-06,1752.51
2022-10-07,1702.15
2022-10-10,1691.92
2022-10-11,1692.92
2022-10-12,1687.76
2022-10-13,1728.41
2022-10-14,1682.4
2022-10-17,1735.75
2022-10-18,1755.96
2022-10-19,1725.76
2022-10-20,1704.39
2022-10-21,1742.24
2022-10-24,1748.4
2022-10-25,1796.16
2022-10-26,1804.33
2022-10-27,1806.32
2022-10-28,1846.92
2022-10-31,1846.86
2022-11-01,1851.39
2022-11-02,1789.14
2022-11-03,1779.73
2022-11-04,1799.87
2022-11-07,1809.81
2022-11-08,1808.93
2022-11-09,1760.4
2022-11-10,1867.93
2022-11-11,1882.74
2022-11-14,1861.25
2022-11-15,1889.2
2022-11-16,1853.17
2022-11-17,1839.12
2022-11-18,1849.73
2022-11-21,1839.14
2022-11-22,1860.44
2022-11-23,1863.52
2022-11-25,1869.19
2022-11-28,1830.96
2022-11-29,1836.55
2022-11-30,1886.58
2022-12-01,1881.68
2022-12-02,1892.84
2022-12-05,1840.22
2022-12-06,1812.58
2022-12-07,1806.9
2022-12-08,1818.29
2022-12-09,1796.66
2022-12-12,1818.61
2022-12-13,1832.36
2022-12-14,1820.45
2022-12-15,1774.61
2022-12-16,1763.42
2022-12-19,1738.58
2022-12-20,1748.02
2022-12-21,1776.94
2022-12-22,1754.09
2022-12-23,1760.93
2022-12-27,1749.52
2022-12-28,1722.02
2022-12-29,1766.25
2022-12-30,1761.25
2023-01-03,1750.73
2023-01-04,1772.54
2023-01-05,1753.19
2023-01-06,1792.8
2023-01-09,1795.91
2023-01-10,1822.65
2023-01-11,1844.05
2023-01-12,1876.06
2023-01-13,1887.03
2023-01-17,1884.29
2023-01-18,1854.36
2023-01-19,1836.35
2023-01-20,1867.34
2023-01-23,1890.77
2023-01-24,1885.61
2023-01-25,1890.32
2023-01-26,1903.06
2023-01-27,1911.46
2023-01-30,1885.72
2023-01-31,1931.94
2023-02-01,1960.81
2023-02-02,2001.22
2023-02-03,1985.53
2023-02-06,1957.72
2023-02-07,1972.61
2023-02-08,1942.6
2023-02-09,1915.34
2023-02-10,1918.81
2023-02-13,1941.14
2023-02-14,1939.91
2023-02-15,1960.97
2023-02-16,1942.21
2023-02-17,1946.36
2023-02-21,1888.21
2023-02-22,1894.68
2023-02-23,1908.09
2023-02-24,1890.49
2023-02-27,1896.27
2023-02-28,1896.99
2023-03-01,1898.43
2023-03-02,1902.66
2023-03-03,1928.26
2023-03-06,1899.76
2023-03-07,1878.72
2023-03-08,1879.48
2023-03-09,1826.59
2023-03-10,1772.7
2023-03-13,1744.3
2023-03-14,1776.89
2023-03-15,1745.94
2023-03-16,1771.24
2023-03-17,1725.89
2023-03-20,1744.99
2023-03-21,1777.74
2023-03-22,1727.36
2023-03-23,1720.29
2023-03-24,1734.92
2023-03-27,1753.67
2023-03-28,1752.63
2023-03-29,1771.6
2023-03-30,1768.38
2023-03-31,1802.48
2023-04-03,1802.31
2023-04-04,1769.65
2023-04-05,1752.13
2023-04-06,1754.46
2023-04-10,1772.44
2023-04-11,1786.59
2023-04-12,1773.7
2023-04-13,1796.68
2023-04-14,1781.15
2023-04-17,1802.84
2023-04-18,1795.55
2023-04-19,1799.44
2023-04-20,1789.7
2023-04-21,1791.51
2023-04-24,1788.87
2023-04-25,1745.95
2023-04-26,1730.41
2023-04-27,1751.22
2023-04-28,1768.99
2023-05-01,1769.21
2023-05-02,1732.11
2023-05-03,1739.28
2023-05-04,1718.81
2023-05-05,1759.88
2023-05-08,1754.47
2023-05-09,1749.68
2023-05-10,1759.51
2023-05-11,1744.71
2023-05-12,1740.85
2023-05-15,1761.55
2023-05-16,1736.18
2023-05-17,1774.5
2023-05-18,1784.86
2023-05-19,1773.72
2023-05-22,1795.38
2023-05-23,1787.71
2023-05-24,1767.0
2023-05-25,1754.6
2023-05-26,1773.02
2023-05-30,1767.29
2023-05-31,1749.65
2023-06-01,1767.94
2023-06-02,1830.91
2023-06-05,1806.71
2023-06-06,1855.4
2023-06-07,1888.45
2023-06-08,1880.78
2023-06-09,1865.71
2023-06-12,1873.21
2023-06-13,1896.33
2023-06-14,1874.1
2023-06-15,1889.28
2023-06-16,1875.47
2023-06-20,1866.7
2023-06-21,1863.01
2023-06-22,1848.18
2023-06-23,1821.63
2023-06-26,1823.26
2023-06-27,1849.93
2023-06-28,1858.71
2023-06-29,1881.59
2023-06-30,1888.73
2023-07-03,1896.78
2023-07-05,1872.91
2023-07-06,1842.23
2023-07-07,1864.66
2023-07-10,1895.25
2023-07-11,1913.36
2023-07-12,1933.38
2023-07-13,1950.89
2023-07-14,1931.09
2023-07-17,1951.27
2023-07-18,1976.07
2023-07-19,1984.89
2023-07-20,1967.16
2023-07-21,1960.26
2023-07-24,1965.68
2023-07-25,1966.11
2023-07-26,1980.36
2023-07-27,1954.9
2023-07-28,1981.54
2023-07-31,2003.18
2023-08-01,1994.17
2023-08-02,1966.83
2023-08-03,1961.4
2023-08-04,1957.46
2023-08-07,1958.94
2023-08-08,1947.42
2023-08-09,1930.77
2023-08-10,1922.62
2023-08-11,1925.11
2023-08-14,1920.49
2023-08-15,1895.75
2023-08-16,1871.52
2023-08-17,1850.06
2023-08-18,1859.42
2023-08-21,1856.01
2023-08-22,1850.84
2023-08-23,1870.03
2023-08-24,1846.28
2023-08-25,1853.63
2023-08-28,1869.01
2023-08-29,1895.54
2023-08-30,1903.21
2023-08-31,1899.68
2023-09-01,1920.83
2023-09-05,1880.45
2023-09-06,1874.28
2023-09-07,1855.76
2023-09-08,1851.54
2023-09-11,1855.14
2023-09-12,1855.32
2023-09-13,1840.84
2023-09-14,1866.63
2023-09-15,1847.03
2023-09-18,1834.3
2023-09-19,1826.53
2023-09-20,1810.1
2023-09-21,1781.83
2023-09-22,1776.5
2023-09-25,1784.24
2023-09-26,1761.61
2023-09-27,1778.9
2023-09-28,1794.31
2023-09-29,1785.1
2023-10-02,1756.82
2023-10-03,1727.15
2023-10-04,1729.01
2023-10-05,1731.51
2023-10-06,1745.56
2023-10-09,1755.99
2023-10-10,1775.95
2023-10-11,1773.3
2023-10-12,1734.25
2023-10-13,1719.71
2023-10-16,1747.06
2023-10-17,1766.05
2023-10-18,1728.81
2023-10-19,1702.7
2023-10-20,1680.79
2023-10-23,1665.88
2023-10-24,1679.5
2023-10-25,1651.43
2023-10-26,1657.0
2023-10-27,1636.94
2023-10-30,1647.29
2023-10-31,1662.28
2023-11-01,1669.7
2023-11-02,1714.21
2023-11-03,1760.7
2023-11-06,1737.94
2023-11-07,1733.15
2023-11-08,1714.07
2023-11-09,1687.24
2023-11-10,1705.32
2023-11-13,1705.5
2023-11-14,1798.32
2023-11-15,1801.22
2023-11-16,1773.76
2023-11-17,1797.77
2023-11-20,1807.08
2023-11-21,1783.26
2023-11-22,1795.54
2023-11-24,1807.5
2023-11-27,1801.15
2023-11-28,1792.81
2023-11-29,1803.81
2023-11-30,1809.02
2023-12-01,1862.64
2023-12-04,1882.02
2023-12-05,1856.04
2023-12-06,1852.05
2023-12-07,1868.25
2023-12-08,1880.82
2023-12-11,1883.68
2023-12-12,1881.27
2023-12-13,1947.51
2023-12-14,2000.51
2023-12-15,1985.13
2023-12-18,1982.42
2023-12-19,2020.95
2023-12-20,1982.84
2023-12-21,2017.06
2023-12-22,2033.96
2023-12-26,2059.19
2023-12-27,2066.21
2023-12-28,2058.34
2023-12-29,2027.07
2024-01-02,2012.8
2024-01-03,1959.2
2024-01-04,1957.73
2024-01-05,1951.14
2024-01-08,1989.01
2024-01-09,1968.04
2024-01-10,1970.26
2024-01-11,1955.46
2024-01-12,1950.96
2024-01-16,1927.3
2024-01-17,1913.17
2024-01-18,1923.65
2024-01-19,1944.39
2024-01-22,1983.38
2024-01-23,1976.27
2024-01-24,1961.86
2024-01-25,1975.88
2024-01-26,1978.33
2024-01-29,2011.42
2024-01-30,1996.24
2024-01-31,1947.34
2024-02-01,1974.42
2024-02-02,1962.73
2024-02-05,1937.24
2024-02-06,1953.63
2024-02-07,1950.36
2024-02-08,1979.7
2024-02-09,2009.99
2024-02-12,2045.26
2024-02-13,1964.17
2024-02-14,2012.1
2024-02-15,2061.48
2024-02-16,2045.14
2024-02-20,2004.14
2024-02-21,1994.74
2024-02-22,2013.84
2024-02-23,2016.69
2024-02-26,2028.97
2024-02-27,2056.11
2024-02-28,2040.31
2024-02-29,2054.84
2024-03-01,2076.39
2024-03-04,2074.31
2024-03-05,2053.71
2024-03-06,2068.09
2024-03-07,2084.74
2024-03-08,2082.71
2024-03-11,2065.88
2024-03-12,2065.48
2024-03-13,2071.71
2024-03-14,2031.18
2024-03-15,2039.32
2024-03-18,2024.74
2024-03-19,2035.71
2024-03-20,2074.88
2024-03-21,2098.56
2024-03-22,2072.0
2024-03-25,2074.16
2024-03-26,2070.16
2024-03-27,2114.35
2024-03-28,2124.55
2024-04-01,2102.84
2024-04-02,2065.04
2024-04-03,2076.2
2024-04-04,2053.83
2024-04-05,2063.47
2024-04-08,2073.71
2024-04-09,2080.8
2024-04-10,2028.39
2024-04-11,2042.6
2024-04-12,2003.17
2024-04-15,1975.71
2024-04-16,1967.48
2024-04-17,1947.95
2024-04-18,1942.96
2024-04-19,1947.66
2024-04-22,1967.47
2024-04-23,2002.64
2024-04-24,1995.43
2024-04-25,1981.12
2024-04-26,2002.0
2024-04-29,2016.03
2024-04-30,1973.91
2024-05-01,1980.23
2024-05-02,2016.11
2024-05-03,2035.72
2024-05-06,2060.67
2024-05-07,2064.65
2024-05-08,2055.14
2024-05-09,2073.63
2024-05-10,2059.78
2024-05-13,2062.12
2024-05-14,2085.69
2024-05-15,2109.46
2024-05-16,2096.25
2024-05-17,2095.72
2024-05-20,2102.5
2024-05-21,2098.36
2024-05-22,2081.71
2024-05-23,2048.41
2024-05-24,2069.67
2024-05-28,2066.85
2024-05-29,2036.19
2024-05-30,2056.6
2024-05-31,2070.13
2024-06-03,2059.68
2024-06-04,2033.94
2024-06-05,2063.87
2024-06-06,2049.44
2024-06-07,2026.55
2024-06-10,2031.61
2024-06-11,2024.35
2024-06-12,2057.1
2024-06-13,2038.91
2024-06-14,2006.16
2024-06-17,2022.01
2024-06-18,2025.23
2024-06-20,2017.39
2024-06-21,2022.03
2024-06-24,2030.81
2024-06-25,2022.35
2024-06-26,2018.12
2024-06-27,2038.34
2024-06-28,2047.69
2024-07-01,2030.07
2024-07-02,2033.87
2024-07-03,2036.62
2024-07-05,2026.73
2024-07-08,2038.67
2024-07-09,2029.47
2024-07-10,2051.75
2024-07-11,2125.04
2024-07-12,2148.27
2024-07-15,2187.02
2024-07-16,2263.67
2024-07-17,2239.67
2024-07-18,2198.29
2024-07-19,2184.35
2024-07-22,2220.65
2024-07-23,2243.27
2024-07-24,2195.37
2024-07-25,2222.98
2024-07-26,2260.07
2024-07-29,2235.33
2024-07-30,2243.14
2024-07-31,2254.48
2024-08-01,2186.16
2024-08-02,2109.31
2024-08-05,2039.16
2024-08-06,2064.3
2024-08-07,2035.11
2024-08-08,2084.42
2024-08-09,2080.92
2024-08-12,2062.08
2024-08-13,2095.19
2024-08-14,2084.32
2024-08-15,2135.47
2024-08-16,2141.92
2024-08-19,2167.5
2024-08-20,2142.19
2024-08-21,2170.56
2024-08-22,2150.03
2024-08-23,2218.7
2024-08-26,2217.92
2024-08-27,2203.0
2024-08-28,2188.64
2024-08-29,2202.98
2024-08-30,2217.63
2024-09-03,2149.21
2024-09-04,2145.22
2024-09-05,2132.05
2024-09-06,2091.41
2024-09-09,2097.78
2024-09-10,2097.44
2024-09-11,2103.85
2024-09-12,2129.43
2024-09-13,2182.49
2024-09-16,2189.17
2024-09-17,2205.48
2024-09-18,2206.34
2024-09-19,2252.71
2024-09-20,2227.89
2024-09-23,2220.28
2024-09-24,2223.99
2024-09-25,2197.45
2024-09-26,2209.87
2024-09-27,2224.7
2024-09-30,2229.97
2024-10-01,2197.03
2024-10-02,2195.01
2024-10-03,2180.15
2024-10-04,2212.8
2024-10-07,2193.09
2024-10-08,2194.98
2024-10-09,2200.59
2024-10-10,2188.42
2024-10-11,2234.41
2024-10-14,2248.64
2024-10-15,2249.82
2024-10-16,2286.68
2024-10-17,2280.85
2024-10-18,2276.09
2024-10-21,2239.71
2024-10-22,2231.53
2024-10-23,2213.84
2024-10-24,2218.92
2024-10-25,2207.99
2024-10-28,2244.07
2024-10-29,2238.09
2024-10-30,2233.04
2024-10-31,2196.65
2024-11-01,2210.13
2024-11-04,2219.03
2024-11-05,2260.84
2024-11-06,2392.92
2024-11-07,2382.69
2024-11-08,2399.64
2024-11-11,2434.98
2024-11-12,2391.85
2024-11-13,2369.37
2024-11-14,2336.94
2024-11-15,2303.84
2024-11-18,2306.34
2024-11-19,2324.83
2024-11-20,2325.53
2024-11-21,2364.02
2024-11-22,2406.67
2024-11-25,2442.03
2024-11-26,2424.31
2024-11-27,2426.19
2024-11-29,2434.73
2024-12-02,2434.14
2024-12-03,2416.35
2024-12-04,2426.56
2024-12-05,2396.17
2024-12-06,2408.99
2024-12-09,2392.84
2024-12-10,2382.77
2024-12-11,2394.16
2024-12-12,2361.08
2024-12-13,2346.9
2024-12-16,2361.99
2024-12-17,2334.08
2024-12-18,2231.51
2024-12-19,2221.5
2024-12-20,2242.37
2024-12-23,2237.44
2024-12-24,2259.85
2024-12-26,2280.19
2024-12-27,2244.59
2024-12-30,2227.78
2024-12-31,2230.16
2025-01-02,2231.67
2025-01-03,2268.47
2025-01-06,2266.65
2025-01-07,2249.8
2025-01-08,2238.96
2025-01-10,2189.23
2025-01-13,2194.4
2025-01-14,2219.24
2025-01-15,2263.29
2025-01-16,2266.79
2025-01-17,2275.88
2025-01-21,2317.97
2025-01-22,2303.72
2025-01-23,2314.6
2025-01-24,2307.74
2025-01-27,2284.02
2025-01-28,2288.86
2025-01-29,2283.1
2025-01-30,2307.45
2025-01-31,2287.69
2025-02-03,2258.42
2025-02-04,2290.21
2025-02-05,2316.23
2025-02-06,2307.12
2025-02-07,2279.71
2025-02-10,2287.94
2025-02-11,2275.7
2025-02-12,2255.89
2025-02-13,2282.18
2025-02-14,2279.98
2025-02-18,2290.35
2025-02-19,2282.46
2025-02-20,2261.74
2025-02-21,2195.35
2025-02-24,2178.27
2025-02-25,2170.08
2025-02-26,2174.17
2025-02-27,2139.66
2025-02-28,2163.07
2025-03-03,2102.24
2025-03-04,2079.53
2025-03-05,2100.75
2025-03-06,2066.55
2025-03-07,2075.48
2025-03-10,2019.07
2025-03-11,2023.59
2025-03-12,2026.47
2025-03-13,1993.69
2025-03-14,2044.1
2025-03-17,2068.33
2025-03-18,2049.94
2025-03-19,2082.08
2025-03-20,2068.63
2025-03-21,2056.98
2025-03-24,2109.38
2025-03-25,2095.38
2025-03-26,2073.83
2025-03-27,2065.7
2025-03-28,2023.27
2025-03-31,2011.91
2025-04-01,2012.24
2025-04-02,2045.36
2025-04-03,1910.55
2025-04-04,1827.03
2025-04-07,1810.14
2025-04-08,1760.71
2025-04-09,1913.16
2025-04-10,1831.39
2025-04-11,1860.2
2025-04-14,1880.88
2025-04-15,1882.92
2025-04-16,1863.48
2025-04-17,1880.62
2025-04-21,1840.32
2025-04-22,1890.28
2025-04-23,1919.14
2025-04-24,1957.59
2025-04-25,1957.62
2025-04-28,1965.55
2025-04-29,1976.52
2025-04-30,1964.12
2025-05-01,1975.86
2025-05-02,2020.74
2025-05-05,2004.26
2025-05-06,1983.19
2025-05-07,1989.66
2025-05-08,2026.41
2025-05-09,2023.07
2025-05-12,2092.2
2025-05-13,2102.35
2025-05-14,2083.8
2025-05-15,2094.69
2025-05-16,2113.25
2025-05-19,2104.43
2025-05-20,2105.58
2025-05-21,2046.56
2025-05-22,2045.56
2025-05-23,2039.85
2025-05-27,2090.4
2025-05-28,2067.8
2025-05-29,2074.78
2025-05-30,2066.29
2025-06-02,2070.16
2025-06-03,2102.98
2025-06-04,2098.48
2025-06-05,2097.35
2025-06-06,2132.25
2025-06-09,2144.45
2025-06-10,2156.41
2025-06-11,2148.23
2025-06-12,2140.09
2025-06-13,2100.51
2025-06-16,2124.13
2025-06-17,2101.96
2025-06-18,2112.96
2025-06-20,2109.27
2025-06-23,2132.68
2025-06-24,2161.21
2025-06-25,2136.18
2025-06-26,2172.11
2025-06-27,2172.53
2025-06-30,2175.04
2025-07-01,2197.54
2025-07-02,2226.38
2025-07-03,2249.04
2025-07-07,2214.23
2025-07-08,2228.74
2025-07-09,2252.49
2025-07-10,2263.41
2025-07-11,2234.83
2025-07-14,2249.73
2025-07-15,2205.05
2025-07-16,2226.99
2025-07-17,2253.68
2025-07-18,2240.01
2025-07-21,2231.13
2025-07-22,2248.76
2025-07-23,2283.13
2025-07-24,2252.13
2025-07-25,2261.07
2025-07-28,2256.73
2025-07-29,2242.96
2025-07-30,2232.4
2025-07-31,2211.65
2025-08-01,2166.78
2025-08-04,2212.3
2025-08-05,2225.67
2025-08-06,2221.29
2025-08-07,2214.72
2025-08-08,2218.42
2025-08-11,2216.51
2025-08-12,2282.78
2025-08-13,2328.06
2025-08-14,2299.08
2025-08-15,2286.52
2025-08-18,2294.47
2025-08-19,2276.61
2025-08-20,2269.35
2025-08-21,2274.1
2025-08-22,2361.95
2025-08-25,2339.17
2025-08-26,2358.6
2025-08-27,2373.8
2025-08-28,2378.41
2025-08-29,2366.42
2025-09-02,2352.21
2025-09-03,2349.97
2025-09-04,2379.61
2025-09-05,2391.05
2025-09-08,2394.89
2025-09-09,2381.82
2025-09-10,2378.01
2025-09-11,2421.53
2025-09-12,2397.06
2025-09-15,2405.13
2025-09-16,2403.03
2025-09-17,2407.34
2025-09-18,2467.7
2025-09-19,2448.77
2025-09-22,2463.34
2025-09-23,2457.51
2025-09-24,2434.98
2025-09-25,2411.04
2025-09-26,2434.32
2025-09-29,2435.25
2025-09-30,2436.48
2025-10-01,2442.35
2025-10-02,2458.49
2025-10-03,2476.18
2025-10-06,2486.35
2025-10-07,2458.42
2025-10-08,2483.99
2025-10-09,2468.85
2025-10-10,2394.59
2025-10-13,2461.42
2025-10-14,2495.5
2025-10-15,2519.75
2025-10-16,2467.02
2025-10-17,2452.17
2025-10-20,2499.91
2025-10-21,2487.69
2025-10-22,2451.55
2025-10-23,2482.66
2025-10-24,2513.47
2025-10-27,2520.44
2025-10-28,2506.65
2025-10-29,2484.81
2025-10-30,2465.95
2025-10-31,2479.38
2025-11-03,2471.24
2025-11-04,2427.34
2025-11-05,2464.78
2025-11-06,2418.82
2025-11-07,2432.82
2025-11-10,2455.65
2025-11-11,2458.28
2025-11-12,2450.8
2025-11-13,2382.98
2025-11-14,2388.23
2025-11-17,2341.38
2025-11-18,2348.74
2025-11-19,2347.89
2025-11-20,2305.11
2025-11-21,2369.59
2025-11-24,2414.28
2025-11-25,2465.98
2025-11-26,2486.12
2025-11-28,2500.43
2025-12-01,2469.13
2025-12-02,2464.98
2025-12-03,2512.14
2025-12-04,2531.16
2025-12-05,2521.48
2025-12-08,2520.98
2025-12-09,2526.24
2025-12-10,2559.61
2025-12-11,2590.61
2025-12-12,2551.46
2025-12-15,2530.67
2025-12-16,2519.3
2025-12-17,2492.3
2025-12-18,2507.87
2025-12-19,2529.43
2025-12-22,2558.78
2025-12-23,2541.12
2025-12-24,2548.08
2025-12-26,2534.35
2025-12-29,2519.8
2025-12-30,2500.59
2025-12-31,2481.91
2026-01-02,2508.22
2026-01-05,2547.92
2026-01-06,2582.9
2026-01-07,2575.42
2026-01-08,2603.91
2026-01-09,2624.22
2026-01-12,2635.69
2026-01-13,2633.11
2026-01-14,2651.64
2026-01-15,2674.56
2026-01-16,2677.74
2026-01-20,2645.36
2026-01-21,2698.17
2026-01-22,2718.77
2026-01-23,2669.16
2026-01-26,2659.67
2026-01-27,2666.7
2026-01-28,2653.55
2026-01-29,2654.78
2026-01-30,2613.74
2026-02-02,2640.28
2026-02-03,2648.5
2026-02-04,2624.55
2026-02-05,2577.65
2026-02-06,2670.34
2026-02-09,2689.05
2026-02-10,2679.77
2026-02-11,2669.47
2026-02-12,2615.83
2026-02-13,2646.7
2026-02-17,2646.59
2026-02-18,2658.61
2026-02-19,2665.09
2026-02-20,2663.78
2026-02-23,2620.99
2026-02-24,2652.33
2026-02-25,2663.33
2026-02-26,2677.29
2026-02-27,2632.36
2026-03-02,2655.94
2026-03-03,2608.36
2026-03-04,2636.01
2026-03-05,2585.57
2026-03-06,2525.3
2026-03-09,2553.67
2026-03-10,2548.08
2026-03-11,2542.9
2026-03-12,2488.99
2026-03-13,2480.05
2026-03-16,2503.29
2026-03-17,2519.99
2026-03-18,2478.64
2026-03-19,2494.71
2026-03-20,2438.45
2026-03-23,2494.23
2026-03-24,2505.44
2026-03-25,2536.38
2026-03-26,2493.32
2026-03-27,2449.7
2026-03-30,2414.01
2026-03-31,2496.37
2026-04-01,2512.37
2026-04-02,2530.04
2026-04-06,2540.64
2026-04-07,2544.95
2026-04-08,2620.46
2026-04-09,2636.31
2026-04-10,2630.59
2026-04-13,2670.49
2026-04-14,2705.67
2026-04-15,2713.66
2026-04-16,2719.6
2026-04-17,2776.9
2026-04-20,2792.96
2026-04-21,2764.97
2026-04-22,2785.38
2026-04-23,2775.1
2026-04-24,2787.0
2026-04-27,2788.19
2026-04-28,2756.05
2026-04-29,2739.47
2026-04-30,2799.91
2026-05-01,2812.82
2026-05-04,2796.0
2026-05-05,2845.0
2026-05-06,2886.77
2026-05-07,2839.63
2026-05-08,2861.21
2026-05-11,2870.64
2026-05-12,2842.83
2026-05-13,2843.93
2026-05-14,2863.09
2026-05-15,2793.3
2026-05-18,2775.1
2026-05-19,2747.07
2026-05-20,2817.37
2026-05-21,2843.45
2026-05-22,2869.23
2026-05-26,2920.54
2026-05-27,2919.94
2026-05-28,2936.57
2026-05-29,2919.34
2026-06-01,2905.76
2026-06-02,2931.96
2026-06-03,2893.51
2026-06-04,2935.33
2026-06-05,2833.5
2026-06-08,2855.42
2026-06-09,2867.02
2026-06-10,2835.46
2026-06-11,2921.03
2026-06-12,2943.99
2026-06-15,2965.09
2026-06-16,2939.2
2026-06-17,2917.98
2026-06-18,2979.77
2026-06-22,3004.4
2026-06-23,2975.48
2026-06-24,2986.63
2026-06-25,3007.86
2026-06-26,3010.08
2026-06-29,3010.42
2026-06-30,3024.37
2026-07-01,3012.59
2026-07-02,2996.11
2026-07-06,3009.54
2026-07-07,2982.49
2026-07-08,2956.39
2026-07-09,2992.54
2026-07-10,2977.81
2026-07-13,2953.17
2026-07-14,2964.76
2026-07-15,2976.26
2026-07-16,2974.57
2026-07-17,2962.22
2026-07-20,2942.43
2026-07-21,2987.4
2026-07-22,2959.94
2026-07-23,2940.16
2026-07-24,2930.0
2026-07-27,2948.04
2026-07-28,2953.8
2026-07-29,2906.31
2026-07-30,2946.1
2026-07-31,2931.34
2026-08-03,2981.91
2026-08-04,3036.98
2026-08-05,3019.19
2026-08-06,3001.55
2026-08-07,3034.49
2026-08-10,3017.4
2026-08-11,3027.12
2026-08-12,3045.48
2026-08-13,3052.85
2026-08-14,3068.42
2026-08-17,3057.54
2026-08-18,3017.89
2026-08-19,3032.94
2026-08-20,2992.43
2026-08-21,3017.87
2026-08-24,2995.08
2026-08-25,3010.02
2026-08-26,3005.9
2026-08-27,3014.34
2026-08-28,2972.372
