date,auction_date,security_type,security_term,cusip,amount_bn
2023-04-25,2023-04-20,Bill,4-Week,912797FF9,50.0
2023-04-25,2023-04-20,Bill,8-Week,912797FP7,45.0
2023-04-25,2023-04-19,Bill,17-Week,912797GH4,36.0
2023-04-27,2023-04-24,Bill,13-Week,912796Y29,57.0
2023-04-27,2023-04-24,Bill,26-Week,912797FC6,48.0
2023-04-28,2023-04-20,Note,5-Year,91282CGW5,21.0
2023-05-01,2023-04-26,Note,2-Year,91282CGY1,24.0
2023-05-01,2023-04-26,Note,5-Year,91282CHA2,43.0
2023-05-01,2023-04-25,Note,2-Year,91282CGX3,42.0
2023-05-01,2023-04-27,Note,7-Year,91282CGZ8,35.0
2023-05-01,2023-04-27,Bill,17-Day,912796W47,45.0
2023-05-01,2023-04-19,Bond,19-Year 10-Month,912810TQ1,12.0
2023-05-02,2023-04-26,Bill,17-Week,912797GJ0,36.0
2023-05-02,2023-04-27,Bill,4-Week,912797FG7,50.0
2023-05-02,2023-04-27,Bill,8-Week,912797FQ5,45.0
2023-05-04,2023-05-01,Bill,13-Week,912796Y37,57.0
2023-05-04,2023-05-01,Bill,26-Week,912796YT0,48.0
2023-05-04,2023-05-02,Bill,21-Day,912796ZF9,40.0
2023-05-09,2023-05-03,Bill,17-Week,912797GR2,36.0
2023-05-09,2023-05-04,Bill,4-Week,912797FM4,50.0
2023-05-09,2023-05-04,Bill,8-Week,912797FR3,45.0
2023-05-11,2023-05-08,Bill,26-Week,912797FJ1,48.0
2023-05-11,2023-05-08,Bill,13-Week,912796XY0,57.0
2023-05-15,2023-05-10,Note,10-Year,91282CHC8,35.0
2023-05-15,2023-05-09,Note,3-Year,91282CHB0,40.0
2023-05-15,2023-05-11,Bond,30-Year,912810TR9,21.0
2023-05-16,2023-05-10,Bill,17-Week,912797GS0,36.0
2023-05-16,2023-05-11,Bill,4-Week,912797FN2,35.0
2023-05-16,2023-05-11,Bill,8-Week,912797FX0,35.0
2023-05-16,2023-05-11,Bill,149-Day,912797FA0,45.0
2023-05-18,2023-05-15,Bill,13-Week,912796Z36,57.0
2023-05-18,2023-05-16,Bill,52-Week,912797FH5,36.0
2023-05-18,2023-05-16,Bill,154-Day,912797FB8,45.0
2023-05-18,2023-05-15,Bill,26-Week,912797FK8,51.0
2023-05-23,2023-05-18,Bill,4-Week,912797FP7,35.0
2023-05-23,2023-05-18,Bill,8-Week,912797FY8,35.0
2023-05-23,2023-05-17,Bill,17-Week,912797GT8,39.0
2023-05-23,2023-05-18,Bill,156-Day,912797FC6,45.0
2023-05-25,2023-05-22,Bill,13-Week,912796Z44,57.0
2023-05-25,2023-05-22,Bill,26-Week,912797FL6,54.0
2023-05-25,2023-05-23,Bill,21-Day,912796X53,35.0
2023-05-26,2023-05-24,Note,1-Year 11-Month,91282CGY1,22.0
2023-05-30,2023-05-25,Bill,4-Week,912797FQ5,35.0
2023-05-30,2023-05-25,Bill,8-Week,912797FZ5,35.0
2023-05-30,2023-05-24,Bill,17-Week,912797GU5,42.0
2023-05-31,2023-05-24,Note,5-Year,91282CHE4,43.0
2023-05-31,2023-05-23,Note,2-Year,91282CHD6,42.0
2023-05-31,2023-05-18,Note,9-Year 8-Month,91282CGK1,15.0
2023-05-31,2023-05-25,Note,7-Year,91282CHF1,35.0
2023-05-31,2023-05-17,Bond,20-Year,912810TS7,15.0
2023-06-01,2023-05-30,Bill,26-Week,912796ZD4,56.0
2023-06-01,2023-05-30,Bill,13-Week,912796Z51,63.0
2023-06-01,2023-05-30,Bill,161-Day,912797FJ1,50.0
2023-06-02,2023-06-01,Bill,3-Day,912797MF1,25.0
2023-06-05,2023-06-02,Bill,1-Day,912797FM4,15.0
2023-06-05,2023-06-02,Bill,38-Day,912796XQ7,50.0
2023-06-06,2023-06-01,Bill,4-Week,912797FR3,35.0
2023-06-06,2023-06-01,Bill,8-Week,912797GA9,35.0
2023-06-06,2023-06-05,Bill,44-Day,912796ZZ5,50.0
2023-06-06,2023-05-31,Bill,17-Week,912797GV3,44.0
2023-06-08,2023-06-05,Bill,26-Week,912797FT9,58.0
2023-06-08,2023-06-05,Bill,13-Week,912796YH6,65.0
2023-06-13,2023-06-08,Bill,4-Week,912797FX0,60.0
2023-06-13,2023-06-08,Bill,8-Week,912797GF8,50.0
2023-06-13,2023-06-07,Bill,17-Week,912797HA8,46.0
2023-06-15,2023-06-12,Note,3-Year,91282CHH7,40.0
2023-06-15,2023-06-13,Bill,42-Day,912796Y29,45.0
2023-06-15,2023-06-13,Bill,52-Week,912797FS1,38.0
2023-06-15,2023-06-13,Bond,29-Year 11-Month,912810TR9,18.0
2023-06-15,2023-06-12,Bill,13-Week,912796CQ0,65.0
2023-06-15,2023-06-12,Note,9-Year 11-Month,91282CHC8,32.0
2023-06-15,2023-06-12,Bill,26-Week,912797FU6,58.0
2023-06-20,2023-06-15,Bill,4-Week,912797FY8,65.0
2023-06-20,2023-06-15,Bill,8-Week,912797GG6,55.0
2023-06-20,2023-06-14,Bill,17-Week,912797HB6,46.0
2023-06-22,2023-06-20,Bill,42-Day,912796Y37,50.0
2023-06-22,2023-06-20,Bill,13-Week,912796CR8,65.0
2023-06-22,2023-06-20,Bill,26-Week,912797FV4,58.0
2023-06-27,2023-06-21,Bill,17-Week,912797HC4,46.0
2023-06-27,2023-06-22,Bill,4-Week,912797FZ5,70.0
2023-06-27,2023-06-22,Bill,8-Week,912797GH4,60.0
2023-06-29,2023-06-27,Bill,42-Day,912796XY0,50.0
2023-06-29,2023-06-26,Bill,13-Week,912796CS6,65.0
2023-06-29,2023-06-26,Bill,26-Week,912796ZN2,58.0
2023-06-30,2023-06-27,Note,5-Year,91282CHK0,43.0
2023-06-30,2023-06-26,Note,2-Year,91282CHL8,42.0
2023-06-30,2023-06-28,Note,1-Year 10-Month,91282CGY1,22.0
2023-06-30,2023-06-22,Note,4-Year 10-Month,91282CGW5,19.0
2023-06-30,2023-06-21,Bond,19-Year 11-Month,912810TS7,12.0
2023-06-30,2023-06-28,Note,7-Year,91282CHJ3,35.0
2023-07-05,2023-06-29,Bill,4-Week,912797GA9,70.0
2023-07-05,2023-06-29,Bill,8-Week,912797GJ0,60.0
2023-07-05,2023-06-28,Bill,17-Week,912797HD2,46.0
2023-07-06,2023-07-03,Bill,42-Day,912796Z36,50.0
2023-07-06,2023-07-03,Bill,13-Week,912796YJ2,65.0
2023-07-06,2023-07-03,Bill,26-Week,912797FW2,58.0
2023-07-11,2023-07-05,Bill,17-Week,912797HJ9,46.0
2023-07-11,2023-07-06,Bill,8-Week,912797GR2,60.0
2023-07-11,2023-07-06,Bill,4-Week,912797GF8,70.0
2023-07-13,2023-07-11,Bill,42-Day,912796Z44,50.0
2023-07-13,2023-07-11,Bill,52-Week,912797GB7,38.0
2023-07-13,2023-07-10,Bill,13-Week,912797FA0,65.0
2023-07-13,2023-07-10,Bill,26-Week,912797GC5,58.0
2023-07-17,2023-07-12,Note,9-Year 10-Month,91282CHC8,32.0
2023-07-17,2023-07-11,Note,3-Year,91282CHM6,40.0
2023-07-17,2023-07-13,Bond,29-Year 10-Month,912810TR9,18.0
2023-07-18,2023-07-13,Bill,4-Week,912797GG6,70.0
2023-07-18,2023-07-13,Bill,8-Week,912797GS0,60.0
2023-07-18,2023-07-12,Bill,17-Week,912797HK6,46.0
2023-07-20,2023-07-17,Bill,13-Week,912797FB8,65.0
2023-07-20,2023-07-17,Bill,26-Week,912797GD3,58.0
2023-07-20,2023-07-18,Bill,42-Day,912796Z51,50.0
2023-07-25,2023-07-19,Bill,17-Week,912797HL4,46.0
2023-07-25,2023-07-20,Bill,4-Week,912797GH4,70.0
2023-07-25,2023-07-20,Bill,8-Week,912797GT8,60.0
2023-07-27,2023-07-24,Bill,13-Week,912797FC6,65.0
2023-07-27,2023-07-24,Bill,26-Week,912796ZY8,58.0
2023-07-27,2023-07-25,Bill,42-Day,912796YH6,50.0
2023-07-31,2023-07-24,Note,2-Year,91282CHN4,42.0
2023-07-31,2023-07-27,Note,7-Year,91282CHR5,35.0
2023-07-31,2023-07-25,Note,5-Year,91282CHQ7,43.0
2023-07-31,2023-07-26,Note,2-Year,91282CHS3,24.0
2023-07-31,2023-07-20,Note,10-Year,91282CHP9,17.0
2023-07-31,2023-07-19,Bond,19-Year 10-Month,912810TS7,12.0
2023-08-01,2023-07-27,Bill,8-Week,912797GU5,60.0
2023-08-01,2023-07-26,Bill,17-Week,912797HM2,46.0
2023-08-01,2023-07-27,Bill,4-Week,912797GJ0,70.0
2023-08-03,2023-07-31,Bill,26-Week,912797GE1,58.0
2023-08-03,2023-08-01,Bill,42-Day,912796CQ0,50.0
2023-08-03,2023-07-31,Bill,13-Week,912796YT0,65.0
2023-08-08,2023-08-03,Bill,4-Week,912797GR2,70.0
2023-08-08,2023-08-03,Bill,8-Week,912797GV3,60.0
2023-08-08,2023-08-02,Bill,17-Week,912797HN0,46.0
2023-08-10,2023-08-07,Bill,26-Week,912797GM3,60.0
2023-08-10,2023-08-08,Bill,42-Day,912796CR8,55.0
2023-08-10,2023-08-08,Bill,52-Week,912797GK7,40.0
2023-08-10,2023-08-07,Bill,13-Week,912797FJ1,67.0
2023-08-15,2023-08-09,Note,10-Year,91282CHT1,38.0
2023-08-15,2023-08-08,Note,3-Year,91282CHU8,42.0
2023-08-15,2023-08-10,Bill,4-Week,912797GS0,75.0
2023-08-15,2023-08-10,Bill,8-Week,912797HA8,65.0
2023-08-15,2023-08-10,Bond,30-Year,912810TT5,23.0
2023-08-15,2023-08-09,Bill,17-Week,912797HU4,48.0
2023-08-17,2023-08-14,Bill,13-Week,912797FK8,69.0
2023-08-17,2023-08-14,Bill,26-Week,912797GN1,62.0
2023-08-17,2023-08-15,Bill,42-Day,912796CS6,60.0
2023-08-22,2023-08-17,Bill,7-Day,912797GJ0,0.025
2023-08-22,2023-08-17,Bill,4-Week,912797GT8,80.0
2023-08-22,2023-08-17,Bill,8-Week,912797HB6,70.0
2023-08-22,2023-08-16,Bill,17-Week,912797HV2,50.0
2023-08-24,2023-08-22,Bill,42-Day,912796YJ2,60.0
2023-08-24,2023-08-21,Bill,13-Week,912797FL6,69.0
2023-08-24,2023-08-21,Bill,26-Week,912796Z28,62.0
2023-08-25,2023-08-23,Note,1-Year 11-Month,91282CHS3,24.0
2023-08-29,2023-08-24,Bill,4-Week,912797GU5,80.0
2023-08-29,2023-08-23,Bill,17-Week,912797HW0,50.0
2023-08-29,2023-08-24,Bill,8-Week,912797HC4,70.0
2023-08-31,2023-08-24,Bond,29-Year 6-Month,912810TP3,8.0
2023-08-31,2023-08-23,Bond,20-Year,912810TU2,16.0
2023-08-31,2023-08-28,Bill,26-Week,912797GP6,62.0
2023-08-31,2023-08-28,Note,2-Year,91282CHV6,45.0
2023-08-31,2023-08-28,Note,5-Year,91282CHX2,46.0
2023-08-31,2023-08-29,Bill,42-Day,912797FA0,60.0
2023-08-31,2023-08-29,Note,7-Year,91282CHW4,36.0
2023-08-31,2023-08-28,Bill,13-Week,912796ZD4,69.0
2023-09-05,2023-08-31,Bill,8-Week,912797HD2,70.0
2023-09-05,2023-08-30,Bill,17-Week,912797HX8,50.0
2023-09-05,2023-08-31,Bill,4-Week,912797GV3,80.0
2023-09-07,2023-09-05,Bill,52-Week,912797GL5,42.0
2023-09-07,2023-09-05,Bill,42-Day,912797FB8,60.0
2023-09-07,2023-09-05,Bill,13-Week,912797FT9,69.0
2023-09-07,2023-09-05,Bill,26-Week,912797GQ4,62.0
2023-09-12,2023-09-07,Bill,8-Week,912797HJ9,70.0
2023-09-12,2023-09-07,Bill,4-Week,912797HA8,80.0
2023-09-12,2023-09-06,Bill,17-Week,912797HY6,50.0
2023-09-14,2023-09-11,Bill,26-Week,912797GX9,62.0
2023-09-14,2023-09-12,Bill,42-Day,912797FC6,60.0
2023-09-14,2023-09-11,Bill,13-Week,912797FU6,69.0
2023-09-15,2023-09-13,Bond,29-Year 11-Month,912810TT5,20.0
2023-09-15,2023-09-11,Note,3-Year,91282CHY0,44.0
2023-09-15,2023-09-12,Note,9-Year 11-Month,91282CHT1,35.0
2023-09-19,2023-09-14,Bill,4-Week,912797HB6,80.0
2023-09-19,2023-09-14,Bill,8-Week,912797HK6,70.0
2023-09-19,2023-09-13,Bill,17-Week,912797HZ3,50.0
2023-09-21,2023-09-19,Bill,42-Day,912796YT0,60.0
2023-09-21,2023-09-18,Bill,13-Week,912797FV4,69.0
2023-09-21,2023-09-18,Bill,26-Week,912797LL9,62.0
2023-09-26,2023-09-21,Bill,4-Week,912797HC4,80.0
2023-09-26,2023-09-21,Bill,8-Week,912797HL4,70.0
2023-09-26,2023-09-20,Bill,17-Week,912797JA6,50.0
2023-09-28,2023-09-25,Bill,26-Week,912797GY7,62.0
2023-09-28,2023-09-26,Bill,42-Day,912797FJ1,60.0
2023-09-28,2023-09-25,Bill,13-Week,912796ZN2,69.0
2023-09-29,2023-09-27,Note,1-Year 10-Month,91282CHS3,24.0
2023-09-29,2023-09-21,Note,9-Year 10-Month,91282CHP9,15.0
2023-10-02,2023-09-27,Note,5-Year,91282CJA0,49.0
2023-10-02,2023-09-19,Bond,19-Year 11-Month,912810TU2,13.0
2023-10-02,2023-09-28,Note,7-Year,91282CHZ7,37.0
2023-10-02,2023-09-26,Note,2-Year,91282CJB8,48.0
2023-10-03,2023-09-28,Bill,4-Week,912797HD2,85.0
2023-10-03,2023-09-28,Bill,8-Week,912797HM2,75.0
2023-10-03,2023-09-27,Bill,17-Week,912797JB4,52.0
2023-10-05,2023-10-02,Bill,26-Week,912797GZ4,64.0
2023-10-05,2023-10-02,Bill,13-Week,912797FW2,71.0
2023-10-05,2023-10-03,Bill,52-Week,912797GW1,44.0
2023-10-05,2023-10-03,Bill,42-Day,912797FK8,65.0
2023-10-10,2023-10-05,Bill,4-Week,912797HJ9,90.0
2023-10-10,2023-10-04,Bill,17-Week,912797JC2,54.0
2023-10-10,2023-10-05,Bill,8-Week,912797HN0,80.0
2023-10-12,2023-10-10,Bill,13-Week,912797GC5,73.0
2023-10-12,2023-10-10,Bill,26-Week,912797HF7,66.0
2023-10-12,2023-10-10,Bill,43-Day,912797FL6,70.0
2023-10-16,2023-10-12,Bond,29-Year 10-Month,912810TT5,20.0
2023-10-16,2023-10-11,Note,9-Year 10-Month,91282CHT1,35.0
2023-10-16,2023-10-10,Note,3-Year,91282CJC6,46.0
2023-10-17,2023-10-12,Bill,4-Week,912797HK6,95.0
2023-10-17,2023-10-12,Bill,8-Week,912797HU4,85.0
2023-10-17,2023-10-11,Bill,17-Week,912797JD0,56.0
2023-10-19,2023-10-16,Bill,13-Week,912797GD3,75.0
2023-10-19,2023-10-16,Bill,26-Week,912796CX5,68.0
2023-10-19,2023-10-17,Bill,42-Day,912796ZD4,75.0
2023-10-24,2023-10-18,Bill,17-Week,912797JE8,56.0
2023-10-24,2023-10-19,Bill,4-Week,912797HL4,95.0
2023-10-24,2023-10-19,Bill,8-Week,912797HV2,85.0
2023-10-26,2023-10-23,Bill,26-Week,912797HG5,68.0
2023-10-26,2023-10-24,Bill,42-Day,912797FT9,75.0
2023-10-26,2023-10-23,Bill,13-Week,912796ZY8,75.0
2023-10-31,2023-10-26,Bill,4-Week,912797HM2,95.0
2023-10-31,2023-10-25,Bill,17-Week,912797JF5,56.0
2023-10-31,2023-10-24,Note,2-Year,91282CJE2,51.0
2023-10-31,2023-10-26,Bill,8-Week,912797HW0,85.0
2023-10-31,2023-10-26,Note,7-Year,91282CJG7,38.0
2023-10-31,2023-10-19,Note,5-Year,91282CJH5,22.0
2023-10-31,2023-10-18,Bond,19-Year 10-Month,912810TU2,13.0
2023-10-31,2023-10-25,Note,5-Year,91282CJF9,52.0
2023-10-31,2023-10-25,Note,2-Year,91282CJD4,26.0
2023-11-02,2023-10-31,Bill,52-Week,912797HE0,44.0
2023-11-02,2023-10-31,Bill,42-Day,912797FU6,75.0
2023-11-02,2023-10-30,Bill,26-Week,912797HH3,68.0
2023-11-02,2023-10-30,Bill,13-Week,912797GE1,75.0
2023-11-07,2023-11-02,Bill,4-Week,912797HN0,95.0
2023-11-07,2023-11-02,Bill,8-Week,912797HX8,85.0
2023-11-07,2023-11-01,Bill,17-Week,912797JG3,56.0
2023-11-09,2023-11-06,Bill,13-Week,912797GM3,75.0
2023-11-09,2023-11-06,Bill,26-Week,912797HQ3,68.0
2023-11-09,2023-11-07,Bill,42-Day,912797FV4,75.0
2023-11-14,2023-11-08,Bill,17-Week,912797JH1,56.0
2023-11-14,2023-11-09,Bill,4-Week,912797HU4,95.0
2023-11-14,2023-11-09,Bill,8-Week,912797HY6,85.0
2023-11-15,2023-11-09,Bond,30-Year,912810TV0,24.0
2023-11-15,2023-11-08,Note,10-Year,91282CJJ1,40.0
2023-11-15,2023-11-07,Note,3-Year,91282CJK8,48.0
2023-11-16,2023-11-13,Bill,26-Week,912797FH5,68.0
2023-11-16,2023-11-14,Bill,42-Day,912796ZN2,75.0
2023-11-16,2023-11-13,Bill,13-Week,912797GN1,75.0
2023-11-21,2023-11-15,Bill,17-Week,912797JJ7,56.0
2023-11-21,2023-11-16,Bill,4-Week,912797HV2,95.0
2023-11-21,2023-11-16,Bill,8-Week,912797HZ3,85.0
2023-11-24,2023-11-20,Bill,26-Week,912797HR1,68.0
2023-11-24,2023-11-20,Bill,13-Week,912796Z28,75.0
2023-11-24,2023-11-21,Bill,41-Day,912797FW2,75.0
2023-11-24,2023-11-21,Note,1-Year 11-Month,91282CJD4,26.0
2023-11-28,2023-11-22,Bill,8-Week,912797JA6,80.0
2023-11-28,2023-11-22,Bill,4-Week,912797HW0,85.0
2023-11-28,2023-11-22,Bill,17-Week,912797JK4,56.0
2023-11-30,2023-11-27,Note,5-Year,91282CJN2,55.0
2023-11-30,2023-11-20,Bond,20-Year,912810TW8,16.0
2023-11-30,2023-11-27,Bill,26-Week,912797HS9,68.0
2023-11-30,2023-11-28,Bill,42-Day,912797GC5,70.0
2023-11-30,2023-11-28,Bill,52-Week,912797HP5,44.0
2023-11-30,2023-11-27,Bill,13-Week,912797GP6,75.0
2023-11-30,2023-11-28,Note,7-Year,91282CJM4,39.0
2023-11-30,2023-11-27,Note,2-Year,91282CJL6,54.0
2023-11-30,2023-11-21,Note,9-Year 8-Month,91282CHP9,15.0
2023-12-05,2023-11-30,Bill,8-Week,912797JB4,80.0
2023-12-05,2023-11-29,Bill,17-Week,912797JL2,56.0
2023-12-05,2023-11-30,Bill,4-Week,912797HX8,80.0
2023-12-07,2023-12-05,Bill,42-Day,912797GD3,70.0
2023-12-07,2023-12-04,Bill,13-Week,912797GQ4,75.0
2023-12-07,2023-12-04,Bill,26-Week,912797HT7,68.0
2023-12-12,2023-12-06,Bill,17-Week,912797JM0,56.0
2023-12-12,2023-12-07,Bill,4-Week,912797HY6,80.0
2023-12-12,2023-12-07,Bill,8-Week,912797JC2,80.0
2023-12-14,2023-12-11,Bill,13-Week,912797GX9,75.0
2023-12-14,2023-12-12,Bill,42-Day,912796ZY8,70.0
2023-12-14,2023-12-11,Bill,26-Week,912797FS1,68.0
2023-12-15,2023-12-11,Note,9-Year 11-Month,91282CJJ1,37.0
2023-12-15,2023-12-11,Note,3-Year,91282CJP7,50.0
2023-12-15,2023-12-12,Bond,29-Year 11-Month,912810TV0,21.0
2023-12-19,2023-12-14,Bill,4-Week,912797HZ3,80.0
2023-12-19,2023-12-14,Bill,8-Week,912797JD0,80.0
2023-12-19,2023-12-13,Bill,17-Week,912797JN8,56.0
2023-12-21,2023-12-18,Bill,26-Week,912796ZW2,68.0
2023-12-21,2023-12-18,Bill,13-Week,912797LL9,75.0
2023-12-21,2023-12-19,Bill,42-Day,912797GE1,70.0
2023-12-26,2023-12-21,Bill,4-Week,912797JA6,80.0
2023-12-26,2023-12-21,Bill,8-Week,912797JE8,80.0
2023-12-26,2023-12-20,Bill,17-Week,912797JP3,56.0
2023-12-28,2023-12-27,Bill,42-Day,912797GM3,70.0
2023-12-28,2023-12-26,Bill,13-Week,912797GY7,75.0
2023-12-28,2023-12-26,Bill,26-Week,912796Y45,68.0
2023-12-28,2023-12-26,Bill,52-Week,912796ZV4,44.0
2023-12-29,2023-12-21,Note,4-Year 10-Month,91282CJH5,20.0
2023-12-29,2023-12-27,Note,1-Year 10-Month,91282CJD4,26.0
2024-01-02,2023-12-27,Bill,17-Week,912797JQ1,56.0
2024-01-02,2023-12-28,Bill,8-Week,912797JF5,80.0
2024-01-02,2023-12-28,Bill,4-Week,912797JB4,80.0
2024-01-02,2023-12-26,Note,2-Year,91282CJS1,57.0
2024-01-02,2023-12-20,Bond,19-Year 11-Month,912810TW8,13.0
2024-01-02,2023-12-28,Note,7-Year,91282CJQ5,40.0
2024-01-02,2023-12-27,Note,5-Year,91282CJR3,58.0
2024-01-04,2024-01-02,Bill,26-Week,912796Y52,68.0
2024-01-04,2024-01-02,Bill,42-Day,912797GN1,70.0
2024-01-04,2024-01-02,Bill,13-Week,912797GZ4,75.0
2024-01-09,2024-01-04,Bill,8-Week,912797JG3,80.0
2024-01-09,2024-01-03,Bill,17-Week,912797JV0,56.0
2024-01-09,2024-01-04,Bill,4-Week,912797JC2,80.0
2024-01-11,2024-01-09,Bill,42-Day,912796Z28,70.0
2024-01-11,2024-01-08,Bill,26-Week,912797GB7,68.0
2024-01-11,2024-01-08,Bill,13-Week,912797HF7,75.0
2024-01-16,2024-01-11,Bill,8-Week,912797JH1,80.0
2024-01-16,2024-01-11,Bond,29-Year 10-Month,912810TV0,21.0
2024-01-16,2024-01-10,Bill,17-Week,912797JW8,56.0
2024-01-16,2024-01-10,Note,9-Year 10-Month,91282CJJ1,37.0
2024-01-16,2024-01-09,Note,3-Year,91282CJT9,52.0
2024-01-16,2024-01-11,Bill,4-Week,912797JD0,80.0
2024-01-18,2024-01-16,Bill,13-Week,912796CX5,75.0
2024-01-18,2024-01-16,Bill,26-Week,912797JS7,68.0
2024-01-18,2024-01-16,Bill,42-Day,912797GP6,70.0
2024-01-23,2024-01-18,Bill,8-Week,912797JJ7,85.0
2024-01-23,2024-01-17,Bill,17-Week,912797JX6,58.0
2024-01-23,2024-01-18,Bill,4-Week,912797JE8,85.0
2024-01-25,2024-01-23,Bill,52-Week,912797JR9,46.0
2024-01-25,2024-01-22,Bill,13-Week,912797HG5,77.0
2024-01-25,2024-01-23,Bill,42-Day,912797GQ4,75.0
2024-01-25,2024-01-22,Bill,26-Week,912797JT5,70.0
2024-01-30,2024-01-24,Bill,17-Week,912797JY4,60.0
2024-01-30,2024-01-25,Bill,4-Week,912797JF5,90.0
2024-01-30,2024-01-25,Bill,8-Week,912797JK4,90.0
2024-01-31,2024-01-24,Note,5-Year,91282CJW2,61.0
2024-01-31,2024-01-25,Note,7-Year,91282CJX0,41.0
2024-01-31,2024-01-24,Note,2-Year,91282CJU6,28.0
2024-01-31,2024-01-23,Note,2-Year,91282CJV4,60.0
2024-01-31,2024-01-17,Bond,19-Year 10-Month,912810TW8,13.0
2024-01-31,2024-01-18,Note,10-Year,91282CJY8,18.0
2024-02-01,2024-01-29,Bill,26-Week,912797JU2,70.0
2024-02-01,2024-01-30,Bill,42-Day,912797GX9,80.0
2024-02-01,2024-01-29,Bill,13-Week,912797HH3,79.0
2024-02-06,2024-02-01,Bill,4-Week,912797JG3,95.0
2024-02-06,2024-01-31,Bill,17-Week,912797JZ1,60.0
2024-02-06,2024-02-01,Bill,8-Week,912797JL2,90.0
2024-02-08,2024-02-06,Bill,42-Day,912797LL9,80.0
2024-02-08,2024-02-05,Bill,13-Week,912797HQ3,79.0
2024-02-08,2024-02-05,Bill,26-Week,912797GK7,70.0
2024-02-13,2024-02-07,Bill,17-Week,912797KE6,60.0
2024-02-13,2024-02-08,Bill,4-Week,912797JH1,95.0
2024-02-13,2024-02-08,Bill,8-Week,912797JM0,90.0
2024-02-15,2024-02-13,Bill,42-Day,912797GY7,80.0
2024-02-15,2024-02-07,Note,10-Year,91282CJZ5,42.0
2024-02-15,2024-02-06,Note,3-Year,91282CKA8,54.0
2024-02-15,2024-02-12,Bill,13-Week,912797FH5,79.0
2024-02-15,2024-02-12,Bill,26-Week,912797KB2,70.0
2024-02-15,2024-02-08,Bond,30-Year,912810TX6,25.0
2024-02-20,2024-02-15,Bill,8-Week,912797JN8,90.0
2024-02-20,2024-02-15,Bill,4-Week,912797JJ7,95.0
2024-02-20,2024-02-14,Bill,17-Week,912797KF3,60.0
2024-02-22,2024-02-20,Bill,42-Day,912797GZ4,80.0
2024-02-22,2024-02-20,Bill,26-Week,912797KC0,70.0
2024-02-22,2024-02-20,Bill,52-Week,912797KA4,46.0
2024-02-22,2024-02-20,Bill,13-Week,912797HR1,79.0
2024-02-23,2024-02-21,Note,1-Year 11-Month,91282CJU6,28.0
2024-02-27,2024-02-22,Bill,8-Week,912797JP3,90.0
2024-02-27,2024-02-22,Bill,4-Week,912797JK4,95.0
2024-02-27,2024-02-21,Bill,17-Week,912797KG1,60.0
2024-02-29,2024-02-26,Bill,13-Week,912797HS9,79.0
2024-02-29,2024-02-27,Bill,42-Day,912797HF7,80.0
2024-02-29,2024-02-26,Bill,26-Week,912797KD8,70.0
2024-02-29,2024-02-27,Note,7-Year,91282CKC4,42.0
2024-02-29,2024-02-26,Note,2-Year,91282CKB6,63.0
2024-02-29,2024-02-21,Bond,20-Year,912810TZ1,16.0
2024-02-29,2024-02-26,Note,5-Year,91282CKD2,64.0
2024-02-29,2024-02-22,Bond,30-Year,912810TY4,9.0
2024-03-05,2024-02-29,Bill,4-Week,912797JL2,95.0
2024-03-05,2024-02-29,Bill,8-Week,912797JQ1,90.0
2024-03-05,2024-02-28,Bill,17-Week,912797KH9,60.0
2024-03-07,2024-03-05,Bill,42-Day,912796CX5,80.0
2024-03-07,2024-03-04,Bill,13-Week,912797HT7,79.0
2024-03-07,2024-03-04,Bill,26-Week,912797GL5,70.0
2024-03-12,2024-03-07,Bill,4-Week,912797JM0,95.0
2024-03-12,2024-03-07,Bill,8-Week,912797JV0,90.0
2024-03-12,2024-03-06,Bill,17-Week,912797KN6,60.0
2024-03-14,2024-03-12,Bill,42-Day,912797HG5,80.0
2024-03-14,2024-03-11,Bill,13-Week,912797FS1,79.0
2024-03-14,2024-03-11,Bill,26-Week,912797KK2,70.0
2024-03-15,2024-03-13,Bond,29-Year 11-Month,912810TX6,22.0
2024-03-15,2024-03-12,Note,9-Year 11-Month,91282CJZ5,39.0
2024-03-15,2024-03-11,Note,3-Year,91282CKE0,56.0
2024-03-19,2024-03-14,Bill,8-Week,912797JW8,90.0
2024-03-19,2024-03-13,Bill,17-Week,912797KP1,60.0
2024-03-19,2024-03-14,Bill,4-Week,912797JN8,95.0
2024-03-21,2024-03-19,Bill,42-Day,912797HH3,75.0
2024-03-21,2024-03-18,Bill,26-Week,912797KL0,70.0
2024-03-21,2024-03-19,Bill,52-Week,912797KJ5,46.0
2024-03-21,2024-03-18,Bill,13-Week,912796ZW2,76.0
2024-03-26,2024-03-21,Bill,4-Week,912797JP3,85.0
2024-03-26,2024-03-21,Bill,8-Week,912797JX6,85.0
2024-03-26,2024-03-20,Bill,17-Week,912797KQ9,60.0
2024-03-28,2024-03-25,Bill,26-Week,912797KM8,70.0
2024-03-28,2024-03-21,Note,9-Year 10-Month,91282CJY8,16.0
2024-03-28,2024-03-26,Bill,42-Day,912797HQ3,70.0
2024-03-28,2024-03-25,Bill,13-Week,912796Y45,73.0
2024-04-01,2024-03-27,Note,7-Year,91282CKF7,43.0
2024-04-01,2024-03-26,Note,5-Year,91282CKG5,67.0
2024-04-01,2024-03-25,Note,2-Year,91282CKH3,66.0
2024-04-01,2024-03-19,Bond,19-Year 11-Month,912810TZ1,13.0
2024-04-01,2024-03-27,Note,1-Year 10-Month,91282CJU6,28.0
2024-04-02,2024-03-28,Bill,4-Week,912797JQ1,75.0
2024-04-02,2024-03-28,Bill,8-Week,912797JY4,80.0
2024-04-02,2024-03-27,Bill,17-Week,912797KR7,60.0
2024-04-04,2024-04-01,Bill,13-Week,912796Y52,70.0
2024-04-04,2024-04-01,Bill,26-Week,912797GW1,70.0
2024-04-04,2024-04-02,Bill,42-Day,912797FH5,65.0
2024-04-09,2024-04-03,Bill,17-Week,912797KW6,60.0
2024-04-09,2024-04-04,Bill,4-Week,912797JV0,70.0
2024-04-09,2024-04-04,Bill,8-Week,912797JZ1,75.0
2024-04-11,2024-04-08,Bill,26-Week,912797KT3,70.0
2024-04-11,2024-04-09,Bill,42-Day,912797HR1,65.0
2024-04-11,2024-04-08,Bill,13-Week,912797GB7,70.0
2024-04-15,2024-04-11,Bond,29-Year 10-Month,912810TX6,22.0
2024-04-15,2024-04-10,Note,9-Year 10-Month,91282CJZ5,39.0
2024-04-15,2024-04-09,Note,3-Year,91282CKJ9,58.0
2024-04-16,2024-04-11,Bill,4-Week,912797JW8,70.0
2024-04-16,2024-04-11,Bill,8-Week,912797KE6,75.0
2024-04-16,2024-04-10,Bill,17-Week,912797KX4,60.0
2024-04-18,2024-04-15,Bill,13-Week,912797JS7,70.0
2024-04-18,2024-04-16,Bill,52-Week,912797KS5,46.0
2024-04-18,2024-04-15,Bill,26-Week,912797KU0,70.0
2024-04-18,2024-04-16,Bill,42-Day,912797HS9,65.0
2024-04-23,2024-04-18,Bill,4-Week,912797JX6,70.0
2024-04-23,2024-04-18,Bill,8-Week,912797KF3,75.0
2024-04-23,2024-04-17,Bill,17-Week,912797KY2,60.0
2024-04-25,2024-04-22,Bill,13-Week,912797JT5,70.0
2024-04-25,2024-04-22,Bill,26-Week,912797KV8,70.0
2024-04-25,2024-04-23,Bill,42-Day,912797HT7,65.0
2024-04-30,2024-04-24,Note,2-Year,91282CKM2,30.0
2024-04-30,2024-04-17,Bond,19-Year 10-Month,912810TZ1,13.0
2024-04-30,2024-04-23,Note,2-Year,91282CKK6,69.0
2024-04-30,2024-04-24,Bill,17-Week,912797KZ9,60.0
2024-04-30,2024-04-25,Bill,4-Week,912797JY4,70.0
2024-04-30,2024-04-18,Note,5-Year,91282CKL4,23.0
2024-04-30,2024-04-24,Note,5-Year,91282CKP5,70.0
2024-04-30,2024-04-25,Bill,8-Week,912797KG1,75.0
2024-04-30,2024-04-25,Note,7-Year,91282CKN0,44.0
2024-05-02,2024-04-30,Bill,42-Day,912797FS1,65.0
2024-05-02,2024-04-29,Bill,13-Week,912797JU2,70.0
2024-05-02,2024-04-29,Bill,26-Week,912797HE0,70.0
2024-05-07,2024-05-01,Bill,17-Week,912797LA3,60.0
2024-05-07,2024-05-02,Bill,4-Week,912797JZ1,70.0
2024-05-07,2024-05-02,Bill,8-Week,912797KH9,75.0
2024-05-09,2024-05-07,Bill,42-Day,912796ZW2,75.0
2024-05-09,2024-05-06,Bill,13-Week,912797GK7,70.0
2024-05-09,2024-05-06,Bill,26-Week,912797LC9,70.0
2024-05-14,2024-05-09,Bill,4-Week,912797KE6,80.0
2024-05-14,2024-05-08,Bill,17-Week,912797LG0,60.0
2024-05-14,2024-05-09,Bill,8-Week,912797KN6,80.0
2024-05-15,2024-05-09,Bond,30-Year,912810UA4,25.0
2024-05-15,2024-05-08,Note,10-Year,91282CKQ3,42.0
2024-05-15,2024-05-07,Note,3-Year,91282CKR1,58.0
2024-05-16,2024-05-14,Bill,42-Day,912796Y45,75.0
2024-05-16,2024-05-13,Bill,13-Week,912797KB2,70.0
2024-05-16,2024-05-13,Bill,26-Week,912797LD7,70.0
2024-05-16,2024-05-14,Bill,52-Week,912797LB1,46.0
2024-05-21,2024-05-15,Bill,17-Week,912797LH8,60.0
2024-05-21,2024-05-16,Bill,8-Week,912797KP1,80.0
2024-05-21,2024-05-16,Bill,4-Week,912797KF3,80.0
2024-05-23,2024-05-21,Bill,43-Day,912796Y52,75.0
2024-05-23,2024-05-20,Bill,13-Week,912797KC0,70.0
2024-05-23,2024-05-20,Bill,26-Week,912797LE5,70.0
2024-05-28,2024-05-23,Bill,8-Week,912797KQ9,80.0
2024-05-28,2024-05-22,Bill,17-Week,912797LJ4,60.0
2024-05-28,2024-05-23,Bill,4-Week,912797KG1,80.0
2024-05-30,2024-05-28,Bill,42-Day,912797GB7,65.0
2024-05-30,2024-05-28,Bill,13-Week,912797KD8,70.0
2024-05-30,2024-05-28,Bill,26-Week,912797HP5,70.0
2024-05-31,2024-05-29,Note,7-Year,91282CKU4,44.0
2024-05-31,2024-05-28,Note,2-Year,91282CKS9,69.0
2024-05-31,2024-05-28,Note,5-Year,91282CKT7,70.0
2024-05-31,2024-05-23,Note,9-Year 8-Month,91282CJY8,16.0
2024-05-31,2024-05-22,Bond,20-Year,912810UB2,16.0
2024-05-31,2024-05-29,Note,1-Year 11-Month,91282CKM2,28.0
2024-06-04,2024-05-29,Bill,17-Week,912797LK1,60.0
2024-06-04,2024-05-30,Bill,4-Week,912797KH9,70.0
2024-06-04,2024-05-30,Bill,8-Week,912797KR7,70.0
2024-06-06,2024-06-03,Bill,26-Week,912797LF2,70.0
2024-06-06,2024-06-04,Bill,42-Day,912797JS7,60.0
2024-06-06,2024-06-03,Bill,13-Week,912797GL5,70.0
2024-06-11,2024-06-06,Bill,4-Week,912797KN6,70.0
2024-06-11,2024-06-06,Bill,8-Week,912797KW6,70.0
2024-06-11,2024-06-05,Bill,17-Week,912797LS4,60.0
2024-06-13,2024-06-11,Bill,42-Day,912797JT5,60.0
2024-06-13,2024-06-10,Bill,26-Week,912797LP0,70.0
2024-06-13,2024-06-11,Bill,52-Week,912797LN5,46.0
2024-06-13,2024-06-10,Bill,13-Week,912797KK2,70.0
2024-06-17,2024-06-10,Note,3-Year,91282CKV2,58.0
2024-06-17,2024-06-13,Bond,29-Year 11-Month,912810UA4,22.0
2024-06-17,2024-06-11,Note,9-Year 11-Month,91282CKQ3,39.0
2024-06-18,2024-06-13,Bill,4-Week,912797KP1,70.0
2024-06-18,2024-06-13,Bill,8-Week,912797KX4,70.0
2024-06-18,2024-06-12,Bill,17-Week,912797LT2,60.0
2024-06-20,2024-06-17,Bill,42-Day,912797JU2,60.0
2024-06-20,2024-06-17,Bill,13-Week,912797KL0,70.0
2024-06-20,2024-06-17,Bill,26-Week,912797LQ8,70.0
2024-06-25,2024-06-20,Bill,8-Week,912797KY2,70.0
2024-06-25,2024-06-20,Bill,17-Week,912797LU9,60.0
2024-06-25,2024-06-20,Bill,4-Week,912797KQ9,70.0
2024-06-27,2024-06-24,Bill,13-Week,912797KM8,70.0
2024-06-27,2024-06-24,Bill,26-Week,912796ZV4,70.0
2024-06-27,2024-06-25,Bill,42-Day,912797GK7,60.0
2024-06-28,2024-06-26,Note,1-Year 10-Month,91282CKM2,28.0
2024-06-28,2024-06-20,Note,4-Year 10-Month,91282CKL4,21.0
2024-07-01,2024-06-27,Note,7-Year,91282CKW0,44.0
2024-07-01,2024-06-26,Note,5-Year,91282CKX8,70.0
2024-07-01,2024-06-25,Note,2-Year,91282CKY6,69.0
2024-07-01,2024-06-18,Bond,19-Year 11-Month,912810UB2,13.0
2024-07-02,2024-06-27,Bill,4-Week,912797KR7,80.0
2024-07-02,2024-06-27,Bill,8-Week,912797KZ9,75.0
2024-07-02,2024-06-26,Bill,17-Week,912797LV7,60.0
2024-07-05,2024-07-01,Bill,26-Week,912797LR6,70.0
2024-07-05,2024-07-02,Bill,41-Day,912797KB2,65.0
2024-07-05,2024-07-01,Bill,13-Week,912797GW1,73.0
2024-07-09,2024-07-03,Bill,4-Week,912797KW6,85.0
2024-07-09,2024-07-03,Bill,17-Week,912797MA2,60.0
2024-07-09,2024-07-03,Bill,8-Week,912797LA3,80.0
2024-07-11,2024-07-08,Bill,13-Week,912797KT3,76.0
2024-07-11,2024-07-09,Bill,52-Week,912797LW5,46.0
2024-07-11,2024-07-09,Bill,42-Day,912797KC0,70.0
2024-07-11,2024-07-08,Bill,26-Week,912797LX3,70.0
2024-07-15,2024-07-09,Note,3-Year,91282CKZ3,58.0
2024-07-15,2024-07-10,Note,9-Year 10-Month,91282CKQ3,39.0
2024-07-15,2024-07-11,Bond,29-Year 10-Month,912810UA4,22.0
2024-07-16,2024-07-11,Bill,4-Week,912797KX4,90.0
2024-07-16,2024-07-10,Bill,17-Week,912797MB0,60.0
2024-07-16,2024-07-11,Bill,8-Week,912797LG0,85.0
2024-07-18,2024-07-16,Bill,42-Day,912797KD8,70.0
2024-07-18,2024-07-15,Bill,13-Week,912797KU0,76.0
2024-07-18,2024-07-15,Bill,26-Week,912797LY1,70.0
2024-07-23,2024-07-18,Bill,4-Week,912797KY2,90.0
2024-07-23,2024-07-18,Bill,8-Week,912797LH8,85.0
2024-07-23,2024-07-17,Bill,17-Week,912797MC8,60.0
2024-07-25,2024-07-23,Bill,42-Day,912797GL5,70.0
2024-07-25,2024-07-22,Bill,13-Week,912797KV8,76.0
2024-07-25,2024-07-22,Bill,26-Week,912797JR9,70.0
2024-07-30,2024-07-24,Bill,17-Week,912797MD6,60.0
2024-07-30,2024-07-25,Bill,4-Week,912797KZ9,90.0
2024-07-30,2024-07-25,Bill,8-Week,912797LJ4,85.0
2024-07-31,2024-07-25,Note,7-Year,91282CLD1,44.0
2024-07-31,2024-07-24,Note,2-Year,91282CLA7,30.0
2024-07-31,2024-07-24,Note,5-Year,91282CLC3,70.0
2024-07-31,2024-07-23,Note,2-Year,91282CLB5,69.0
2024-07-31,2024-07-17,Bond,19-Year 10-Month,912810UB2,13.0
2024-07-31,2024-07-18,Note,10-Year,91282CLE9,19.0
2024-08-01,2024-07-30,Bill,42-Day,912797KK2,70.0
2024-08-01,2024-07-29,Bill,13-Week,912797HE0,76.0
2024-08-01,2024-07-29,Bill,26-Week,912797LZ8,70.0
2024-08-06,2024-08-01,Bill,8-Week,912797LK1,85.0
2024-08-06,2024-07-31,Bill,17-Week,912797ME4,60.0
2024-08-06,2024-08-01,Bill,4-Week,912797LA3,90.0
2024-08-08,2024-08-06,Bill,42-Day,912797KL0,75.0
2024-08-08,2024-08-06,Bill,52-Week,912797MG9,46.0
2024-08-08,2024-08-05,Bill,13-Week,912797LC9,76.0
2024-08-08,2024-08-05,Bill,26-Week,912797MJ3,70.0
2024-08-13,2024-08-08,Bill,8-Week,912797LS4,90.0
2024-08-13,2024-08-07,Bill,17-Week,912797MN4,60.0
2024-08-13,2024-08-08,Bill,4-Week,912797LG0,95.0
2024-08-15,2024-08-13,Bill,42-Day,912797KM8,75.0
2024-08-15,2024-08-12,Bill,13-Week,912797LD7,76.0
2024-08-15,2024-08-08,Bond,30-Year,912810UC0,25.0
2024-08-15,2024-08-07,Note,10-Year,91282CLF6,42.0
2024-08-15,2024-08-06,Note,3-Year,91282CLG4,58.0
2024-08-15,2024-08-12,Bill,26-Week,912797MK0,70.0
2024-08-20,2024-08-15,Bill,4-Week,912797LH8,95.0
2024-08-20,2024-08-15,Bill,8-Week,912797LT2,90.0
2024-08-20,2024-08-14,Bill,17-Week,912797MP9,60.0
2024-08-22,2024-08-20,Bill,42-Day,912797GW1,75.0
2024-08-22,2024-08-19,Bill,13-Week,912797LE5,76.0
2024-08-22,2024-08-19,Bill,26-Week,912797KA4,70.0
2024-08-27,2024-08-21,Bill,17-Week,912797MQ7,60.0
2024-08-27,2024-08-22,Bill,8-Week,912797LU9,90.0
2024-08-27,2024-08-21,Bill,16-Day,912797KK2,35.0
2024-08-27,2024-08-22,Bill,4-Week,912797LJ4,95.0
2024-08-29,2024-08-27,Bill,42-Day,912797KT3,75.0
2024-08-29,2024-08-26,Bill,13-Week,912797HP5,76.0
2024-08-29,2024-08-26,Bill,26-Week,912797ML8,70.0
2024-08-30,2024-08-28,Note,1-Year 11-Month,91282CLA7,28.0
2024-08-30,2024-08-22,Bond,29-Year 6-Month,912810TY4,8.0
2024-09-03,2024-08-29,Bill,4-Week,912797LK1,85.0
2024-09-03,2024-08-28,Bill,17-Week,912797MR5,60.0
2024-09-03,2024-08-28,Note,5-Year,91282CLK5,70.0
2024-09-03,2024-08-29,Bill,8-Week,912797LV7,80.0
2024-09-03,2024-08-29,Note,7-Year,91282CLJ8,44.0
2024-09-03,2024-08-21,Bond,20-Year,912810UD8,16.0
2024-09-03,2024-08-27,Note,2-Year,91282CLH2,69.0
2024-09-05,2024-09-03,Bill,26-Week,912797MM6,70.0
2024-09-05,2024-09-03,Bill,52-Week,912797MH7,46.0
2024-09-05,2024-09-03,Bill,42-Day,912797KU0,65.0
2024-09-05,2024-09-03,Bill,13-Week,912797LF2,76.0
2024-09-10,2024-09-05,Bill,4-Week,912797LS4,80.0
2024-09-10,2024-09-05,Bill,8-Week,912797MA2,80.0
2024-09-10,2024-09-04,Bill,17-Week,912797MW4,60.0
2024-09-12,2024-09-10,Bill,42-Day,912797KV8,60.0
2024-09-12,2024-09-09,Bill,13-Week,912797LP0,76.0
2024-09-12,2024-09-09,Bill,26-Week,912797MT1,70.0
2024-09-16,2024-09-11,Note,9-Year 11-Month,91282CLF6,39.0
2024-09-16,2024-09-10,Note,3-Year,91282CLL3,58.0
2024-09-16,2024-09-12,Bond,29-Year 11-Month,912810UC0,22.0
2024-09-17,2024-09-11,Bill,17-Week,912797MX2,60.0
2024-09-17,2024-09-12,Bill,4-Week,912797LT2,80.0
2024-09-17,2024-09-12,Bill,8-Week,912797MB0,80.0
2024-09-19,2024-09-17,Bill,42-Day,912797HE0,60.0
2024-09-19,2024-09-16,Bill,13-Week,912797LQ8,76.0
2024-09-19,2024-09-16,Bill,26-Week,912797KJ5,70.0
2024-09-24,2024-09-18,Bill,17-Week,912797MY0,60.0
2024-09-24,2024-09-19,Bill,4-Week,912797LU9,80.0
2024-09-24,2024-09-19,Bill,8-Week,912797MC8,80.0
2024-09-26,2024-09-23,Bill,26-Week,912797MU8,70.0
2024-09-26,2024-09-24,Bill,42-Day,912797LC9,60.0
2024-09-26,2024-09-23,Bill,13-Week,912796ZV4,76.0
2024-09-27,2024-09-25,Note,1-Year 10-Month,91282CLA7,28.0
2024-09-30,2024-09-19,Note,9-Year 10-Month,91282CLE9,17.0
2024-09-30,2024-09-17,Bond,19-Year 11-Month,912810UD8,13.0
2024-09-30,2024-09-26,Note,7-Year,91282CLM1,44.0
2024-09-30,2024-09-24,Note,2-Year,91282CLP4,69.0
2024-09-30,2024-09-25,Note,5-Year,91282CLN9,70.0
2024-10-01,2024-09-26,Bill,4-Week,912797LV7,90.0
2024-10-01,2024-09-26,Bill,8-Week,912797MD6,85.0
2024-10-01,2024-09-25,Bill,17-Week,912797MZ7,62.0
2024-10-03,2024-10-01,Bill,42-Day,912797LD7,70.0
2024-10-03,2024-10-01,Bill,52-Week,912797MS3,48.0
2024-10-03,2024-09-30,Bill,13-Week,912797LR6,79.0
2024-10-03,2024-09-30,Bill,26-Week,912797MV6,72.0
2024-10-08,2024-10-03,Bill,4-Week,912797MA2,95.0
2024-10-08,2024-10-03,Bill,8-Week,912797ME4,90.0
2024-10-08,2024-10-02,Bill,17-Week,912797NF0,64.0
2024-10-10,2024-10-08,Bill,42-Day,912797LE5,80.0
2024-10-10,2024-10-07,Bill,13-Week,912797LX3,81.0
2024-10-10,2024-10-07,Bill,26-Week,912797NB9,72.0
2024-10-15,2024-10-10,Bond,29-Year 10-Month,912810UC0,22.0
2024-10-15,2024-10-10,Bill,4-Week,912797MB0,95.0
2024-10-15,2024-10-10,Bill,8-Week,912797MN4,90.0
2024-10-15,2024-10-09,Note,9-Year 10-Month,91282CLF6,39.0
2024-10-15,2024-10-08,Note,3-Year,91282CLQ2,58.0
2024-10-15,2024-10-09,Bill,17-Week,912797NG8,64.0
2024-10-17,2024-10-15,Bill,13-Week,912797LY1,81.0
2024-10-17,2024-10-15,Bill,26-Week,912797KS5,72.0
2024-10-17,2024-10-15,Bill,43-Day,912797HP5,80.0
2024-10-22,2024-10-17,Bill,4-Week,912797MC8,95.0
2024-10-22,2024-10-17,Bill,8-Week,912797MP9,90.0
2024-10-22,2024-10-16,Bill,17-Week,912797NH6,64.0
2024-10-24,2024-10-22,Bill,42-Day,912797LF2,80.0
2024-10-24,2024-10-21,Bill,26-Week,912797NC7,72.0
2024-10-24,2024-10-21,Bill,13-Week,912797JR9,81.0
2024-10-29,2024-10-23,Bill,17-Week,912797NJ2,64.0
2024-10-29,2024-10-24,Bill,4-Week,912797MD6,95.0
2024-10-29,2024-10-24,Bill,8-Week,912797MQ7,90.0
2024-10-31,2024-10-29,Bill,42-Day,912797LP0,80.0
2024-10-31,2024-10-28,Bill,26-Week,912797ND5,72.0
2024-10-31,2024-10-29,Bill,52-Week,912797NA1,48.0
2024-10-31,2024-10-28,Note,5-Year,91282CLR0,70.0
2024-10-31,2024-10-28,Note,2-Year,91282CLS8,69.0
2024-10-31,2024-10-29,Note,2-Year,91282CLT6,30.0
2024-10-31,2024-10-28,Bill,13-Week,912797LZ8,81.0
2024-10-31,2024-10-24,Note,5-Year,91282CLV1,24.0
2024-10-31,2024-10-29,Note,7-Year,91282CLU3,44.0
2024-10-31,2024-10-23,Bond,19-Year 10-Month,912810UD8,13.0
2024-11-05,2024-10-31,Bill,8-Week,912797MR5,90.0
2024-11-05,2024-10-30,Bill,17-Week,912797NK9,64.0
2024-11-05,2024-10-31,Bill,4-Week,912797ME4,95.0
2024-11-07,2024-11-05,Bill,42-Day,912797LQ8,80.0
2024-11-07,2024-11-04,Bill,26-Week,912797NE3,72.0
2024-11-07,2024-11-04,Bill,13-Week,912797MJ3,81.0
2024-11-12,2024-11-07,Bill,8-Week,912797MW4,90.0
2024-11-12,2024-11-06,Bill,17-Week,912797NQ6,64.0
2024-11-12,2024-11-07,Bill,4-Week,912797MN4,95.0
2024-11-14,2024-11-12,Bill,26-Week,912797LB1,72.0
2024-11-14,2024-11-12,Bill,42-Day,912796ZV4,80.0
2024-11-14,2024-11-12,Bill,13-Week,912797MK0,81.0
2024-11-15,2024-11-06,Bond,30-Year,912810UE6,25.0
2024-11-15,2024-11-05,Note,10-Year,91282CLW9,42.0
2024-11-15,2024-11-04,Note,3-Year,91282CLX7,58.0
2024-11-19,2024-11-13,Bill,17-Week,912797NR4,64.0
2024-11-19,2024-11-14,Bill,4-Week,912797MP9,95.0
2024-11-19,2024-11-14,Bill,8-Week,912797MX2,90.0
2024-11-21,2024-11-20,Bill,40-Day,912797MR5,50.0
2024-11-21,2024-11-19,Bill,42-Day,912797LR6,80.0
2024-11-21,2024-11-18,Bill,13-Week,912797KA4,81.0
2024-11-21,2024-11-18,Bill,26-Week,912797NM5,72.0
2024-11-26,2024-11-21,Bill,4-Week,912797MQ7,95.0
2024-11-26,2024-11-21,Bill,8-Week,912797MY0,90.0
2024-11-26,2024-11-25,Bill,30-Day,912796ZV4,40.0
2024-11-26,2024-11-20,Bill,17-Week,912797NS2,64.0
2024-11-29,2024-11-25,Bill,26-Week,912797NN3,72.0
2024-11-29,2024-11-26,Bill,41-Day,912797LX3,80.0
2024-11-29,2024-11-21,Note,9-Year 8-Month,91282CLE9,17.0
2024-11-29,2024-11-26,Note,1-Year 11-Month,91282CLT6,28.0
2024-11-29,2024-11-25,Bill,13-Week,912797ML8,81.0
2024-11-29,2024-11-26,Bill,52-Week,912797NL7,48.0
2024-12-02,2024-11-25,Note,2-Year,91282CLY5,69.0
2024-12-02,2024-11-20,Bond,20-Year,912810UF3,16.0
2024-12-02,2024-11-26,Note,5-Year,91282CMA6,70.0
2024-12-02,2024-11-27,Note,7-Year,91282CLZ2,44.0
2024-12-03,2024-11-27,Bill,4-Week,912797MR5,95.0
2024-12-03,2024-11-27,Bill,8-Week,912797MZ7,90.0
2024-12-03,2024-11-27,Bill,17-Week,912797NT0,64.0
2024-12-05,2024-12-03,Bill,42-Day,912797LY1,75.0
2024-12-05,2024-12-02,Bill,13-Week,912797MM6,81.0
2024-12-05,2024-12-02,Bill,26-Week,912797NP8,72.0
2024-12-06,2024-12-05,Bill,4-Day,912797MN4,0.025
2024-12-10,2024-12-05,Bill,4-Week,912797MW4,85.0
2024-12-10,2024-12-05,Bill,8-Week,912797NF0,80.0
2024-12-10,2024-12-04,Bill,17-Week,912797NY9,64.0
2024-12-12,2024-12-10,Bill,42-Day,912797JR9,70.0
2024-12-12,2024-12-09,Bill,13-Week,912797MT1,81.0
2024-12-12,2024-12-09,Bill,26-Week,912797LN5,72.0
2024-12-16,2024-12-10,Note,3-Year,91282CMB4,58.0
2024-12-16,2024-12-12,Bond,29-Year 11-Month,912810UE6,22.0
2024-12-16,2024-12-11,Note,9-Year 11-Month,91282CLW9,39.0
2024-12-17,2024-12-12,Bill,4-Week,912797MX2,80.0
2024-12-17,2024-12-12,Bill,8-Week,912797NG8,75.0
2024-12-17,2024-12-11,Bill,17-Week,912797NZ6,64.0
2024-12-19,2024-12-16,Bill,26-Week,912797NV5,72.0
2024-12-19,2024-12-17,Bill,42-Day,912797LZ8,65.0
2024-12-19,2024-12-16,Bill,13-Week,912797KJ5,81.0
2024-12-24,2024-12-19,Bill,8-Week,912797NH6,75.0
2024-12-24,2024-12-18,Bill,17-Week,912797PA9,64.0
2024-12-24,2024-12-19,Bill,4-Week,912797MY0,80.0
2024-12-26,2024-12-23,Bill,13-Week,912797MU8,81.0
2024-12-26,2024-12-23,Bill,26-Week,912797NW3,72.0
2024-12-26,2024-12-23,Bill,42-Day,912797MJ3,65.0
2024-12-26,2024-12-23,Bill,52-Week,912797NU7,48.0
2024-12-27,2024-12-24,Note,1-Year 10-Month,91282CLT6,28.0
2024-12-31,2024-12-24,Note,5-Year,91282CMD0,70.0
2024-12-31,2024-12-26,Bill,8-Week,912797NJ2,70.0
2024-12-31,2024-12-19,Note,4-Year 10-Month,91282CLV1,22.0
2024-12-31,2024-12-26,Bill,4-Week,912797MZ7,75.0
2024-12-31,2024-12-26,Note,7-Year,91282CMC2,44.0
2024-12-31,2024-12-17,Bond,19-Year 11-Month,912810UF3,13.0
2024-12-31,2024-12-23,Note,2-Year,91282CME8,69.0
2024-12-31,2024-12-26,Bill,17-Week,912797PB7,64.0
2025-01-02,2024-12-30,Bill,13-Week,912797MV6,84.0
2025-01-02,2024-12-30,Bill,42-Day,912797MK0,75.0
2025-01-02,2024-12-30,Bill,26-Week,912797NX1,72.0
2025-01-07,2025-01-02,Bill,8-Week,912797NK9,80.0
2025-01-07,2025-01-02,Bill,17-Week,912797PC5,64.0
2025-01-07,2025-01-02,Bill,4-Week,912797NF0,85.0
2025-01-09,2025-01-07,Bill,42-Day,912797KA4,85.0
2025-01-09,2025-01-06,Bill,13-Week,912797NB9,84.0
2025-01-09,2025-01-06,Bill,26-Week,912797LW5,72.0
2025-01-14,2025-01-08,Bill,17-Week,912797PH4,64.0
2025-01-14,2025-01-09,Bill,4-Week,912797NG8,95.0
2025-01-14,2025-01-09,Bill,8-Week,912797NQ6,90.0
2025-01-15,2025-01-07,Note,9-Year 10-Month,91282CLW9,39.0
2025-01-15,2025-01-06,Note,3-Year,91282CMF5,58.0
2025-01-15,2025-01-08,Bond,29-Year 10-Month,912810UE6,22.0
2025-01-16,2025-01-13,Bill,26-Week,912797PE1,72.0
2025-01-16,2025-01-14,Bill,42-Day,912797ML8,85.0
2025-01-16,2025-01-13,Bill,13-Week,912797KS5,84.0
2025-01-21,2025-01-16,Bill,8-Week,912797NR4,90.0
2025-01-21,2025-01-15,Bill,17-Week,912797PJ0,64.0
2025-01-21,2025-01-16,Bill,4-Week,912797NH6,95.0
2025-01-23,2025-01-21,Bill,26-Week,912797PF8,72.0
2025-01-23,2025-01-21,Bill,13-Week,912797NC7,84.0
2025-01-23,2025-01-21,Bill,42-Day,912797MM6,85.0
2025-01-23,2025-01-22,Bill,33-Day,912797NJ2,65.0
2025-01-23,2025-01-21,Bill,52-Week,912797PD3,48.0
2025-01-28,2025-01-23,Bill,4-Week,912797NJ2,95.0
2025-01-28,2025-01-23,Bill,8-Week,912797NS2,90.0
2025-01-28,2025-01-22,Bill,17-Week,912797PK7,64.0
2025-01-30,2025-01-28,Bill,42-Day,912797MT1,85.0
2025-01-30,2025-01-27,Bill,13-Week,912797ND5,84.0
2025-01-30,2025-01-27,Bill,26-Week,912797PG6,72.0
2025-01-31,2025-01-28,Note,2-Year,91282CMJ7,30.0
2025-01-31,2025-01-28,Note,7-Year,91282CMK4,44.0
2025-01-31,2025-01-27,Note,2-Year,91282CMH1,69.0
2025-01-31,2025-01-27,Note,5-Year,91282CMG3,70.0
2025-01-31,2025-01-23,Note,10-Year,91282CML2,20.0
2025-01-31,2025-01-22,Bond,19-Year 10-Month,912810UF3,13.0
2025-02-04,2025-01-30,Bill,4-Week,912797NK9,95.0
2025-02-04,2025-01-30,Bill,8-Week,912797NT0,90.0
2025-02-04,2025-01-29,Bill,17-Week,912797PL5,64.0
2025-02-06,2025-02-03,Bill,13-Week,912797NE3,84.0
2025-02-06,2025-02-03,Bill,26-Week,912797MG9,72.0
2025-02-06,2025-02-04,Bill,42-Day,912797KJ5,85.0
2025-02-11,2025-02-06,Bill,4-Week,912797NQ6,95.0
2025-02-11,2025-02-06,Bill,8-Week,912797NY9,90.0
2025-02-11,2025-02-05,Bill,17-Week,912797PR2,64.0
2025-02-13,2025-02-10,Bill,26-Week,912797PN1,72.0
2025-02-13,2025-02-11,Bill,42-Day,912797MU8,85.0
2025-02-13,2025-02-10,Bill,13-Week,912797LB1,84.0
2025-02-18,2025-02-13,Bond,30-Year,912810UG1,25.0
2025-02-18,2025-02-12,Bill,17-Week,912797PS0,62.0
2025-02-18,2025-02-13,Bill,4-Week,912797NR4,90.0
2025-02-18,2025-02-13,Bill,8-Week,912797NZ6,85.0
2025-02-18,2025-02-12,Note,10-Year,91282CMM0,42.0
2025-02-18,2025-02-11,Note,3-Year,91282CMN8,58.0
2025-02-20,2025-02-18,Bill,6-Week,912797MV6,80.0
2025-02-20,2025-02-18,Bill,13-Week,912797NM5,80.0
2025-02-20,2025-02-18,Bill,26-Week,912797PP6,70.0
2025-02-20,2025-02-18,Bill,52-Week,912797PM3,48.0
2025-02-25,2025-02-19,Bill,17-Week,912797PT8,60.0
2025-02-25,2025-02-20,Bill,4-Week,912797NS2,85.0
2025-02-25,2025-02-20,Bill,8-Week,912797PA9,80.0
2025-02-27,2025-02-25,Bill,6-Week,912797NB9,75.0
2025-02-27,2025-02-24,Bill,13-Week,912797NN3,76.0
2025-02-27,2025-02-24,Bill,26-Week,912797PQ4,68.0
2025-02-28,2025-02-26,Note,1-Year 11-Month,91282CMJ7,28.0
2025-02-28,2025-02-26,Note,7-Year,91282CMR9,44.0
2025-02-28,2025-02-25,Note,5-Year,91282CGQ8,70.0
2025-02-28,2025-02-24,Note,2-Year,91282CMP3,69.0
2025-02-28,2025-02-20,Bond,30-Year,912810UH9,9.0
2025-02-28,2025-02-19,Bond,20-Year,912810UJ5,16.0
2025-03-04,2025-02-27,Bill,4-Week,912797NT0,80.0
2025-03-04,2025-02-26,Bill,17-Week,912797PU5,60.0
2025-03-04,2025-02-27,Bill,8-Week,912797PB7,75.0
2025-03-06,2025-03-04,Bill,12-Day,912797NR4,40.0
2025-03-06,2025-03-03,Bill,13-Week,912797NP8,76.0
2025-03-06,2025-03-03,Bill,26-Week,912797MH7,68.0
2025-03-06,2025-03-04,Bill,6-Week,912797KS5,70.0
2025-03-11,2025-03-06,Bill,4-Week,912797NY9,75.0
2025-03-11,2025-03-06,Bill,8-Week,912797PC5,75.0
2025-03-11,2025-03-05,Bill,17-Week,912797PZ4,60.0
2025-03-13,2025-03-10,Bill,13-Week,912797LN5,76.0
2025-03-13,2025-03-10,Bill,26-Week,912797PW1,68.0
2025-03-13,2025-03-11,Bill,6-Week,912797NC7,70.0
2025-03-17,2025-03-11,Note,3-Year,91282CMS7,58.0
2025-03-17,2025-03-13,Bond,29-Year 11-Month,912810UG1,22.0
2025-03-17,2025-03-12,Note,9-Year 11-Month,91282CMM0,39.0
2025-03-18,2025-03-13,Bill,4-Week,912797NZ6,75.0
2025-03-18,2025-03-13,Bill,8-Week,912797PH4,75.0
2025-03-18,2025-03-12,Bill,17-Week,912797QA8,60.0
2025-03-20,2025-03-17,Bill,13-Week,912797NV5,76.0
2025-03-20,2025-03-18,Bill,6-Week,912797ND5,70.0
2025-03-20,2025-03-18,Bill,52-Week,912797PV3,48.0
2025-03-20,2025-03-17,Bill,26-Week,912797PX9,68.0
2025-03-25,2025-03-20,Bill,8-Week,912797PJ0,75.0
2025-03-25,2025-03-19,Bill,17-Week,912797QB6,60.0
2025-03-25,2025-03-20,Bill,4-Week,912797PA9,75.0
2025-03-27,2025-03-25,Bill,6-Week,912797NE3,70.0
2025-03-27,2025-03-24,Bill,13-Week,912797NW3,76.0
2025-03-27,2025-03-24,Bill,26-Week,912797PY7,68.0
2025-03-28,2025-03-26,Note,1-Year 10-Month,91282CMJ7,28.0
2025-03-31,2025-03-25,Note,2-Year,91282CMV0,69.0
2025-03-31,2025-03-27,Note,7-Year,91282CMT5,44.0
2025-03-31,2025-03-26,Note,5-Year,91282CMU2,70.0
2025-03-31,2025-03-20,Note,9-Year 10-Month,91282CML2,18.0
2025-03-31,2025-03-18,Bond,19-Year 11-Month,912810UJ5,13.0
2025-04-01,2025-03-27,Bill,4-Week,912797PB7,75.0
2025-04-01,2025-03-27,Bill,8-Week,912797PK7,75.0
2025-04-01,2025-03-26,Bill,17-Week,912797QC4,60.0
2025-04-03,2025-04-01,Bill,14-Day,912797KS5,50.0
2025-04-03,2025-04-01,Bill,6-Week,912797LB1,70.0
2025-04-03,2025-03-31,Bill,13-Week,912797NX1,76.0
2025-04-03,2025-03-31,Bill,26-Week,912797MS3,68.0
2025-04-08,2025-04-03,Bill,4-Week,912797PC5,80.0
2025-04-08,2025-04-07,Bill,14-Day,912797PA9,50.0
2025-04-08,2025-04-03,Bill,8-Week,912797PL5,75.0
2025-04-08,2025-04-02,Bill,17-Week,912797QH3,60.0
2025-04-10,2025-04-08,Bill,6-Week,912797NM5,70.0
2025-04-10,2025-04-07,Bill,13-Week,912797LW5,76.0
2025-04-10,2025-04-07,Bill,26-Week,912797QE0,68.0
2025-04-15,2025-04-09,Bill,17-Week,912797QJ9,60.0
2025-04-15,2025-04-09,Note,9-Year 10-Month,91282CMM0,39.0
2025-04-15,2025-04-08,Note,3-Year,91282CMW8,58.0
2025-04-15,2025-04-10,Bond,29-Year 10-Month,912810UG1,22.0
2025-04-15,2025-04-10,Bill,4-Week,912797PH4,85.0
2025-04-15,2025-04-10,Bill,8-Week,912797PR2,75.0
2025-04-17,2025-04-15,Bill,6-Week,912797NN3,70.0
2025-04-17,2025-04-14,Bill,13-Week,912797PE1,76.0
2025-04-17,2025-04-14,Bill,26-Week,912797QF7,68.0
2025-04-17,2025-04-15,Bill,52-Week,912797QD2,48.0
2025-04-22,2025-04-17,Bill,4-Week,912797PJ0,85.0
2025-04-22,2025-04-17,Bill,8-Week,912797PS0,75.0
2025-04-22,2025-04-16,Bill,17-Week,912797QK6,60.0
2025-04-24,2025-04-22,Bill,6-Week,912797NP8,70.0
2025-04-24,2025-04-21,Bill,13-Week,912797PF8,76.0
2025-04-24,2025-04-21,Bill,26-Week,912797QG5,68.0
2025-04-29,2025-04-24,Bill,4-Week,912797PK7,85.0
2025-04-29,2025-04-24,Bill,8-Week,912797PT8,75.0
2025-04-29,2025-04-23,Bill,17-Week,912797QL4,60.0
2025-04-30,2025-04-17,Note,5-Year,91282CNB3,25.0
2025-04-30,2025-04-16,Bond,19-Year 10-Month,912810UJ5,13.0
2025-04-30,2025-04-23,Note,5-Year,91282CMZ1,70.0
2025-04-30,2025-04-24,Note,7-Year,91282CNA5,44.0
2025-04-30,2025-04-22,Note,2-Year,91282CMY4,69.0
2025-04-30,2025-04-23,Note,2-Year,91282CMX6,30.0
2025-05-01,2025-04-28,Bill,26-Week,912797NA1,68.0
2025-05-01,2025-04-28,Bill,13-Week,912797PG6,76.0
2025-05-01,2025-04-29,Bill,6-Week,912797LN5,70.0
2025-05-06,2025-05-01,Bill,8-Week,912797PU5,75.0
2025-05-06,2025-04-30,Bill,17-Week,912797QM2,60.0
2025-05-06,2025-05-01,Bill,4-Week,912797PL5,85.0
2025-05-08,2025-05-06,Bill,6-Week,912797NV5,70.0
2025-05-08,2025-05-05,Bill,13-Week,912797MG9,76.0
2025-05-08,2025-05-05,Bill,26-Week,912797QP5,68.0
2025-05-13,2025-05-07,Bill,17-Week,912797QT7,60.0
2025-05-13,2025-05-08,Bill,8-Week,912797PZ4,75.0
2025-05-13,2025-05-08,Bill,16-Day,912797NN3,25.0
2025-05-13,2025-05-08,Bill,4-Week,912797PR2,85.0
2025-05-15,2025-05-05,Note,3-Year,91282CND9,58.0
2025-05-15,2025-05-06,Note,10-Year,91282CNC1,42.0
2025-05-15,2025-05-12,Bill,13-Week,912797PN1,76.0
2025-05-15,2025-05-08,Bond,30-Year,912810UK2,25.0
2025-05-15,2025-05-13,Bill,6-Week,912797NW3,70.0
2025-05-15,2025-05-12,Bill,26-Week,912797QQ3,68.0
2025-05-15,2025-05-13,Bill,52-Week,912797QN0,48.0
2025-05-20,2025-05-15,Bill,4-Week,912797PS0,85.0
2025-05-20,2025-05-15,Bill,8-Week,912797QA8,75.0
2025-05-20,2025-05-14,Bill,17-Week,912797QU4,60.0
2025-05-22,2025-05-20,Bill,6-Week,912797NX1,70.0
2025-05-22,2025-05-19,Bill,13-Week,912797PP6,76.0
2025-05-22,2025-05-19,Bill,26-Week,912797QR1,68.0
2025-05-27,2025-05-21,Bill,17-Week,912797QV2,60.0
2025-05-27,2025-05-22,Bill,8-Week,912797QB6,75.0
2025-05-27,2025-05-22,Bill,4-Week,912797PT8,85.0
2025-05-29,2025-05-27,Bill,6-Week,912797LW5,70.0
2025-05-29,2025-05-27,Bill,26-Week,912797NL7,68.0
2025-05-29,2025-05-27,Bill,13-Week,912797PQ4,76.0
2025-05-30,2025-05-28,Note,1-Year 11-Month,91282CMX6,28.0
2025-05-30,2025-05-22,Note,9-Year 8-Month,91282CML2,18.0
2025-06-02,2025-05-29,Note,7-Year,91282CNF4,44.0
2025-06-02,2025-05-21,Bond,20-Year,912810UL0,16.0
2025-06-02,2025-05-28,Note,5-Year,91282CNG2,70.0
2025-06-02,2025-05-27,Note,2-Year,91282CNE7,69.0
2025-06-03,2025-05-29,Bill,4-Week,912797PU5,75.0
2025-06-03,2025-05-28,Bill,17-Week,912797QW0,60.0
2025-06-03,2025-05-29,Bill,8-Week,912797QC4,65.0
2025-06-05,2025-06-02,Bill,13-Week,912797MH7,76.0
2025-06-05,2025-06-02,Bill,26-Week,912797QS9,68.0
2025-06-05,2025-06-03,Bill,6-Week,912797PE1,60.0
2025-06-10,2025-06-05,Bill,4-Week,912797PZ4,65.0
2025-06-10,2025-06-05,Bill,8-Week,912797QH3,55.0
2025-06-10,2025-06-04,Bill,17-Week,912797RB5,60.0
2025-06-12,2025-06-10,Bill,6-Week,912797PF8,55.0
2025-06-12,2025-06-09,Bill,13-Week,912797PW1,76.0
2025-06-12,2025-06-10,Bill,52-Week,912797QX8,48.0
2025-06-12,2025-06-09,Bill,26-Week,912797QY6,68.0
2025-06-16,2025-06-12,Bond,29-Year 11-Month,912810UK2,22.0
2025-06-16,2025-06-11,Note,9-Year 11-Month,91282CNC1,39.0
2025-06-16,2025-06-10,Note,3-Year,91282CNH0,58.0
2025-06-17,2025-06-12,Bill,4-Week,912797QA8,65.0
2025-06-17,2025-06-11,Bill,17-Week,912797RC3,60.0
2025-06-17,2025-06-12,Bill,8-Week,912797QJ9,55.0
2025-06-20,2025-06-16,Bill,26-Week,912797QZ3,68.0
2025-06-20,2025-06-16,Bill,13-Week,912797PX9,76.0
2025-06-20,2025-06-17,Bill,6-Week,912797PG6,55.0
2025-06-24,2025-06-18,Bill,8-Week,912797QK6,55.0
2025-06-24,2025-06-18,Bill,17-Week,912797RD1,60.0
2025-06-24,2025-06-18,Bill,4-Week,912797QB6,65.0
2025-06-26,2025-06-24,Bill,6-Week,912797MG9,55.0
2025-06-26,2025-06-23,Bill,13-Week,912797PY7,76.0
2025-06-26,2025-06-23,Bill,26-Week,912797NU7,68.0
2025-06-27,2025-06-25,Note,1-Year 10-Month,91282CMX6,28.0
2025-06-30,2025-06-25,Note,5-Year,91282CNK3,70.0
2025-06-30,2025-06-17,Note,4-Year 10-Month,91282CNB3,23.0
2025-06-30,2025-06-24,Note,2-Year,91282CNL1,69.0
2025-06-30,2025-06-16,Bond,19-Year 11-Month,912810UL0,13.0
2025-06-30,2025-06-26,Note,7-Year,91282CNJ6,44.0
2025-07-01,2025-06-26,Bill,8-Week,912797QL4,50.0
2025-07-01,2025-06-25,Bill,17-Week,912797RE9,63.0
2025-07-01,2025-06-26,Bill,77-Day,912797QU4,60.0
2025-07-01,2025-06-26,Bill,4-Week,912797QC4,60.0
2025-07-03,2025-07-01,Bill,6-Week,912797PN1,50.0
2025-07-03,2025-06-30,Bill,13-Week,912797MS3,79.0
2025-07-03,2025-06-30,Bill,26-Week,912797RA7,71.0
2025-07-08,2025-07-03,Bill,77-Day,912797QV2,60.0
2025-07-08,2025-07-03,Bill,4-Week,912797QH3,55.0
2025-07-08,2025-07-03,Bill,8-Week,912797QM2,45.0
2025-07-08,2025-07-02,Bill,17-Week,912797RM1,65.0
2025-07-10,2025-07-07,Bill,26-Week,912797RH2,73.0
2025-07-10,2025-07-08,Bill,52-Week,912797RF6,50.0
2025-07-10,2025-07-08,Bill,6-Week,912797PP6,50.0
2025-07-10,2025-07-07,Bill,13-Week,912797QE0,82.0
2025-07-15,2025-07-10,Bill,4-Week,912797QJ9,80.0
2025-07-15,2025-07-10,Bond,29-Year 10-Month,912810UK2,22.0
2025-07-15,2025-07-08,Note,3-Year,91282CNM9,58.0
2025-07-15,2025-07-09,Note,9-Year 10-Month,91282CNC1,39.0
2025-07-15,2025-07-10,Bill,8-Week,912797QT7,70.0
2025-07-15,2025-07-09,Bill,17-Week,912797RN9,65.0
2025-07-17,2025-07-14,Bill,26-Week,912797RJ8,73.0
2025-07-17,2025-07-15,Bill,6-Week,912797PQ4,70.0
2025-07-17,2025-07-14,Bill,13-Week,912797QF7,82.0
2025-07-22,2025-07-17,Bill,4-Week,912797QK6,90.0
2025-07-22,2025-07-16,Bill,17-Week,912797RP4,65.0
2025-07-22,2025-07-17,Bill,8-Week,912797QU4,80.0
2025-07-24,2025-07-21,Bill,13-Week,912797QG5,82.0
2025-07-24,2025-07-21,Bill,26-Week,912797PD3,73.0
2025-07-24,2025-07-22,Bill,6-Week,912797MH7,80.0
2025-07-29,2025-07-24,Bill,8-Week,912797QV2,85.0
2025-07-29,2025-07-24,Bill,4-Week,912797QL4,95.0
2025-07-29,2025-07-23,Bill,17-Week,912797RQ2,65.0
2025-07-31,2025-07-29,Bill,6-Week,912797PW1,80.0
2025-07-31,2025-07-29,Note,2-Year,91282CNQ0,30.0
2025-07-31,2025-07-28,Bill,13-Week,912797NA1,82.0
2025-07-31,2025-07-29,Note,7-Year,91282CNR8,44.0
2025-07-31,2025-07-28,Bill,26-Week,912797RK5,73.0
2025-07-31,2025-07-28,Note,2-Year,91282CNP2,69.0
2025-07-31,2025-07-28,Note,5-Year,91282CNN7,70.0
2025-07-31,2025-07-23,Bond,19-Year 10-Month,912810UL0,13.0
2025-07-31,2025-07-24,Note,10-Year,91282CNS6,21.0
2025-08-05,2025-07-31,Bill,8-Week,912797QW0,85.0
2025-08-05,2025-07-31,Bill,4-Week,912797QM2,95.0
2025-08-05,2025-07-30,Bill,17-Week,912797RR0,65.0
2025-08-07,2025-08-05,Bill,6-Week,912797PX9,85.0
2025-08-07,2025-08-04,Bill,26-Week,912797RL3,73.0
2025-08-07,2025-08-04,Bill,13-Week,912797QP5,82.0
2025-08-07,2025-08-05,Bill,52-Week,912797RG4,50.0
2025-08-12,2025-08-06,Bill,17-Week,912797RW9,65.0
2025-08-12,2025-08-07,Bill,4-Week,912797QT7,100.0
2025-08-12,2025-08-07,Bill,8-Week,912797RB5,85.0
2025-08-14,2025-08-12,Bill,6-Week,912797PY7,85.0
2025-08-14,2025-08-11,Bill,13-Week,912797QQ3,82.0
2025-08-14,2025-08-11,Bill,26-Week,912797RT6,73.0
2025-08-15,2025-08-05,Note,3-Year,91282CNU1,58.0
2025-08-15,2025-08-07,Bond,30-Year,912810UM8,25.0
2025-08-15,2025-08-06,Note,10-Year,91282CNT4,42.0
2025-08-19,2025-08-14,Bill,4-Week,912797QU4,100.0
2025-08-19,2025-08-14,Bill,8-Week,912797RC3,85.0
2025-08-19,2025-08-13,Bill,17-Week,912797RX7,65.0
2025-08-21,2025-08-18,Bill,26-Week,912797PM3,73.0
2025-08-21,2025-08-19,Bill,6-Week,912797MS3,85.0
2025-08-21,2025-08-18,Bill,13-Week,912797QR1,82.0
2025-08-26,2025-08-20,Bill,17-Week,912797RY5,65.0
2025-08-26,2025-08-21,Bill,4-Week,912797QV2,100.0
2025-08-26,2025-08-21,Bill,8-Week,912797RD1,85.0
2025-08-28,2025-08-26,Bill,6-Week,912797QE0,85.0
2025-08-28,2025-08-25,Bill,13-Week,912797NL7,82.0
2025-08-28,2025-08-25,Bill,26-Week,912797RU3,73.0
2025-08-29,2025-08-27,Note,1-Year 11-Month,91282CNQ0,28.0
2025-08-29,2025-08-21,Bond,29-Year 6-Month,912810UH9,8.0
2025-09-02,2025-08-28,Note,7-Year,91282CNW7,44.0
2025-09-02,2025-08-27,Note,5-Year,91282CNX5,70.0
2025-09-02,2025-08-28,Bill,4-Week,912797QW0,100.0
2025-09-02,2025-08-27,Bill,17-Week,912797RZ2,65.0
2025-09-02,2025-08-26,Note,2-Year,91282CNV9,69.0
2025-09-02,2025-08-20,Bond,20-Year,912810UN6,16.0
2025-09-02,2025-08-28,Bill,8-Week,912797RE9,85.0
2025-09-04,2025-09-02,Bill,6-Week,912797QF7,85.0
2025-09-04,2025-09-02,Bill,26-Week,912797RV1,73.0
2025-09-04,2025-09-02,Bill,52-Week,912797RS8,50.0
2025-09-04,2025-09-02,Bill,13-Week,912797QS9,82.0
2025-09-09,2025-09-03,Bill,17-Week,912797SE8,65.0
2025-09-09,2025-09-04,Bill,8-Week,912797RM1,85.0
2025-09-09,2025-09-04,Bill,4-Week,912797RB5,100.0
2025-09-11,2025-09-09,Bill,6-Week,912797QG5,85.0
2025-09-11,2025-09-08,Bill,13-Week,912797QY6,82.0
2025-09-11,2025-09-08,Bill,26-Week,912797SB4,73.0
2025-09-15,2025-09-11,Bond,29-Year 11-Month,912810UM8,22.0
2025-09-15,2025-09-10,Note,9-Year 11-Month,91282CNT4,39.0
2025-09-15,2025-09-09,Note,3-Year,91282CNY3,58.0
2025-09-16,2025-09-11,Bill,8-Week,912797RN9,85.0
2025-09-16,2025-09-11,Bill,4-Week,912797RC3,100.0
2025-09-16,2025-09-10,Bill,17-Week,912797SF5,65.0
2025-09-18,2025-09-16,Bill,6-Week,912797NA1,85.0
2025-09-18,2025-09-15,Bill,13-Week,912797QZ3,82.0
2025-09-18,2025-09-15,Bill,26-Week,912797PV3,73.0
2025-09-23,2025-09-18,Bill,8-Week,912797RP4,85.0
2025-09-23,2025-09-18,Bill,4-Week,912797RD1,100.0
2025-09-23,2025-09-17,Bill,17-Week,912797SG3,65.0
2025-09-25,2025-09-22,Bill,13-Week,912797NU7,82.0
2025-09-25,2025-09-23,Bill,6-Week,912797QP5,85.0
2025-09-25,2025-09-22,Bill,26-Week,912797SC2,73.0
2025-09-26,2025-09-24,Note,1-Year 10-Month,91282CNQ0,28.0
2025-09-30,2025-09-24,Note,5-Year,91282CPA3,70.0
2025-09-30,2025-09-25,Note,7-Year,91282CNZ0,44.0
2025-09-30,2025-09-23,Note,2-Year,91282CPB1,69.0
2025-09-30,2025-09-16,Bond,19-Year 11-Month,912810UN6,13.0
2025-09-30,2025-09-25,Bill,4-Week,912797RE9,100.0
2025-09-30,2025-09-24,Bill,17-Week,912797SH1,65.0
2025-09-30,2025-09-25,Bill,8-Week,912797RQ2,85.0
2025-09-30,2025-09-18,Note,9-Year 10-Month,91282CNS6,19.0
2025-10-02,2025-09-30,Bill,52-Week,912797SA6,50.0
2025-10-02,2025-09-30,Bill,6-Week,912797QQ3,85.0
2025-10-02,2025-09-29,Bill,13-Week,912797RA7,82.0
2025-10-02,2025-09-29,Bill,26-Week,912797SD0,73.0
2025-10-07,2025-10-02,Bill,4-Week,912797RM1,105.0
2025-10-07,2025-10-02,Bill,8-Week,912797RR0,90.0
2025-10-07,2025-10-01,Bill,17-Week,912797SJ7,67.0
2025-10-09,2025-10-07,Bill,6-Week,912797QR1,90.0
2025-10-09,2025-10-06,Bill,13-Week,912797RH2,84.0
2025-10-09,2025-10-06,Bill,26-Week,912797SL2,75.0
2025-10-14,2025-10-09,Bill,8-Week,912797RW9,95.0
2025-10-14,2025-10-09,Bill,4-Week,912797RN9,110.0
2025-10-14,2025-10-08,Bill,17-Week,912797SQ1,69.0
2025-10-15,2025-10-09,Bond,29-Year 10-Month,912810UM8,22.0
2025-10-15,2025-10-08,Note,9-Year 10-Month,91282CNT4,39.0
2025-10-15,2025-10-07,Note,3-Year,91282CPC9,58.0
2025-10-16,2025-10-14,Bill,13-Week,912797RJ8,86.0
2025-10-16,2025-10-14,Bill,6-Week,912797NL7,95.0
2025-10-16,2025-10-14,Bill,26-Week,912797QD2,77.0
2025-10-21,2025-10-16,Bill,4-Week,912797RP4,110.0
2025-10-21,2025-10-16,Bill,8-Week,912797RX7,95.0
2025-10-21,2025-10-15,Bill,17-Week,912797SR9,69.0
2025-10-23,2025-10-20,Bill,26-Week,912797SM0,77.0
2025-10-23,2025-10-21,Bill,6-Week,912797QS9,95.0
2025-10-23,2025-10-20,Bill,13-Week,912797PD3,86.0
2025-10-28,2025-10-23,Bill,4-Week,912797RQ2,110.0
2025-10-28,2025-10-23,Bill,8-Week,912797RY5,95.0
2025-10-28,2025-10-22,Bill,17-Week,912797SS7,69.0
2025-10-30,2025-10-27,Bill,13-Week,912797RK5,86.0
2025-10-30,2025-10-28,Bill,6-Week,912797QY6,95.0
2025-10-30,2025-10-27,Bill,26-Week,912797SN8,77.0
2025-10-30,2025-10-28,Bill,52-Week,912797SK4,50.0
2025-10-31,2025-10-27,Note,5-Year,91282CPD7,70.0
2025-10-31,2025-10-27,Note,2-Year,91282CPE5,69.0
2025-10-31,2025-10-29,Note,2-Year,91282CPG0,30.0
2025-10-31,2025-10-23,Note,5-Year,91282CPH8,26.0
2025-10-31,2025-10-22,Bond,19-Year 10-Month,912810UN6,13.0
2025-10-31,2025-10-28,Note,7-Year,91282CPF2,44.0
2025-11-04,2025-10-30,Bill,4-Week,912797RR0,110.0
2025-11-04,2025-10-30,Bill,8-Week,912797RZ2,95.0
2025-11-04,2025-10-29,Bill,17-Week,912797ST5,69.0
2025-11-06,2025-11-04,Bill,6-Week,912797QZ3,95.0
2025-11-06,2025-11-03,Bill,13-Week,912797RL3,86.0
2025-11-06,2025-11-03,Bill,26-Week,912797SP3,77.0
2025-11-12,2025-11-06,Bill,8-Week,912797SE8,95.0
2025-11-12,2025-11-06,Bill,4-Week,912797RW9,110.0
2025-11-12,2025-11-05,Bill,17-Week,912797SY4,69.0
2025-11-13,2025-11-10,Bill,13-Week,912797RT6,86.0
2025-11-13,2025-11-10,Bill,26-Week,912797QN0,77.0
2025-11-13,2025-11-10,Bill,6-Week,912797NU7,95.0
2025-11-17,2025-11-13,Bond,30-Year,912810UP1,25.0
2025-11-17,2025-11-10,Note,3-Year,91282CPK1,58.0
2025-11-17,2025-11-12,Note,10-Year,91282CPJ4,42.0
2025-11-18,2025-11-12,Bill,17-Week,912797SZ1,69.0
2025-11-18,2025-11-13,Bill,8-Week,912797SF5,95.0
2025-11-18,2025-11-13,Bill,4-Week,912797RX7,110.0
2025-11-20,2025-11-17,Bill,13-Week,912797PM3,86.0
2025-11-20,2025-11-18,Bill,6-Week,912797RA7,95.0
2025-11-20,2025-11-17,Bill,26-Week,912797SV0,77.0
2025-11-25,2025-11-20,Bill,8-Week,912797SG3,95.0
2025-11-25,2025-11-19,Bill,17-Week,912797TA5,69.0
2025-11-25,2025-11-20,Bill,4-Week,912797RY5,110.0
2025-11-28,2025-11-20,Note,9-Year 8-Month,91282CNS6,19.0
2025-11-28,2025-11-25,Bill,6-Week,912797RH2,85.0
2025-11-28,2025-11-24,Bill,26-Week,912797SW8,77.0
2025-11-28,2025-11-25,Note,1-Year 11-Month,91282CPG0,28.0
2025-11-28,2025-11-24,Bill,13-Week,912797RU3,86.0
2025-11-28,2025-11-25,Bill,52-Week,912797SU2,50.0
2025-12-01,2025-11-26,Note,7-Year,91282CPM7,44.0
2025-12-01,2025-11-19,Bond,20-Year,912810UQ9,16.0
2025-12-01,2025-11-24,Note,2-Year,91282CPL9,69.0
2025-12-01,2025-11-25,Note,5-Year,91282CPN5,70.0
2025-12-02,2025-11-26,Bill,8-Week,912797SH1,85.0
2025-12-02,2025-11-26,Bill,4-Week,912797RZ2,100.0
2025-12-02,2025-11-26,Bill,17-Week,912797TB3,69.0
2025-12-04,2025-12-02,Bill,6-Week,912797RJ8,75.0
2025-12-04,2025-12-01,Bill,13-Week,912797RV1,86.0
2025-12-04,2025-12-01,Bill,26-Week,912797SX6,77.0
2025-12-08,2025-12-04,Bill,2-Day,912797A72,0.025
2025-12-09,2025-12-04,Bill,4-Week,912797SE8,90.0
2025-12-09,2025-12-04,Bill,8-Week,912797SJ7,80.0
2025-12-09,2025-12-03,Bill,17-Week,912797TG2,69.0
2025-12-11,2025-12-09,Bill,6-Week,912797PD3,75.0
2025-12-11,2025-12-08,Bill,13-Week,912797SB4,86.0
2025-12-11,2025-12-08,Bill,26-Week,912797QX8,77.0
2025-12-15,2025-12-08,Note,3-Year,91282CPP0,58.0
2025-12-15,2025-12-11,Bond,29-Year 11-Month,912810UP1,22.0
2025-12-15,2025-12-09,Note,9-Year 11-Month,91282CPJ4,39.0
2025-12-16,2025-12-10,Bill,17-Week,912797TH0,69.0
2025-12-16,2025-12-11,Bill,4-Week,912797SF5,85.0
2025-12-16,2025-12-11,Bill,8-Week,912797SQ1,80.0
2025-12-18,2025-12-15,Bill,26-Week,912797TD9,77.0
2025-12-18,2025-12-16,Bill,6-Week,912797RK5,75.0
2025-12-18,2025-12-15,Bill,13-Week,912797PV3,86.0
2025-12-23,2025-12-18,Bill,8-Week,912797SR9,80.0
2025-12-23,2025-12-18,Bill,4-Week,912797SG3,80.0
2025-12-23,2025-12-17,Bill,17-Week,912797TJ6,69.0
2025-12-26,2025-12-23,Note,1-Year 10-Month,91282CPG0,28.0
2025-12-26,2025-12-23,Bill,6-Week,912797RL3,75.0
2025-12-26,2025-12-23,Bill,52-Week,912797TC1,50.0
2025-12-26,2025-12-22,Bill,13-Week,912797SC2,86.0
2025-12-26,2025-12-22,Bill,26-Week,912797TE7,77.0
2025-12-30,2025-12-24,Bill,4-Week,912797SH1,80.0
2025-12-30,2025-12-24,Bill,8-Week,912797SS7,80.0
2025-12-30,2025-12-24,Bill,17-Week,912797TK3,69.0
2025-12-31,2025-12-18,Note,4-Year 10-Month,91282CPH8,24.0
2025-12-31,2025-12-22,Note,2-Year,91282CPS4,69.0
2025-12-31,2025-12-17,Bond,19-Year 11-Month,912810UQ9,13.0
2025-12-31,2025-12-24,Note,7-Year,91282CPQ8,44.0
2025-12-31,2025-12-23,Note,5-Year,91282CPR6,70.0
2026-01-02,2025-12-29,Bill,26-Week,912797TF4,77.0
2026-01-02,2025-12-29,Bill,13-Week,912797SD0,86.0
2026-01-02,2025-12-30,Bill,6-Week,912797RT6,75.0
2026-01-06,2025-12-31,Bill,8-Week,912797ST5,80.0
2026-01-06,2025-12-31,Bill,17-Week,912797TL1,69.0
2026-01-06,2025-12-31,Bill,4-Week,912797SJ7,80.0
2026-01-08,2026-01-06,Bill,6-Week,912797PM3,75.0
2026-01-08,2026-01-05,Bill,13-Week,912797SL2,86.0
2026-01-08,2026-01-05,Bill,26-Week,912797RF6,77.0
2026-01-13,2026-01-07,Bill,17-Week,912797TR8,69.0
2026-01-13,2026-01-08,Bill,8-Week,912797SY4,80.0
2026-01-13,2026-01-08,Bill,4-Week,912797SQ1,80.0
2026-01-15,2026-01-13,Bill,6-Week,912797RU3,75.0
2026-01-15,2026-01-12,Bill,26-Week,912797TN7,77.0
2026-01-15,2026-01-12,Note,3-Year,91282CPT2,58.0
2026-01-15,2026-01-12,Note,9-Year 10-Month,91282CPJ4,39.0
2026-01-15,2026-01-12,Bill,13-Week,912797QD2,86.0
2026-01-15,2026-01-13,Bond,29-Year 10-Month,912810UP1,22.0
2026-01-20,2026-01-14,Bill,17-Week,912797TS6,69.0
2026-01-20,2026-01-15,Bill,4-Week,912797SR9,95.0
2026-01-20,2026-01-15,Bill,8-Week,912797SZ1,90.0
2026-01-22,2026-01-20,Bill,52-Week,912797TM9,50.0
2026-01-22,2026-01-20,Bill,6-Week,912797RV1,85.0
2026-01-22,2026-01-20,Bill,26-Week,912797TP2,77.0
2026-01-22,2026-01-20,Bill,13-Week,912797SM0,89.0
2026-01-27,2026-01-21,Bill,17-Week,912797TT4,69.0
2026-01-27,2026-01-22,Bill,8-Week,912797TA5,95.0
2026-01-27,2026-01-22,Bill,4-Week,912797SS7,105.0
2026-01-29,2026-01-26,Bill,13-Week,912797SN8,89.0
2026-01-29,2026-01-27,Bill,6-Week,912797SB4,90.0
2026-01-29,2026-01-26,Bill,26-Week,912797TQ0,77.0
2026-01-30,2026-01-22,Note,10-Year,91282CPU9,21.0
2026-02-02,2026-01-28,Note,2-Year,91282CPX3,30.0
2026-02-02,2026-01-26,Note,2-Year,91282CGH8,69.0
2026-02-02,2026-01-21,Bond,19-Year 10-Month,912810UQ9,13.0
2026-02-02,2026-01-29,Note,7-Year,91282CPY1,44.0
2026-02-02,2026-01-27,Note,5-Year,91282CPW5,70.0
2026-02-03,2026-01-29,Bill,4-Week,912797ST5,105.0
2026-02-03,2026-01-29,Bill,8-Week,912797TB3,95.0
2026-02-03,2026-01-28,Bill,17-Week,912797TU1,69.0
2026-02-05,2026-02-02,Bill,13-Week,912797SP3,89.0
2026-02-05,2026-02-03,Bill,6-Week,912797PV3,90.0
2026-02-05,2026-02-02,Bill,26-Week,912797RG4,77.0
2026-02-10,2026-02-05,Bill,4-Week,912797SY4,105.0
2026-02-10,2026-02-05,Bill,8-Week,912797TG2,95.0
2026-02-10,2026-02-04,Bill,17-Week,912797TZ0,69.0
2026-02-12,2026-02-09,Bill,13-Week,912797QN0,89.0
2026-02-12,2026-02-09,Bill,26-Week,912797TW7,77.0
2026-02-12,2026-02-10,Bill,6-Week,912797SC2,90.0
2026-02-17,2026-02-10,Note,3-Year,91282CQA2,58.0
2026-02-17,2026-02-12,Bill,4-Week,912797SZ1,105.0
2026-02-17,2026-02-11,Bill,17-Week,912797UA3,69.0
2026-02-17,2026-02-12,Bond,30-Year,912810UR7,25.0
2026-02-17,2026-02-11,Note,10-Year,91282CPZ8,42.0
2026-02-17,2026-02-12,Bill,8-Week,912797TH0,95.0
2026-02-19,2026-02-17,Bill,26-Week,912797TX5,77.0
2026-02-19,2026-02-17,Bill,52-Week,912797TV9,50.0
2026-02-19,2026-02-17,Bill,6-Week,912797SD0,90.0
2026-02-19,2026-02-17,Bill,13-Week,912797SV0,89.0
2026-02-24,2026-02-18,Bill,17-Week,912797UB1,69.0
2026-02-24,2026-02-19,Bill,4-Week,912797TA5,105.0
2026-02-24,2026-02-19,Bill,8-Week,912797TJ6,95.0
2026-02-26,2026-02-23,Bill,13-Week,912797SW8,89.0
2026-02-26,2026-02-24,Bill,6-Week,912797SL2,90.0
2026-02-26,2026-02-23,Bill,26-Week,912797TY3,77.0
2026-02-27,2026-02-25,Note,1-Year 11-Month,91282CPX3,28.0
2026-02-27,2026-02-19,Bond,30-Year,912810US5,9.0
2026-03-02,2026-02-24,Note,2-Year,91282CQB0,69.0
2026-03-02,2026-02-25,Note,5-Year,91282CQD6,70.0
2026-03-02,2026-02-26,Note,7-Year,91282CQC8,44.0
2026-03-02,2026-02-18,Bond,20-Year,912810UT3,16.0
2026-03-03,2026-02-26,Bill,8-Week,912797TK3,95.0
2026-03-03,2026-02-25,Bill,17-Week,912797UC9,69.0
2026-03-03,2026-02-26,Bill,4-Week,912797TB3,105.0
2026-03-05,2026-03-02,Bill,26-Week,912797RS8,77.0
2026-03-05,2026-03-02,Bill,13-Week,912797SX6,89.0
2026-03-05,2026-03-03,Bill,6-Week,912797QD2,90.0
2026-03-10,2026-03-05,Bill,8-Week,912797TL1,95.0
2026-03-10,2026-03-04,Bill,17-Week,912797UN5,69.0
2026-03-10,2026-03-05,Bill,4-Week,912797TG2,105.0
2026-03-12,2026-03-09,Bill,26-Week,912797UF2,77.0
2026-03-12,2026-03-09,Bill,13-Week,912797QX8,89.0
2026-03-12,2026-03-10,Bill,6-Week,912797SM0,90.0
2026-03-16,2026-03-11,Note,9-Year 11-Month,91282CPZ8,39.0
2026-03-16,2026-03-10,Note,3-Year,91282CQE4,58.0
2026-03-16,2026-03-12,Bond,29-Year 11-Month,912810UR7,22.0
2026-03-17,2026-03-11,Bill,17-Week,912797UP0,69.0
2026-03-17,2026-03-12,Bill,8-Week,912797TR8,90.0
2026-03-17,2026-03-12,Bill,4-Week,912797TH0,100.0
2026-03-19,2026-03-17,Bill,52-Week,912797UD7,50.0
2026-03-19,2026-03-16,Bill,26-Week,912797UG0,77.0
2026-03-19,2026-03-16,Bill,13-Week,912797TD9,89.0
2026-03-19,2026-03-17,Bill,6-Week,912797SN8,85.0
2026-03-24,2026-03-19,Bill,4-Week,912797TJ6,90.0
2026-03-24,2026-03-19,Bill,8-Week,912797TS6,85.0
2026-03-24,2026-03-18,Bill,17-Week,912797UQ8,69.0
2026-03-26,2026-03-23,Bill,26-Week,912797UH8,77.0
2026-03-26,2026-03-24,Bill,6-Week,912797SP3,80.0
2026-03-26,2026-03-23,Bill,13-Week,912797TE7,89.0
2026-03-27,2026-03-25,Note,1-Year 10-Month,91282CPX3,28.0
2026-03-31,2026-03-19,Note,9-Year 10-Month,91282CPU9,19.0
2026-03-31,2026-03-25,Note,5-Year,91282CQG9,70.0
2026-03-31,2026-03-17,Bond,19-Year 11-Month,912810UT3,13.0
2026-03-31,2026-03-24,Note,2-Year,91282CQH7,69.0
2026-03-31,2026-03-26,Bill,8-Week,912797TT4,80.0
2026-03-31,2026-03-25,Bill,17-Week,912797UR6,69.0
2026-03-31,2026-03-26,Bill,4-Week,912797TK3,85.0
2026-03-31,2026-03-26,Note,7-Year,91282CQF1,44.0
2026-04-02,2026-03-31,Bill,6-Week,912797QN0,75.0
2026-04-02,2026-03-30,Bill,13-Week,912797TF4,89.0
2026-04-02,2026-03-30,Bill,26-Week,912797SA6,77.0
2026-04-07,2026-04-02,Bill,4-Week,912797TL1,80.0
2026-04-07,2026-04-02,Bill,8-Week,912797TU1,75.0
2026-04-07,2026-04-01,Bill,17-Week,912797US4,69.0
2026-04-09,2026-04-06,Bill,26-Week,912797UJ4,77.0
2026-04-09,2026-04-07,Bill,6-Week,912797SV0,70.0
2026-04-09,2026-04-06,Bill,13-Week,912797RF6,89.0
2026-04-14,2026-04-08,Bill,17-Week,912797UT2,69.0
2026-04-14,2026-04-09,Bill,8-Week,912797TZ0,75.0
2026-04-14,2026-04-09,Bill,4-Week,912797TR8,80.0
2026-04-15,2026-04-08,Note,9-Year 10-Month,91282CPZ8,39.0
2026-04-15,2026-04-09,Bond,29-Year 10-Month,912810UR7,22.0
2026-04-15,2026-04-07,Note,3-Year,91282CQJ3,58.0
2026-04-16,2026-04-14,Bill,52-Week,912797UE5,50.0
2026-04-16,2026-04-13,Bill,26-Week,912797UK1,77.0
2026-04-16,2026-04-13,Bill,13-Week,912797TN7,89.0
2026-04-16,2026-04-14,Bill,6-Week,912797SW8,70.0
2026-04-21,2026-04-16,Bill,8-Week,912797UA3,75.0
2026-04-21,2026-04-16,Bill,4-Week,912797TS6,80.0
2026-04-21,2026-04-15,Bill,17-Week,912797UU9,69.0
2026-04-23,2026-04-20,Bill,26-Week,912797UL9,77.0
2026-04-23,2026-04-20,Bill,13-Week,912797TP2,89.0
2026-04-23,2026-04-21,Bill,6-Week,912797SX6,70.0
2026-04-28,2026-04-23,Bill,4-Week,912797TT4,80.0
2026-04-28,2026-04-23,Bill,8-Week,912797UB1,75.0
2026-04-28,2026-04-22,Bill,17-Week,912797UV7,69.0
2026-04-30,2026-04-27,Bill,13-Week,912797TQ0,89.0
2026-04-30,2026-04-27,Note,2-Year,91282CQL8,69.0
2026-04-30,2026-04-23,Note,5-Year,91282CQP9,26.0
2026-04-30,2026-04-22,Bond,19-Year 10-Month,912810UT3,13.0
2026-04-30,2026-04-27,Bill,26-Week,912797SK4,77.0
2026-04-30,2026-04-27,Note,5-Year,91282CQK0,70.0
2026-04-30,2026-04-28,Note,7-Year,91282CQN4,44.0
2026-04-30,2026-04-28,Note,2-Year,91282CQM6,30.0
2026-04-30,2026-04-28,Bill,6-Week,912797QX8,70.0
2026-05-05,2026-04-30,Bill,4-Week,912797TU1,80.0
2026-05-05,2026-04-29,Bill,17-Week,912797UW5,69.0
2026-05-05,2026-04-30,Bill,8-Week,912797UC9,75.0
2026-05-07,2026-05-04,Bill,26-Week,912797UM7,77.0
2026-05-07,2026-05-05,Bill,6-Week,912797TD9,75.0
2026-05-07,2026-05-04,Bill,13-Week,912797RG4,89.0
2026-05-12,2026-05-07,Bill,8-Week,912797UN5,85.0
2026-05-12,2026-05-07,Bill,4-Week,912797TZ0,90.0
2026-05-12,2026-05-06,Bill,17-Week,912797VB0,69.0
2026-05-14,2026-05-12,Bill,6-Week,912797TE7,80.0
2026-05-14,2026-05-12,Bill,52-Week,912797UX3,50.0
2026-05-14,2026-05-11,Bill,26-Week,912797UY1,77.0
2026-05-14,2026-05-11,Bill,13-Week,912797TW7,89.0
2026-05-15,2026-05-13,Bond,30-Year,912810UU0,25.0
2026-05-15,2026-05-12,Note,10-Year,91282CQQ7,42.0
2026-05-15,2026-05-11,Note,3-Year,91282CQR5,58.0
2026-05-19,2026-05-14,Bill,8-Week,912797UP0,95.0
2026-05-19,2026-05-14,Bill,4-Week,912797UA3,100.0
2026-05-19,2026-05-13,Bill,17-Week,912797VC8,69.0
2026-05-21,2026-05-18,Bill,13-Week,912797TX5,89.0
2026-05-21,2026-05-19,Bill,6-Week,912797TF4,85.0
2026-05-21,2026-05-18,Bill,26-Week,912797UZ8,77.0
2026-05-22,2026-05-21,Bill,27-Day,912797TD9,25.0
2026-05-26,2026-05-21,Bill,4-Week,912797UB1,100.0
2026-05-26,2026-05-20,Bill,17-Week,912797VD6,69.0
2026-05-26,2026-05-21,Bill,8-Week,912797UQ8,95.0
2026-05-28,2026-05-26,Bill,13-Week,912797TY3,89.0
2026-05-28,2026-05-26,Bill,6-Week,912797RF6,85.0
2026-05-28,2026-05-26,Bill,26-Week,912797SU2,77.0
2026-05-29,2026-05-21,Note,9-Year 8-Month,91282CPU9,19.0
2026-05-29,2026-05-27,Note,1-Year 11-Month,91282CQM6,28.0
2026-06-01,2026-05-20,Bond,20-Year,912810UV8,16.0
2026-06-01,2026-05-27,Note,5-Year,91282CQU8,70.0
2026-06-01,2026-05-28,Note,7-Year,91282CQT1,44.0
2026-06-01,2026-05-26,Note,2-Year,91282CQS3,69.0
2026-06-02,2026-05-27,Bill,17-Week,912797VE4,69.0
2026-06-02,2026-05-28,Bill,8-Week,912797UR6,80.0
2026-06-02,2026-05-28,Bill,4-Week,912797UC9,85.0
2026-06-04,2026-06-02,Bill,6-Week,912797TN7,75.0
2026-06-04,2026-06-01,Bill,13-Week,912797RS8,89.0
2026-06-04,2026-06-01,Bill,26-Week,912797VA2,77.0
2026-06-09,2026-06-03,Bill,17-Week,912797VK0,69.0
2026-06-09,2026-06-04,Bill,4-Week,912797UN5,75.0
2026-06-09,2026-06-04,Bill,8-Week,912797US4,75.0
2026-06-11,2026-06-09,Bill,6-Week,912797TP2,65.0
2026-06-11,2026-06-09,Bill,52-Week,912797VF1,50.0
2026-06-11,2026-06-08,Bill,26-Week,912797VG9,77.0
2026-06-11,2026-06-08,Bill,13-Week,912797UF2,89.0
2026-06-15,2026-06-11,Bond,29-Year 11-Month,912810UU0,22.0
2026-06-15,2026-06-10,Note,9-Year 11-Month,91282CQQ7,39.0
2026-06-15,2026-06-09,Note,3-Year,91282CQV6,58.0
2026-06-16,2026-06-11,Bill,8-Week,912797UT2,75.0
2026-06-16,2026-06-10,Bill,17-Week,912797VL8,69.0
2026-06-16,2026-06-11,Bill,4-Week,912797UP0,70.0
2026-06-18,2026-06-15,Bill,26-Week,912797VH7,77.0
2026-06-18,2026-06-15,Bill,13-Week,912797UG0,89.0
2026-06-18,2026-06-16,Bill,6-Week,912797TQ0,65.0
2026-06-22,2026-06-16,Bond,19-Year 11-Month,912810UV8,13.0
2026-06-23,2026-06-18,Bill,8-Week,912797UU9,75.0
2026-06-23,2026-06-18,Bill,4-Week,912797UQ8,70.0
2026-06-23,2026-06-17,Bill,17-Week,912797VM6,69.0
2026-06-25,2026-06-22,Bill,13-Week,912797UH8,89.0
2026-06-25,2026-06-23,Bill,6-Week,912797RG4,65.0
2026-06-25,2026-06-22,Bill,26-Week,912797TC1,77.0
2026-06-26,2026-06-24,Note,1-Year 10-Month,91282CQM6,28.0
2026-06-30,2026-06-18,Note,4-Year 10-Month,91282CQP9,24.0
2026-06-30,2026-06-24,Note,5-Year,91282CQX2,70.0
2026-06-30,2026-06-23,Note,2-Year,91282CQY0,69.0
2026-06-30,2026-06-25,Note,7-Year,91282CQW4,44.0
2026-06-30,2026-06-24,Bill,17-Week,912797VN4,69.0
2026-06-30,2026-06-25,Bill,8-Week,912797UV7,75.0
2026-06-30,2026-06-25,Bill,4-Week,912797UR6,70.0
2026-07-02,2026-06-29,Bill,13-Week,912797SA6,92.0
2026-07-02,2026-06-29,Bill,26-Week,912797VJ3,79.0
2026-07-02,2026-06-30,Bill,6-Week,912797TW7,80.0
2026-07-07,2026-07-01,Bill,17-Week,912797VP9,72.0
2026-07-07,2026-07-02,Bill,4-Week,912797US4,85.0
2026-07-07,2026-07-02,Bill,8-Week,912797UW5,85.0
2026-07-09,2026-07-06,Bill,13-Week,912797UJ4,92.0
2026-07-09,2026-07-07,Bill,52-Week,912797VQ7,52.0
2026-07-09,2026-07-07,Bill,6-Week,912797TX5,90.0
2026-07-09,2026-07-06,Bill,26-Week,912797VS3,79.0
2026-07-14,2026-07-08,Bill,17-Week,912797VW4,72.0
2026-07-14,2026-07-09,Bill,4-Week,912797UT2,100.0
2026-07-14,2026-07-09,Bill,8-Week,912797VB0,95.0
2026-07-15,2026-07-07,Note,3-Year,91282CQZ7,58.0
2026-07-15,2026-07-08,Note,9-Year 10-Month,91282CQQ7,39.0
2026-07-15,2026-07-09,Bond,29-Year 10-Month,912810UU0,22.0
2026-07-16,2026-07-13,Bill,26-Week,912797VT1,79.0
2026-07-16,2026-07-14,Bill,6-Week,912797TY3,95.0
2026-07-16,2026-07-13,Bill,13-Week,912797UK1,92.0
2026-07-21,2026-07-16,Bill,4-Week,912797UU9,110.0
2026-07-21,2026-07-16,Bill,8-Week,912797VC8,100.0
2026-07-21,2026-07-15,Bill,17-Week,912797VX2,72.0
2026-07-23,2026-07-20,Bill,26-Week,912797TM9,79.0
2026-07-23,2026-07-21,Bill,6-Week,912797RS8,95.0
2026-07-23,2026-07-20,Bill,13-Week,912797UL9,92.0
2026-07-24,2026-07-22,Bond,19-Year 10-Month,912810UV8,13.0
2026-07-28,2026-07-23,Bill,8-Week,912797VD6,100.0
2026-07-28,2026-07-23,Bill,4-Week,912797UV7,110.0
2026-07-28,2026-07-22,Bill,17-Week,912797VY0,72.0
2026-07-30,2026-07-28,Bill,6-Week,912797UF2,95.0
2026-07-30,2026-07-27,Bill,26-Week,912797VU8,79.0
2026-07-30,2026-07-27,Bill,13-Week,912797SK4,92.0
2026-07-31,2026-07-27,Note,2-Year,91282CRB9,69.0
2026-07-31,2026-07-28,Note,7-Year,91282CRC7,44.0
2026-07-31,2026-07-23,Note,10-Year,91282CRE3,21.0
2026-07-31,2026-07-29,Note,2-Year,91282CRD5,30.0
2026-07-31,2026-07-27,Note,5-Year,91282CRA1,70.0
