observation_date,USGSEC
1973-01-03,90446.0
1973-01-10,90096.0
1973-01-17,90215.0
1973-01-24,89362.0
1973-01-31,90011.0
1973-02-07,88257.0
1973-02-14,87338.0
1973-02-21,85393.0
1973-02-28,85327.0
1973-03-07,85118.0
1973-03-14,85085.0
1973-03-21,85230.0
1973-03-28,85415.0
1973-04-04,86337.0
1973-04-11,85762.0
1973-04-18,85097.0
1973-04-25,84998.0
1973-05-02,84820.0
1973-05-09,84185.0
1973-05-16,82580.0
1973-05-23,82326.0
1973-05-30,83013.0
1973-06-06,83500.0
1973-06-13,83314.0
1973-06-20,82969.0
1973-06-27,82895.0
1973-07-04,83012.0
1973-07-11,82824.0
1973-07-18,82276.0
1973-07-25,81889.0
1973-08-01,81197.0
1973-08-08,81028.0
1973-08-15,82164.0
1973-08-22,81229.0
1973-08-29,80759.0
1973-09-05,82918.0
1973-09-12,83053.0
1973-09-19,81967.0
1973-09-26,81810.0
1973-10-03,82259.0
1973-10-10,83467.0
1973-10-17,83196.0
1973-10-24,83971.0
1973-10-31,84186.0
1973-11-07,86889.0
1973-11-14,87065.0
1973-11-21,88460.0
1973-11-28,87620.0
1973-12-05,90674.0
1973-12-12,90574.0
1973-12-19,89551.0
1973-12-26,89865.0
1974-01-02,89825.0
1974-01-09,90634.0
1974-01-16,91031.0
1974-01-23,91438.0
1974-01-30,90817.0
1974-02-06,90534.0
1974-02-13,90236.0
1974-02-20,90083.0
1974-02-27,90011.0
1974-03-06,92313.0
1974-03-13,91500.0
1974-03-20,90330.0
1974-03-27,90429.0
1974-04-03,91873.0
1974-04-10,92994.0
1974-04-17,91874.0
1974-04-24,89424.0
1974-05-01,88776.0
1974-05-08,88803.0
1974-05-15,87512.0
1974-05-22,87158.0
1974-05-29,86680.0
1974-06-05,88224.0
1974-06-12,87394.0
1974-06-19,87003.0
1974-06-26,85541.0
1974-07-03,85064.0
1974-07-10,84273.0
1974-07-17,83774.0
1974-07-24,83298.0
1974-07-31,84697.0
1974-08-07,85863.0
1974-08-14,85539.0
1974-08-21,84145.0
1974-08-28,84372.0
1974-09-04,84444.0
1974-09-11,85284.0
1974-09-18,83871.0
1974-09-25,82430.0
1974-10-02,81526.0
1974-10-09,81927.0
1974-10-16,82611.0
1974-10-23,82357.0
1974-10-30,82687.0
1974-11-06,84858.0
1974-11-13,85326.0
1974-11-20,86031.0
1974-11-27,84982.0
1974-12-04,86665.0
1974-12-11,87847.0
1974-12-18,88650.0
1974-12-25,88433.0
1975-01-01,88705.0
1975-01-08,89740.0
1975-01-15,88957.0
1975-01-22,87563.0
1975-01-29,86221.0
1975-02-05,86505.0
1975-02-12,86497.0
1975-02-19,88119.0
1975-02-26,86944.0
1975-03-05,90589.0
1975-03-12,91225.0
1975-03-19,92122.0
1975-03-26,93388.0
1975-04-02,95041.0
1975-04-09,97878.0
1975-04-16,98176.0
1975-04-23,96679.0
1975-04-30,98148.0
1975-05-07,99068.0
1975-05-14,99077.0
1975-05-21,98773.0
1975-05-28,99633.0
1975-06-04,100181.0
1975-06-11,103101.0
1975-06-18,103759.0
1975-06-25,101930.0
1975-07-02,102989.0
1975-07-09,103765.0
1975-07-16,103544.0
1975-07-23,103601.0
1975-07-30,103883.0
1975-08-06,104884.0
1975-08-13,105983.0
1975-08-20,106162.0
1975-08-27,106778.0
1975-09-03,108842.0
1975-09-10,110614.0
1975-09-17,110725.0
1975-09-24,110587.0
1975-10-01,111085.0
1975-10-08,111433.0
1975-10-15,110122.0
1975-10-22,111248.0
1975-10-29,110136.0
1975-11-05,113527.0
1975-11-12,112993.0
1975-11-19,113670.0
1975-11-26,114463.0
1975-12-03,114915.0
1975-12-10,117054.0
1975-12-17,119121.0
1975-12-24,117694.0
1975-12-31,120061.0
1976-01-07,119078.0
1976-01-14,120293.0
1976-01-21,118612.0
1976-01-28,119743.0
1976-02-04,120177.0
1976-02-11,120009.0
1976-02-18,121436.0
1976-02-25,120214.0
1976-03-03,121518.0
1976-03-10,121794.0
1976-03-17,124874.0
1976-03-24,124729.0
1976-03-31,125182.0
1976-04-07,129108.0
1976-04-14,129525.0
1976-04-21,129094.0
1976-04-28,125915.0
1976-05-05,126550.0
1976-05-12,126656.0
1976-05-19,127150.0
1976-05-26,125733.0
1976-06-02,127603.0
1976-06-09,126972.0
1976-06-16,126899.0
1976-06-23,125069.0
1976-06-30,126164.0
1976-07-07,124046.0
1976-07-14,124814.0
1976-07-21,124047.0
1976-07-28,123631.0
1976-08-04,126155.0
1976-08-11,125435.0
1976-08-18,126861.0
1976-08-25,126515.0
1976-09-01,126312.0
1976-09-08,125617.0
1976-09-15,127398.0
1976-09-22,127792.0
1976-09-29,127585.0
1976-10-06,127799.0
1976-10-13,128938.0
1976-10-20,128028.0
1976-10-27,128501.0
1976-11-03,128679.0
1976-11-10,129327.0
1976-11-17,133337.0
1976-11-24,133183.0
1976-12-01,133715.0
1976-12-08,135501.0
1976-12-15,138116.0
1976-12-22,137847.0
1976-12-29,139014.0
1977-01-05,138476.0
1977-01-12,139393.0
1977-01-19,139059.0
1977-01-26,136990.0
1977-02-02,136493.0
1977-02-09,137700.0
1977-02-16,139613.0
1977-02-23,139087.0
1977-03-02,141096.0
1977-03-09,142702.0
1977-03-16,143165.0
1977-03-23,142277.0
1977-03-30,141764.0
1977-04-06,144508.0
1977-04-13,143128.0
1977-04-20,143373.0
1977-04-27,139703.0
1977-05-04,140105.0
1977-05-11,140653.0
1977-05-18,139640.0
1977-05-25,138511.0
1977-06-01,138388.0
1977-06-08,140520.0
1977-06-15,141846.0
1977-06-22,139437.0
1977-06-29,137883.0
1977-07-06,136983.0
1977-07-13,137340.0
1977-07-20,137412.0
1977-07-27,135890.0
1977-08-03,136518.0
1977-08-10,135488.0
1977-08-17,137314.0
1977-08-24,136520.0
1977-08-31,135757.0
1977-09-07,137874.0
1977-09-14,136564.0
1977-09-21,136336.0
1977-09-28,134938.0
1977-10-05,133682.0
1977-10-12,132979.0
1977-10-19,134995.0
1977-10-26,134399.0
1977-11-02,133786.0
1977-11-09,134076.0
1977-11-16,135469.0
1977-11-23,135126.0
1977-11-30,135290.0
1977-12-07,137487.0
1977-12-14,137585.0
1977-12-21,137703.0
1977-12-28,137341.0
1978-01-04,137318.0
1978-01-11,136773.0
1978-01-18,136344.0
1978-01-25,135659.0
1978-02-01,137408.0
1978-02-08,137164.0
1978-02-15,139058.0
1978-02-22,138796.0
1978-03-01,138996.0
1978-03-08,141811.0
1978-03-15,141383.0
1978-03-22,139357.0
1978-03-29,138627.0
1978-04-05,142320.0
1978-04-12,143344.0
1978-04-19,142588.0
1978-04-26,140817.0
1978-05-03,140658.0
1978-05-10,140803.0
1978-05-17,137757.0
1978-05-24,137317.0
1978-05-31,137685.0
1978-06-07,139427.0
1978-06-14,140035.0
1978-06-21,139560.0
1978-06-28,137628.0
1978-07-05,137560.0
1978-07-12,137596.0
1978-07-19,137728.0
1978-07-26,137790.0
1978-08-02,137802.0
1978-08-09,137310.0
1978-08-16,138065.0
1978-08-23,137920.0
1978-08-30,137215.0
1978-09-06,138932.0
1978-09-13,138896.0
1978-09-20,139867.0
1978-09-27,138719.0
1978-10-04,138923.0
1978-10-11,138374.0
1978-10-18,137957.0
1978-10-25,137870.0
1978-11-01,137524.0
1978-11-08,137789.0
1978-11-15,139350.0
1978-11-22,138147.0
1978-11-29,138005.0
1978-12-06,137804.0
1978-12-13,138537.0
1978-12-20,138759.0
1978-12-27,139273.0
1979-01-03,136534.2
1979-01-10,136659.2
1979-01-17,136889.3
1979-01-24,137500.4
1979-01-31,136102.1
1979-02-07,135828.8
1979-02-14,136027.4
1979-02-21,136952.1
1979-02-28,136216.4
1979-03-07,136833.7
1979-03-14,137479.3
1979-03-21,139077.6
1979-03-28,138538.3
1979-04-04,140543.1
1979-04-11,140086.5
1979-04-18,140850.4
1979-04-25,139992.7
1979-05-02,138975.7
1979-05-09,139862.6
1979-05-16,140549.0
1979-05-23,140542.6
1979-05-30,140159.3
1979-06-06,140798.1
1979-06-13,141055.7
1979-06-20,140440.4
1979-06-27,139647.7
1979-07-04,139972.3
1979-07-11,140900.1
1979-07-18,140833.7
1979-07-25,141315.3
1979-08-01,140292.9
1979-08-08,139360.7
1979-08-15,140232.0
1979-08-22,140181.4
1979-08-29,140719.4
1979-09-05,141994.6
1979-09-12,142924.3
1979-09-19,142744.3
1979-09-26,143660.4
1979-10-03,141047.4
1979-10-10,143880.3
1979-10-17,144300.3
1979-10-24,144627.4
1979-10-31,144136.6
1979-11-07,143750.0
1979-11-14,145364.1
1979-11-21,145026.6
1979-11-28,145520.1
1979-12-05,145437.4
1979-12-12,146584.5
1979-12-19,146587.7
1979-12-26,146501.8
1980-01-02,144605.0
1980-01-09,144313.7
1980-01-16,144300.6
1980-01-23,144885.6
1980-01-30,144929.3
1980-02-06,145746.2
1980-02-13,146487.2
1980-02-20,147001.6
1980-02-27,147320.7
1980-03-05,148888.1
1980-03-12,148812.9
1980-03-19,147940.0
1980-03-26,149347.3
1980-04-02,146291.2
1980-04-09,148040.0
1980-04-16,148187.8
1980-04-23,148131.5
1980-04-30,149106.3
1980-05-07,148060.5
1980-05-14,148114.3
1980-05-21,150858.2
1980-05-28,151193.2
1980-06-04,151194.8
1980-06-11,151376.7
1980-06-18,151045.6
1980-06-25,153885.8
1980-07-02,153940.4
1980-07-09,154305.0
1980-07-16,155754.3
1980-07-23,156809.5
1980-07-30,157147.1
1980-08-06,159192.3
1980-08-13,158892.3
1980-08-20,161388.3
1980-08-27,161777.6
1980-09-03,163557.8
1980-09-10,161643.9
1980-09-17,163576.8
1980-09-24,163641.7
1980-10-01,165636.8
1980-10-08,164170.3
1980-10-15,164672.7
1980-10-22,165415.7
1980-10-29,165374.9
1980-11-05,167952.8
1980-11-12,169040.1
1980-11-19,169614.1
1980-11-26,170503.8
1980-12-03,169800.2
1980-12-10,170790.9
1980-12-17,171298.6
1980-12-24,171333.8
1980-12-31,173266.8
1981-01-07,172948.0
1981-01-14,174300.7
1981-01-21,174715.7
1981-01-28,173925.5
1981-02-04,175021.2
1981-02-11,174789.3
1981-02-18,174649.4
1981-02-25,175782.6
1981-03-04,176368.5
1981-03-11,175929.1
1981-03-18,176053.9
1981-03-25,174125.7
1981-04-01,178123.2
1981-04-08,177153.9
1981-04-15,176974.6
1981-04-22,179016.4
1981-04-29,179347.8
1981-05-06,180139.7
1981-05-13,180909.7
1981-05-20,179420.6
1981-05-27,179495.3
1981-06-03,181233.4
1981-06-10,182561.0
1981-06-17,183208.8
1981-06-24,181694.0
1981-07-01,179277.7
1981-07-08,181157.6
1981-07-15,181892.8
1981-07-22,181060.5
1981-07-29,182431.3
1981-08-05,182744.6
1981-08-12,182409.4
1981-08-19,180721.1
1981-08-26,181662.7
1981-09-02,180187.6
1981-09-09,180329.6
1981-09-16,181553.2
1981-09-23,181284.3
1981-09-30,181764.1
1981-10-07,181387.5
1981-10-14,180276.6
1981-10-21,180782.1
1981-10-28,181847.3
1981-11-04,179739.2
1981-11-11,178558.2
1981-11-18,177067.6
1981-11-25,177870.1
1981-12-02,177551.8
1981-12-09,179026.5
1981-12-16,179181.3
1981-12-23,180279.8
1981-12-30,181507.3
1982-01-06,178702.3
1982-01-13,180490.8
1982-01-20,181859.0
1982-01-27,182502.9
1982-02-03,181758.6
1982-02-10,182859.8
1982-02-17,183725.4
1982-02-24,182829.3
1982-03-03,181110.9
1982-03-10,179475.3
1982-03-17,182183.4
1982-03-24,182174.3
1982-03-31,184884.0
1982-04-07,187946.6
1982-04-14,185786.2
1982-04-21,186202.8
1982-04-28,184376.8
1982-05-05,185639.1
1982-05-12,186362.8
1982-05-19,185376.2
1982-05-26,183943.9
1982-06-02,183297.1
1982-06-09,185249.8
1982-06-16,185871.4
1982-06-23,187387.2
1982-06-30,189703.4
1982-07-07,187213.8
1982-07-14,187395.2
1982-07-21,187342.2
1982-07-28,189182.3
1982-08-04,188864.3
1982-08-11,190970.5
1982-08-18,189639.4
1982-08-25,189779.5
1982-09-01,189444.7
1982-09-08,191036.3
1982-09-15,193173.2
1982-09-22,192891.5
1982-09-29,194323.8
1982-10-06,194868.0
1982-10-13,196168.0
1982-10-20,196811.3
1982-10-27,197535.4
1982-11-03,197458.4
1982-11-10,198511.5
1982-11-17,197820.6
1982-11-24,199028.6
1982-12-01,200246.8
1982-12-08,200825.1
1982-12-15,200331.7
1982-12-22,203085.0
1982-12-29,204072.4
1983-01-05,208748.7
1983-01-12,207944.0
1983-01-19,206500.3
1983-01-26,208361.9
1983-02-02,211432.6
1983-02-09,212237.5
1983-02-16,213850.6
1983-02-23,212985.3
1983-03-02,215808.3
1983-03-09,219941.1
1983-03-16,220987.7
1983-03-23,222719.6
1983-03-30,223923.5
1983-04-06,227962.3
1983-04-13,228275.1
1983-04-20,228819.9
1983-04-27,229572.4
1983-05-04,231107.6
1983-05-11,233298.7
1983-05-18,235826.3
1983-05-25,237444.5
1983-06-01,240258.6
1983-06-08,242168.8
1983-06-15,243159.2
1983-06-22,243653.8
1983-06-29,244333.4
1983-07-06,246442.4
1983-07-13,242377.9
1983-07-20,244256.7
1983-07-27,242237.7
1983-08-03,242838.7
1983-08-10,241506.7
1983-08-17,243681.1
1983-08-24,244840.7
1983-08-31,244790.9
1983-09-07,246206.3
1983-09-14,248068.1
1983-09-21,247728.9
1983-09-28,249968.8
1983-10-05,254335.0
1983-10-12,253128.0
1983-10-19,255016.3
1983-10-26,256421.6
1983-11-02,256128.8
1983-11-09,257733.4
1983-11-16,259165.3
1983-11-23,258697.9
1983-11-30,257774.9
1983-12-07,260984.5
1983-12-14,261592.4
1983-12-21,260215.9
1983-12-28,258745.4
1984-01-04,260150.7
1984-01-11,258110.8
1984-01-18,257667.9
1984-01-25,256884.3
1984-02-01,257192.5
1984-02-08,257771.0
1984-02-15,259769.7
1984-02-22,256716.2
1984-02-29,259378.4
1984-03-07,257785.2
1984-03-14,261491.1
1984-03-21,260668.8
1984-03-28,260903.1
1984-04-04,260954.7
1984-04-11,259032.6
1984-04-18,260707.7
1984-04-25,261877.3
1984-05-02,260128.9
1984-05-09,259548.6
1984-05-16,258804.2
1984-05-23,259094.4
1984-05-30,261041.6
1984-06-06,258809.1
1984-06-13,259517.7
1984-06-20,259089.2
1984-06-27,261081.9
1984-07-04,259396.7
1984-07-11,260822.7
1984-07-18,257980.2
1984-07-25,258768.2
1984-08-01,257164.6
1984-08-08,257798.3
1984-08-15,257237.3
1984-08-22,258312.1
1984-08-29,259002.8
1984-09-05,257048.2
1984-09-12,258447.5
1984-09-19,258600.8
1984-09-26,260008.5
1984-10-03,257200.9
1984-10-10,258240.1
1984-10-17,258983.1
1984-10-24,256924.0
1984-10-31,259767.0
1984-11-07,258361.3
1984-11-14,258485.0
1984-11-21,257732.8
1984-11-28,258487.6
1984-12-05,259294.7
1984-12-12,260194.2
1984-12-19,259952.1
1984-12-26,262031.5
1985-01-02,257454.5
1985-01-09,259527.1
1985-01-16,259412.1
1985-01-23,260161.6
1985-01-30,261233.4
1985-02-06,264959.3
1985-02-13,265269.1
1985-02-20,265153.8
1985-02-27,265549.3
1985-03-06,267475.9
1985-03-13,268901.4
1985-03-20,269668.5
1985-03-27,270936.8
1985-04-03,270516.4
1985-04-10,268104.6
1985-04-17,271784.5
1985-04-24,273071.2
1985-05-01,268965.4
1985-05-08,271609.5
1985-05-15,272513.6
1985-05-22,273556.2
1985-05-29,275113.9
1985-06-05,275485.4
1985-06-12,276361.3
1985-06-19,277449.2
1985-06-26,278984.6
1985-07-03,278814.7
1985-07-10,277436.9
1985-07-17,273908.9
1985-07-24,273869.0
1985-07-31,271896.4
1985-08-07,270418.2
1985-08-14,272237.7
1985-08-21,271525.2
1985-08-28,272123.8
1985-09-04,270419.5
1985-09-11,271714.2
1985-09-18,271006.0
1985-09-25,273715.8
1985-10-02,270765.5
1985-10-09,270998.4
1985-10-16,269705.1
1985-10-23,268106.1
1985-10-30,265842.2
1985-11-06,268049.4
1985-11-13,265992.5
1985-11-20,265041.9
1985-11-27,265661.5
1985-12-04,261735.5
1985-12-11,261004.8
1985-12-18,263547.8
1985-12-25,263325.9
1986-01-01,265625.0
1986-01-08,264496.6
1986-01-15,266174.8
1986-01-22,266221.3
1986-01-29,268004.8
1986-02-05,269167.5
1986-02-12,269895.5
1986-02-19,270117.6
1986-02-26,271884.7
1986-03-05,268927.7
1986-03-12,269548.6
1986-03-19,268794.2
1986-03-26,270933.9
1986-04-02,270093.7
1986-04-09,274019.6
1986-04-16,273153.5
1986-04-23,273264.9
1986-04-30,275609.2
1986-05-07,275981.1
1986-05-14,277388.1
1986-05-21,276291.7
1986-05-28,278661.8
1986-06-04,278758.0
1986-06-11,278901.3
1986-06-18,278720.3
1986-06-25,281641.9
1986-07-02,281921.3
1986-07-09,282505.0
1986-07-16,286986.4
1986-07-23,289004.2
1986-07-30,288350.9
1986-08-06,289928.8
1986-08-13,288320.0
1986-08-20,288000.6
1986-08-27,292092.5
1986-09-03,292622.1
1986-09-10,292726.5
1986-09-17,294333.8
1986-09-24,293105.3
1986-10-01,294874.7
1986-10-08,295023.8
1986-10-15,294759.0
1986-10-22,295728.7
1986-10-29,299619.7
1986-11-05,299419.2
1986-11-12,301209.7
1986-11-19,300522.6
1986-11-26,303473.2
1986-12-03,305563.9
1986-12-10,307518.3
1986-12-17,305989.5
1986-12-24,311755.3
1986-12-31,312363.6
1987-01-07,313871.8
1987-01-14,313011.1
1987-01-21,312143.0
1987-01-28,313358.7
1987-02-04,313008.1
1987-02-11,313048.3
1987-02-18,313406.0
1987-02-25,314136.1
1987-03-04,312999.9
1987-03-11,313578.8
1987-03-18,313135.5
1987-03-25,314715.4
1987-04-01,315352.1
1987-04-08,314686.5
1987-04-15,316368.8
1987-04-22,317265.8
1987-04-29,318741.6
1987-05-06,318296.6
1987-05-13,317884.6
1987-05-20,318238.3
1987-05-27,320926.3
1987-06-03,320353.0
1987-06-10,320320.1
1987-06-17,319826.7
1987-06-24,319170.6
1987-07-01,318199.4
1987-07-08,320590.9
1987-07-15,322321.6
1987-07-22,322595.4
1987-07-29,323358.5
1987-08-05,327459.1
1987-08-12,326843.7
1987-08-19,326677.9
1987-08-26,326684.8
1987-09-02,325521.1
1987-09-09,328400.7
1987-09-16,328494.5
1987-09-23,331315.4
1987-09-30,331012.1
1987-10-07,328535.8
1987-10-14,329152.2
1987-10-21,330818.7
1987-10-28,331464.9
1987-11-04,330599.9
1987-11-11,330511.7
1987-11-18,331541.7
1987-11-25,332659.9
1987-12-02,331195.4
1987-12-09,333135.9
1987-12-16,334250.5
1987-12-23,335791.6
1987-12-30,338469.9
1988-01-06,335086.1
1988-01-13,334548.6
1988-01-20,334950.4
1988-01-27,336188.1
1988-02-03,335718.1
1988-02-10,336133.6
1988-02-17,336020.6
1988-02-24,335642.0
1988-03-02,334906.2
1988-03-09,335860.4
1988-03-16,336933.2
1988-03-23,336964.9
1988-03-30,338304.4
1988-04-06,338316.6
1988-04-13,339609.8
1988-04-20,343628.3
1988-04-27,343136.8
1988-05-04,342468.9
1988-05-11,344482.2
1988-05-18,342566.2
1988-05-25,346881.5
1988-06-01,346235.6
1988-06-08,349212.6
1988-06-15,351637.5
1988-06-22,349346.0
1988-06-29,350344.0
1988-07-06,347916.9
1988-07-13,347760.0
1988-07-20,348450.7
1988-07-27,350638.7
1988-08-03,352274.7
1988-08-10,349769.9
1988-08-17,349403.6
1988-08-24,351273.1
1988-08-31,350504.4
1988-09-07,348630.1
1988-09-14,350181.5
1988-09-21,351555.1
1988-09-28,354045.4
1988-10-05,351893.8
1988-10-12,353111.6
1988-10-19,352379.7
1988-10-26,354859.8
1988-11-02,352285.7
1988-11-09,352604.7
1988-11-16,356933.7
1988-11-23,357175.6
1988-11-30,357741.1
1988-12-07,357642.4
1988-12-14,358731.7
1988-12-21,360204.0
1988-12-28,361503.1
1989-01-04,359683.5
1989-01-11,361272.3
1989-01-18,362262.0
1989-01-25,363454.6
1989-02-01,361766.2
1989-02-08,362703.5
1989-02-15,365378.6
1989-02-22,363810.6
1989-03-01,364667.3
1989-03-08,364914.5
1989-03-15,367726.6
1989-03-22,370263.2
1989-03-29,373880.5
1989-04-05,372823.2
1989-04-12,372600.3
1989-04-19,375218.9
1989-04-26,376083.0
1989-05-03,375637.8
1989-05-10,376368.4
1989-05-17,377191.8
1989-05-24,380798.7
1989-05-31,379304.3
1989-06-07,377517.4
1989-06-14,378236.3
1989-06-21,380882.9
1989-06-28,384138.0
1989-07-05,383223.7
1989-07-12,382712.7
1989-07-19,381095.7
1989-07-26,383287.6
1989-08-02,379719.6
1989-08-09,383780.6
1989-08-16,384112.9
1989-08-23,386386.8
1989-08-30,385480.0
1989-09-06,383421.0
1989-09-13,383683.6
1989-09-20,385596.1
1989-09-27,387353.0
1989-10-04,385868.0
1989-10-11,388943.3
1989-10-18,392930.3
1989-10-25,394897.4
1989-11-01,396515.6
1989-11-08,395769.7
1989-11-15,397201.0
1989-11-22,397307.4
1989-11-29,396648.3
1989-12-06,399072.9
1989-12-13,402804.7
1989-12-20,400626.6
1989-12-27,400132.4
1990-01-03,402327.4
1990-01-10,407144.4
1990-01-17,409113.4
1990-01-24,414419.1
1990-01-31,418051.5
1990-02-07,418702.7
1990-02-14,420183.6
1990-02-21,421900.3
1990-02-28,423439.8
1990-03-07,423840.5
1990-03-14,425255.4
1990-03-21,425817.4
1990-03-28,426370.5
1990-04-04,427026.5
1990-04-11,428186.9
1990-04-18,430607.3
1990-04-25,433516.3
1990-05-02,434136.0
1990-05-09,431991.8
1990-05-16,433475.6
1990-05-23,437355.9
1990-05-30,438174.0
1990-06-06,441298.3
1990-06-13,443046.1
1990-06-20,445698.6
1990-06-27,445496.5
1990-07-04,444568.4
1990-07-11,446940.6
1990-07-18,449358.5
1990-07-25,449297.7
1990-08-01,448492.6
1990-08-08,447736.7
1990-08-15,449754.0
1990-08-22,449510.1
1990-08-29,453104.3
1990-09-05,451675.9
1990-09-12,452592.4
1990-09-19,456490.3
1990-09-26,453107.7
1990-10-03,453388.3
1990-10-10,455178.3
1990-10-17,456493.9
1990-10-24,456560.2
1990-10-31,458275.5
1990-11-07,458380.4
1990-11-14,458208.9
1990-11-21,458391.0
1990-11-28,457314.5
1990-12-05,456422.3
1990-12-12,460182.7
1990-12-19,459788.3
1990-12-26,463845.4
1991-01-02,458994.1
1991-01-09,461284.2
1991-01-16,462018.2
1991-01-23,466181.3
1991-01-30,465321.0
1991-02-06,464581.1
1991-02-13,467047.7
1991-02-20,467313.5
1991-02-27,468136.2
1991-03-06,471673.8
1991-03-13,473066.0
1991-03-20,477227.8
1991-03-27,476410.2
1991-04-03,480295.1
1991-04-10,477979.7
1991-04-17,479748.8
1991-04-24,481445.4
1991-05-01,483653.0
1991-05-08,483559.4
1991-05-15,486594.9
1991-05-22,487842.2
1991-05-29,488211.7
1991-06-05,488658.5
1991-06-12,493666.7
1991-06-19,493236.6
1991-06-26,498332.7
1991-07-03,499097.5
1991-07-10,502241.9
1991-07-17,503440.9
1991-07-24,505705.5
1991-07-31,508972.6
1991-08-07,509122.8
1991-08-14,510781.3
1991-08-21,513712.9
1991-08-28,514318.8
1991-09-04,517433.1
1991-09-11,521666.7
1991-09-18,523538.2
1991-09-25,525286.2
1991-10-02,531111.6
1991-10-09,534507.6
1991-10-16,536566.4
1991-10-23,540314.5
1991-10-30,544120.0
1991-11-06,546693.6
1991-11-13,551126.8
1991-11-20,551790.3
1991-11-27,555878.5
1991-12-04,556243.4
1991-12-11,559846.7
1991-12-18,561826.0
1991-12-25,567240.2
1992-01-01,568779.3
1992-01-08,569595.6
1992-01-15,571017.2
1992-01-22,572710.0
1992-01-29,573288.5
1992-02-05,580488.6
1992-02-12,579447.5
1992-02-19,580531.3
1992-02-26,580693.4
1992-03-04,583890.3
1992-03-11,586039.0
1992-03-18,585982.9
1992-03-25,591711.1
1992-04-01,587571.7
1992-04-08,590318.3
1992-04-15,596212.1
1992-04-22,596492.4
1992-04-29,593823.6
1992-05-06,600902.4
1992-05-13,605445.9
1992-05-20,601388.0
1992-05-27,605233.4
1992-06-03,606442.9
1992-06-10,610408.9
1992-06-17,610930.1
1992-06-24,616733.8
1992-07-01,617630.3
1992-07-08,620344.2
1992-07-15,623742.5
1992-07-22,628386.3
1992-07-29,624390.2
1992-08-05,633197.0
1992-08-12,635468.4
1992-08-19,635253.6
1992-08-26,636907.7
1992-09-02,637989.2
1992-09-09,639129.5
1992-09-16,637821.8
1992-09-23,641796.3
1992-09-30,648288.3
1992-10-07,646094.6
1992-10-14,648205.6
1992-10-21,648603.7
1992-10-28,647558.7
1992-11-04,650684.5
1992-11-11,655458.5
1992-11-18,656580.5
1992-11-25,658943.4
1992-12-02,662258.5
1992-12-09,662503.4
1992-12-16,662889.5
1992-12-23,667023.4
1992-12-30,671640.5
1993-01-06,665890.9
1993-01-13,666315.9
1993-01-20,664236.6
1993-01-27,664560.2
1993-02-03,675260.0
1993-02-10,672151.8
1993-02-17,674395.0
1993-02-24,675586.6
1993-03-03,677148.2
1993-03-10,679987.7
1993-03-17,685033.0
1993-03-24,686692.6
1993-03-31,691136.4
1993-04-07,689824.7
1993-04-14,691963.6
1993-04-21,694813.7
1993-04-28,696190.8
1993-05-05,696048.2
1993-05-12,695257.4
1993-05-19,694552.7
1993-05-26,694726.9
1993-06-02,702642.6
1993-06-09,704386.6
1993-06-16,705224.7
1993-06-23,709406.8
1993-06-30,707153.2
1993-07-07,712896.0
1993-07-14,714350.6
1993-07-21,716288.9
1993-07-28,713272.4
1993-08-04,719484.8
1993-08-11,717153.6
1993-08-18,719580.5
1993-08-25,714598.7
1993-09-01,713293.8
1993-09-08,717463.3
1993-09-15,721390.9
1993-09-22,724413.0
1993-09-29,719010.3
1993-10-06,717644.9
1993-10-13,719491.7
1993-10-20,717630.8
1993-10-27,715857.1
1993-11-03,718479.9
1993-11-10,724639.7
1993-11-17,718987.4
1993-11-24,720336.1
1993-12-01,722409.0
1993-12-08,725896.3
1993-12-15,727663.7
1993-12-22,731235.8
1993-12-29,732257.4
1994-01-05,739184.8
1994-01-12,739166.8
1994-01-19,737417.3
1994-01-26,732198.4
1994-02-02,729637.7
1994-02-09,729201.4
1994-02-16,731387.9
1994-02-23,729808.2
1994-03-02,736281.3
1994-03-09,741992.1
1994-03-16,742184.2
1994-03-23,747244.1
1994-03-30,750932.6
1994-04-06,754904.6
1994-04-13,754678.8
1994-04-20,753005.8
1994-04-27,749061.8
1994-05-04,745784.3
1994-05-11,747275.1
1994-05-18,744131.6
1994-05-25,743113.1
1994-06-01,741493.9
1994-06-08,741131.2
1994-06-15,748384.4
1994-06-22,747746.5
1994-06-29,749697.4
1994-07-06,753434.5
1994-07-13,753343.4
1994-07-20,748889.8
1994-07-27,748921.9
1994-08-03,742620.7
1994-08-10,743547.9
1994-08-17,743981.0
1994-08-24,743323.4
1994-08-31,742927.1
1994-09-07,739332.7
1994-09-14,745846.2
1994-09-21,742820.5
1994-09-28,736345.6
1994-10-05,730090.0
1994-10-12,731308.9
1994-10-19,731661.3
1994-10-26,729480.5
1994-11-02,727971.9
1994-11-09,722186.4
1994-11-16,723984.7
1994-11-23,719455.7
1994-11-30,719486.4
1994-12-07,718855.1
1994-12-14,722022.7
1994-12-21,721184.0
1994-12-28,722073.0
1995-01-04,721205.9
1995-01-11,724460.3
1995-01-18,723829.6
1995-01-25,722673.4
1995-02-01,718364.0
1995-02-08,717255.0
1995-02-15,714669.3
1995-02-22,713144.1
1995-03-01,710424.1
1995-03-08,708331.6
1995-03-15,711941.2
1995-03-22,705920.9
1995-03-29,704518.0
1995-04-05,703292.8
1995-04-12,703566.2
1995-04-19,707100.6
1995-04-26,705689.3
1995-05-03,702516.6
1995-05-10,703671.0
1995-05-17,702640.6
1995-05-24,706864.0
1995-05-31,704306.3
1995-06-07,701841.5
1995-06-14,704738.5
1995-06-21,705671.0
1995-06-28,702221.9
1995-07-05,700096.3
1995-07-12,702653.5
1995-07-19,703878.5
1995-07-26,703356.2
1995-08-02,700072.2
1995-08-09,705566.3
1995-08-16,708031.6
1995-08-23,711301.0
1995-08-30,706874.8
1995-09-06,703263.0
1995-09-13,708895.3
1995-09-20,709097.2
1995-09-27,709238.2
1995-10-04,708012.4
1995-10-11,707863.7
1995-10-18,706659.6
1995-10-25,709803.9
1995-11-01,707116.4
1995-11-08,706906.7
1995-11-15,708393.0
1995-11-22,709590.2
1995-11-29,704877.7
1995-12-06,703362.5
1995-12-13,708107.6
1995-12-20,708055.0
1995-12-27,704268.0
1996-01-03,700253.6
1996-01-10,701781.2
1996-01-17,700378.3
1996-01-24,700358.5
1996-01-31,697809.4
1996-02-07,702823.4
1996-02-14,704878.4
1996-02-21,706519.4
1996-02-28,709442.4
1996-03-06,697873.1
1996-03-13,702378.4
1996-03-20,703081.5
1996-03-27,702964.6
1996-04-03,693317.7
1996-04-10,699129.2
1996-04-17,700589.4
1996-04-24,700243.3
1996-05-01,697761.6
1996-05-08,705643.9
1996-05-15,703598.7
1996-05-22,701774.2
1996-05-29,697407.7
1996-06-05,694931.6
1996-06-12,699830.7
1996-06-19,701354.1
1996-06-26,703962.5
1996-07-03,699900.1
1996-07-10,704987.8
1996-07-17,700843.9
1996-07-24,703053.5
1996-07-31,694896.3
1996-08-07,700606.7
1996-08-14,704529.6
1996-08-21,697036.5
1996-08-28,695585.6
1996-09-04,695363.7
1996-09-11,700652.6
1996-09-18,697860.7
1996-09-25,703118.5
1996-10-02,699884.9
1996-10-09,697390.8
1996-10-16,701753.0
1996-10-23,694562.4
1996-10-30,698288.5
1996-11-06,699994.7
1996-11-13,700583.6
1996-11-20,700578.1
1996-11-27,701326.2
1996-12-04,699299.0
1996-12-11,701052.8
1996-12-18,700251.5
1996-12-25,698966.5
1997-01-01,696671.8
1997-01-08,702416.1
1997-01-15,695776.6
1997-01-22,702022.5
1997-01-29,702951.1
1997-02-05,697393.5
1997-02-12,699385.0
1997-02-19,695845.7
1997-02-26,694141.8
1997-03-05,697634.1
1997-03-12,700724.8
1997-03-19,704624.2
1997-03-26,708371.3
1997-04-02,710272.7
1997-04-09,710264.7
1997-04-16,716306.1
1997-04-23,717421.7
1997-04-30,719061.3
1997-05-07,715816.1
1997-05-14,714299.8
1997-05-21,711794.3
1997-05-28,713163.5
1997-06-04,713354.2
1997-06-11,716401.7
1997-06-18,716796.0
1997-06-25,718617.2
1997-07-02,722657.3
1997-07-09,724212.7
1997-07-16,722631.2
1997-07-23,722279.2
1997-07-30,722015.2
1997-08-06,716848.2
1997-08-13,712758.0
1997-08-20,713709.1
1997-08-27,721148.2
1997-09-03,723670.0
1997-09-10,724974.5
1997-09-17,724883.0
1997-09-24,732147.8
1997-10-01,735153.9
1997-10-08,735883.9
1997-10-15,728186.6
1997-10-22,735912.3
1997-10-29,740303.3
1997-11-05,742930.4
1997-11-12,749578.4
1997-11-19,744205.0
1997-11-26,753931.8
1997-12-03,750454.8
1997-12-10,744690.7
1997-12-17,746475.5
1997-12-24,752564.1
1997-12-31,760623.2
1998-01-07,763721.5
1998-01-14,763673.4
1998-01-21,767175.1
1998-01-28,764144.9
1998-02-04,771589.3
1998-02-11,763910.9
1998-02-18,764697.4
1998-02-25,768501.5
1998-03-04,788043.1
1998-03-11,781913.9
1998-03-18,779614.8
1998-03-25,777011.9
1998-04-01,785861.0
1998-04-08,773667.6
1998-04-15,766901.8
1998-04-22,763228.7
1998-04-29,774488.7
1998-05-06,779818.5
1998-05-13,771639.1
1998-05-20,774640.9
1998-05-27,771725.1
1998-06-03,771264.8
1998-06-10,760386.7
1998-06-17,752377.2
1998-06-24,757711.5
1998-07-01,772077.6
1998-07-08,764563.0
1998-07-15,764036.4
1998-07-22,763399.2
1998-07-29,768664.4
1998-08-05,772112.1
1998-08-12,770584.6
1998-08-19,774586.7
1998-08-26,774852.2
1998-09-02,777296.1
1998-09-09,769853.4
1998-09-16,765620.5
1998-09-23,773679.9
1998-09-30,772790.2
1998-10-07,762079.8
1998-10-14,775707.4
1998-10-21,786527.6
1998-10-28,790566.0
1998-11-04,791885.9
1998-11-11,792637.6
1998-11-18,798300.2
1998-11-25,800038.9
1998-12-02,794362.4
1998-12-09,795711.9
1998-12-16,790961.9
1998-12-23,795990.7
1998-12-30,798886.1
1999-01-06,796465.9
1999-01-13,801950.5
1999-01-20,800597.3
1999-01-27,799335.1
1999-02-03,794703.5
1999-02-10,797301.4
1999-02-17,798123.8
1999-02-24,799617.3
1999-03-03,803684.0
1999-03-10,802605.8
1999-03-17,802936.4
1999-03-24,811331.8
1999-03-31,813424.7
1999-04-07,806475.7
1999-04-14,812780.3
1999-04-21,806744.7
1999-04-28,802622.9
1999-05-05,803510.8
1999-05-12,806601.2
1999-05-19,803429.3
1999-05-26,806240.9
1999-06-02,803394.5
1999-06-09,804768.8
1999-06-16,812933.1
1999-06-23,816805.8
1999-06-30,816559.0
1999-07-07,809764.9
1999-07-14,818662.7
1999-07-21,817679.8
1999-07-28,807535.1
1999-08-04,807130.6
1999-08-11,813589.8
1999-08-18,815856.1
1999-08-25,816483.4
1999-09-01,811143.2
1999-09-08,810244.7
1999-09-15,815999.8
1999-09-22,816572.7
1999-09-29,811146.1
1999-10-06,816960.0
1999-10-13,822014.8
1999-10-20,818880.2
1999-10-27,816797.4
1999-11-03,805270.0
1999-11-10,807905.3
1999-11-17,809115.9
1999-11-24,809963.1
1999-12-01,806810.1
1999-12-08,806378.0
1999-12-15,814354.3
1999-12-22,814229.6
1999-12-29,814959.4
2000-01-05,808730.3
2000-01-12,816607.3
2000-01-19,815199.7
2000-01-26,822238.6
2000-02-02,820713.8
2000-02-09,814956.0
2000-02-16,815326.9
2000-02-23,819186.6
2000-03-01,819879.5
2000-03-08,822474.5
2000-03-15,824498.9
2000-03-22,819428.7
2000-03-29,823061.5
2000-04-05,820163.6
2000-04-12,821196.0
2000-04-19,820865.4
2000-04-26,817903.6
2000-05-03,814960.0
2000-05-10,820986.4
2000-05-17,819431.3
2000-05-24,823677.9
2000-05-31,815673.7
2000-06-07,814633.6
2000-06-14,817604.0
2000-06-21,825240.6
2000-06-28,820557.4
2000-07-05,823291.1
2000-07-12,824421.5
2000-07-19,825782.3
2000-07-26,814660.3
2000-08-02,810990.3
2000-08-09,810830.1
2000-08-16,816560.8
2000-08-23,810511.2
2000-08-30,805448.7
2000-09-06,803935.8
2000-09-13,810989.2
2000-09-20,806226.9
2000-09-27,806659.1
2000-10-04,799518.8
2000-10-11,803602.8
2000-10-18,797143.9
2000-10-25,792262.8
2000-11-01,790057.2
2000-11-08,788435.8
2000-11-15,791790.8
2000-11-22,786306.6
2000-11-29,783028.2
2000-12-06,785158.1
2000-12-13,787382.0
2000-12-20,793758.9
2000-12-27,789380.8
2001-01-03,793644.5
2001-01-10,794556.7
2001-01-17,790515.2
2001-01-24,785924.7
2001-01-31,793349.4
2001-02-07,780131.4
2001-02-14,785188.4
2001-02-21,777388.9
2001-02-28,773859.3
2001-03-07,771206.2
2001-03-14,765786.0
2001-03-21,767301.1
2001-03-28,766261.9
2001-04-04,770436.1
2001-04-11,772597.2
2001-04-18,764624.6
2001-04-25,769764.4
2001-05-02,766337.2
2001-05-09,768017.8
2001-05-16,770074.9
2001-05-23,771885.2
2001-05-30,773861.4
2001-06-06,777044.8
2001-06-13,776090.8
2001-06-20,769607.8
2001-06-27,765287.2
2001-07-04,767437.2
2001-07-11,775940.0
2001-07-18,777392.6
2001-07-25,779952.2
2001-08-01,792624.2
2001-08-08,795701.9
2001-08-15,789862.6
2001-08-22,788909.9
2001-08-29,791256.5
2001-09-05,791959.3
2001-09-12,804018.4
2001-09-19,807885.2
2001-09-26,806872.7
2001-10-03,815738.5
2001-10-10,821029.8
2001-10-17,818684.6
2001-10-24,816988.8
2001-10-31,843803.0
2001-11-07,840258.5
2001-11-14,832582.0
2001-11-21,835461.8
2001-11-28,838272.1
2001-12-05,862663.9
2001-12-12,857321.8
2001-12-19,859213.3
2001-12-26,856969.1
2002-01-02,861839.4
2002-01-09,852808.9
2002-01-16,845303.9
2002-01-23,845420.6
2002-01-30,833640.0
2002-02-06,836151.0
2002-02-13,834157.2
2002-02-20,834760.2
2002-02-27,837579.3
2002-03-06,841502.7
2002-03-13,843529.9
2002-03-20,857054.9
2002-03-27,856094.4
2002-04-03,856646.5
2002-04-10,861172.3
2002-04-17,865790.5
2002-04-24,858820.4
2002-05-01,857516.6
2002-05-08,858674.3
2002-05-15,869025.5
2002-05-22,874710.2
2002-05-29,873385.8
2002-06-05,888497.1
2002-06-12,888646.2
2002-06-19,890457.6
2002-06-26,885248.6
2002-07-03,890955.7
2002-07-10,900364.7
2002-07-17,898309.2
2002-07-24,916240.7
2002-07-31,921207.8
2002-08-07,925701.1
2002-08-14,930237.9
2002-08-21,934010.6
2002-08-28,943297.6
2002-09-04,954757.4
2002-09-11,947884.6
2002-09-18,953090.1
2002-09-25,960284.3
2002-10-02,972718.3
2002-10-09,976043.0
2002-10-16,963632.7
2002-10-23,988880.4
2002-10-30,988431.8
2002-11-06,997916.8
2002-11-13,999242.7
2002-11-20,1001818.5
2002-11-27,1010960.7
2002-12-04,1013904.1
2002-12-11,1039595.3
2002-12-18,1020167.0
2002-12-25,1030499.3
2003-01-01,1034807.8
2003-01-08,1041088.3
2003-01-15,1038479.9
2003-01-22,1025407.7
2003-01-29,1016508.5
2003-02-05,1039765.9
2003-02-12,1043948.0
2003-02-19,1052411.5
2003-02-26,1056736.6
2003-03-05,1066937.9
2003-03-12,1059333.8
2003-03-19,1049144.1
2003-03-26,1050488.1
2003-04-02,1061110.8
2003-04-09,1056561.9
2003-04-16,1053242.3
2003-04-23,1091640.7
2003-04-30,1111027.9
2003-05-07,1098140.1
2003-05-14,1104120.1
2003-05-21,1108212.5
2003-05-28,1121025.9
2003-06-04,1130790.9
2003-06-11,1129903.4
2003-06-18,1135461.9
2003-06-25,1134176.0
2003-07-02,1127980.6
2003-07-09,1117241.2
2003-07-16,1078125.5
2003-07-23,1102029.8
2003-07-30,1098574.5
2003-08-06,1089697.8
2003-08-13,1060638.6
2003-08-20,1061584.2
2003-08-27,1061350.7
2003-09-03,1066999.9
2003-09-10,1071074.9
2003-09-17,1059020.3
2003-09-24,1059115.7
2003-10-01,1065963.7
2003-10-08,1068339.4
2003-10-15,1085917.9
2003-10-22,1103212.2
2003-10-29,1102400.7
2003-11-05,1092027.5
2003-11-12,1099327.6
2003-11-19,1101700.8
2003-11-26,1102930.6
2003-12-03,1108455.0
2003-12-10,1112538.5
2003-12-17,1121385.6
2003-12-24,1116941.3
2003-12-31,1110354.1
2004-01-07,1104267.9
2004-01-14,1102049.3
2004-01-21,1114200.5
2004-01-28,1113685.0
2004-02-04,1111462.9
2004-02-11,1116879.6
2004-02-18,1191823.1
2004-02-25,1175427.6
2004-03-03,1173649.8
2004-03-10,1185665.3
2004-03-17,1181680.1
2004-03-24,1195635.9
2004-03-31,1200161.2
2004-04-07,1181366.0
2004-04-14,1183604.6
2004-04-21,1193358.9
2004-04-28,1191271.5
2004-05-05,1196879.2
2004-05-12,1181554.5
2004-05-19,1170494.2
2004-05-26,1176325.1
2004-06-02,1166694.5
2004-06-09,1169580.7
2004-06-16,1175900.5
2004-06-23,1188465.1
2004-06-30,1191265.4
2004-07-07,1183543.4
2004-07-14,1189877.8
2004-07-21,1180866.1
2004-07-28,1166876.2
2004-08-04,1164681.2
2004-08-11,1179544.8
2004-08-18,1186762.2
2004-08-25,1179863.8
2004-09-01,1173306.7
2004-09-08,1177003.3
2004-09-15,1187166.4
2004-09-22,1178802.9
2004-09-29,1169985.1
2004-10-06,1161026.9
2004-10-13,1173551.7
2004-10-20,1166943.7
2004-10-27,1156897.9
2004-11-03,1152014.0
2004-11-10,1150671.6
2004-11-17,1149249.5
2004-11-24,1165243.3
2004-12-01,1164914.1
2004-12-08,1161419.0
2004-12-15,1164521.8
2004-12-22,1186814.8
2004-12-29,1178033.7
2005-01-05,1184851.1
2005-01-12,1183081.4
2005-01-19,1201172.4
2005-01-26,1198704.8
2005-02-02,1202671.2
2005-02-09,1208547.9
2005-02-16,1206253.0
2005-02-23,1219685.2
2005-03-02,1209029.5
2005-03-09,1200486.3
2005-03-16,1210722.7
2005-03-23,1214995.4
2005-03-30,1198255.5
2005-04-06,1190149.0
2005-04-13,1185020.4
2005-04-20,1199035.7
2005-04-27,1188560.3
2005-05-04,1192359.2
2005-05-11,1206805.5
2005-05-18,1200669.9
2005-05-25,1201120.8
2005-06-01,1195841.9
2005-06-08,1200364.0
2005-06-15,1122321.1
2005-06-22,1176942.4
2005-06-29,1179490.0
2005-07-06,1172461.1
2005-07-13,1185386.1
2005-07-20,1182741.2
2005-07-27,1170349.4
2005-08-03,1170116.0
2005-08-10,1169571.7
2005-08-17,1175626.3
2005-08-24,1173615.0
2005-08-31,1160716.8
2005-09-07,1155795.8
2005-09-14,1154957.9
2005-09-21,1172412.8
2005-09-28,1176944.9
2005-10-05,1177264.9
2005-10-12,1181642.7
2005-10-19,1183658.1
2005-10-26,1167940.1
2005-11-02,1149470.2
2005-11-09,1147002.4
2005-11-16,1158828.8
2005-11-23,1156238.2
2005-11-30,1154465.2
2005-12-07,1162439.1
2005-12-14,1162075.9
2005-12-21,1163190.1
2005-12-28,1157062.8
2006-01-04,1147927.4
2006-01-11,1149739.2
2006-01-18,1165131.5
2006-01-25,1167910.3
2006-02-01,1170274.2
2006-02-08,1161499.0
2006-02-15,1173837.2
2006-02-22,1177311.3
2006-03-01,1176020.6
2006-03-08,1165029.3
2006-03-15,1168906.4
2006-03-22,1171151.5
2006-03-29,1158647.7
2006-04-05,1166787.5
2006-04-12,1204782.8
2006-04-19,1206856.3
2006-04-26,1193438.9
2006-05-03,1199253.4
2006-05-10,1193437.9
2006-05-17,1198165.6
2006-05-24,1199825.1
2006-05-31,1200504.5
2006-06-07,1195708.8
2006-06-14,1205267.5
2006-06-21,1200875.1
2006-06-28,1196199.9
2006-07-05,1193938.2
2006-07-12,1202003.8
2006-07-19,1211242.4
2006-07-26,1206899.7
2006-08-02,1203764.2
2006-08-09,1205329.9
2006-08-16,1210689.7
2006-08-23,1214708.1
2006-08-30,1221577.6
2006-09-06,1219873.0
2006-09-13,1208424.9
2006-09-20,1208240.6
2006-09-27,1183668.4
2006-10-04,1232648.0
2006-10-11,1235929.6
2006-10-18,1234112.4
2006-10-25,1222338.2
2006-11-01,1242027.5
2006-11-08,1230995.0
2006-11-15,1226845.7
2006-11-22,1228443.9
2006-11-29,1220147.1
2006-12-06,1215627.9
2006-12-13,1223523.6
2006-12-20,1219134.7
2006-12-27,1215465.5
2007-01-03,1214058.1
2007-01-10,1218146.7
2007-01-17,1214544.2
2007-01-24,1209041.0
2007-01-31,1222066.3
2007-02-07,1215517.2
2007-02-14,1209256.9
2007-02-21,1204469.4
2007-02-28,1223783.6
2007-03-07,1222693.2
2007-03-14,1222883.9
2007-03-21,1204266.4
2007-03-28,1210175.2
2007-04-04,1211065.2
2007-04-11,1208415.1
2007-04-18,1200767.8
2007-04-25,1193779.5
2007-05-02,1188914.8
2007-05-09,1188233.7
2007-05-16,1185554.4
2007-05-23,1194308.6
2007-05-30,1194752.8
2007-06-06,1178686.2
2007-06-13,1183521.9
2007-06-20,1184324.6
2007-06-27,1182369.1
2007-07-04,1183338.9
2007-07-11,1177998.6
2007-07-18,1184418.5
2007-07-25,1186825.5
2007-08-01,1185513.4
2007-08-08,1183090.2
2007-08-15,1187345.0
2007-08-22,1186693.7
2007-08-29,1184184.7
2007-09-05,1186000.2
2007-09-12,1194757.8
2007-09-19,1174546.7
2007-09-26,1168738.8
2007-10-03,1170181.1
2007-10-10,1174203.3
2007-10-17,1144999.1
2007-10-24,1143121.3
2007-10-31,1142365.2
2007-11-07,1136020.8
2007-11-14,1146513.7
2007-11-21,1144035.5
2007-11-28,1143866.3
2007-12-05,1138170.8
2007-12-12,1138947.9
2007-12-19,1134433.1
2007-12-26,1129199.6
2008-01-02,1134664.2
2008-01-09,1136506.7
2008-01-16,1116410.8
2008-01-23,1119048.4
2008-01-30,1114152.9
2008-02-06,1120974.4
2008-02-13,1127527.1
2008-02-20,1121258.6
2008-02-27,1119985.0
2008-03-05,1123687.5
2008-03-12,1127060.6
2008-03-19,1132416.2
2008-03-26,1137296.7
2008-04-02,1130898.0
2008-04-09,1127801.2
2008-04-16,1111009.8
2008-04-23,1120654.5
2008-04-30,1123625.4
2008-05-07,1127765.2
2008-05-14,1130591.1
2008-05-21,1126609.4
2008-05-28,1134505.4
2008-06-04,1147323.4
2008-06-11,1139052.4
2008-06-18,1142291.6
2008-06-25,1149690.4
2008-07-02,1146514.4
2008-07-09,1142279.8
2008-07-16,1139627.9
2008-07-23,1136475.7
2008-07-30,1142804.8
2008-08-06,1138336.7
2008-08-13,1145577.8
2008-08-20,1149866.3
2008-08-27,1149987.1
2008-09-03,1147697.6
2008-09-10,1155888.4
2008-09-17,1152747.4
2008-09-24,1158379.9
2008-10-01,1178761.3
2008-10-08,1174602.2
2008-10-15,1180674.3
2008-10-22,1279077.8
2008-10-29,1279337.1
2008-11-05,1280932.2
2008-11-12,1286077.1
2008-11-19,1253362.0
2008-11-26,1260122.5
2008-12-03,1266469.0
2008-12-10,1242485.0
2008-12-17,1230814.4
2008-12-24,1259050.2
2008-12-31,1260069.0
2009-01-07,1264252.4
2009-01-14,1294452.6
2009-01-21,1299046.2
2009-01-28,1294411.8
2009-02-04,1290068.2
2009-02-11,1274051.3
2009-02-18,1289323.2
2009-02-25,1278517.4
2009-03-04,1291847.0
2009-03-11,1298753.8
2009-03-18,1303441.6
2009-03-25,1291985.7
2009-04-01,1286153.9
2009-04-08,1279429.3
2009-04-15,1281254.7
2009-04-22,1285027.4
2009-04-29,1279829.2
2009-05-06,1283759.6
2009-05-13,1278947.7
2009-05-20,1289599.7
2009-05-27,1283403.1
2009-06-03,1294331.5
2009-06-10,1293560.4
2009-06-17,1341092.4
2009-06-24,1333593.8
2009-07-01,1343187.7
2009-07-08,1350104.2
2009-07-15,1343176.8
2009-07-22,1333987.6
2009-07-29,1336036.5
2009-08-05,1357928.9
2009-08-12,1382266.5
2009-08-19,1381038.1
2009-08-26,1380903.6
2009-09-02,1386085.7
2009-09-09,1389931.2
2009-09-16,1394961.0
2009-09-23,1409518.0
2009-09-30,1382285.8
2009-10-07,1368113.1
2009-10-14,1384219.4
2009-10-21,1408436.3
2009-10-28,1393728.2
2009-11-04,1410533.2
2009-11-11,1415316.1
2009-11-18,1419284.4
2009-11-25,1408765.2
2009-12-02,1418291.1
2009-12-09,1436631.1
2009-12-16,1445979.4
2009-12-23,1445776.8
2009-12-30,1459105.7
2010-01-06,1448409.1
2010-01-13,1440003.2
2010-01-20,1446047.0
2010-01-27,1457812.3
2010-02-03,1463229.7
2010-02-10,1463648.4
2010-02-17,1468721.3
2010-02-24,1462635.5
2010-03-03,1460163.3
2010-03-10,1461640.2
2010-03-17,1468592.6
2010-03-24,1474127.3
2010-03-31,1489291.5
2010-04-07,1489947.9
2010-04-14,1505445.6
2010-04-21,1514047.3
2010-04-28,1506233.5
2010-05-05,1504315.0
2010-05-12,1510087.6
2010-05-19,1512711.5
2010-05-26,1495388.2
2010-06-02,1495493.7
2010-06-09,1502535.5
2010-06-16,1492360.0
2010-06-23,1502028.8
2010-06-30,1510133.4
2010-07-07,1519040.9
2010-07-14,1548976.0
2010-07-21,1580897.9
2010-07-28,1575628.9
2010-08-04,1581332.7
2010-08-11,1592545.3
2010-08-18,1587597.9
2010-08-25,1588483.3
2010-09-01,1604430.5
2010-09-08,1602551.8
2010-09-15,1613074.5
2010-09-22,1627093.9
2010-09-29,1615786.8
2010-10-06,1636433.4
2010-10-13,1644127.5
2010-10-20,1643582.0
2010-10-27,1639749.0
2010-11-03,1655889.6
2010-11-10,1655684.5
2010-11-17,1658606.1
2010-11-24,1657194.7
2010-12-01,1663898.8
2010-12-08,1656348.3
2010-12-15,1626485.3
2010-12-22,1635235.2
2010-12-29,1637174.6
2011-01-05,1638071.1
2011-01-12,1650129.3
2011-01-19,1651871.9
2011-01-26,1649092.5
2011-02-02,1630307.7
2011-02-09,1636947.5
2011-02-16,1638639.6
2011-02-23,1638422.9
2011-03-02,1631164.5
2011-03-09,1641087.9
2011-03-16,1647570.9
2011-03-23,1645325.7
2011-03-30,1649628.8
2011-04-06,1658014.3
2011-04-13,1670128.8
2011-04-20,1670604.4
2011-04-27,1671399.8
2011-05-04,1677184.6
2011-05-11,1673862.8
2011-05-18,1660178.7
2011-05-25,1665519.8
2011-06-01,1666649.5
2011-06-08,1668724.4
2011-06-15,1669796.9
2011-06-22,1652660.8
2011-06-29,1647247.3
2011-07-06,1651034.6
2011-07-13,1663547.0
2011-07-20,1655778.6
2011-07-27,1656911.7
2011-08-03,1656250.3
2011-08-10,1665822.1
2011-08-17,1671957.4
2011-08-24,1674160.6
2011-08-31,1672386.0
2011-09-07,1677184.4
2011-09-14,1680833.9
2011-09-21,1682011.4
2011-09-28,1676514.9
2011-10-05,1675512.1
2011-10-12,1682923.0
2011-10-19,1686369.6
2011-10-26,1693552.1
2011-11-02,1698718.0
2011-11-09,1682450.0
2011-11-16,1688169.2
2011-11-23,1706730.0
2011-11-30,1702636.3
2011-12-07,1686068.8
2011-12-14,1698842.9
2011-12-21,1696435.9
2011-12-28,1700989.4
2012-01-04,1719637.1
2012-01-11,1732326.5
2012-01-18,1716270.3
2012-01-25,1724385.5
2012-02-01,1729689.0
2012-02-08,1736395.5
2012-02-15,1751923.3
2012-02-22,1760185.7
2012-02-29,1775393.4
2012-03-07,1765028.0
2012-03-14,1770663.2
2012-03-21,1777353.2
2012-03-28,1783772.3
2012-04-04,1806600.8
2012-04-11,1803767.8
2012-04-18,1791567.9
2012-04-25,1788667.2
2012-05-02,1791883.3
2012-05-09,1799865.2
2012-05-16,1801270.0
2012-05-23,1811842.4
2012-05-30,1806968.4
2012-06-06,1804866.5
2012-06-13,1796704.6
2012-06-20,1792924.8
2012-06-27,1815106.9
2012-07-04,1820775.8
2012-07-11,1837850.5
2012-07-18,1828627.5
2012-07-25,1830706.8
2012-08-01,1839994.2
2012-08-08,1841332.7
2012-08-15,1845442.5
2012-08-22,1846130.0
2012-08-29,1845789.8
2012-09-05,1848719.1
2012-09-12,1843730.7
2012-09-19,1844037.7
2012-09-26,1850669.6
2012-10-03,1846595.6
2012-10-10,1845461.1
2012-10-17,1840462.3
2012-10-24,1844006.7
2012-10-31,1841294.1
2012-11-07,1848268.2
2012-11-14,1856195.8
2012-11-21,1858025.7
2012-11-28,1856211.5
2012-12-05,1867603.3
2012-12-12,1871472.2
2012-12-19,1878012.0
2012-12-26,1876914.7
2013-01-02,1863526.9
2013-01-09,1861462.3
2013-01-16,1859935.1
2013-01-23,1864936.9
2013-01-30,1863809.7
2013-02-06,1862033.5
2013-02-13,1864166.6
2013-02-20,1854817.5
2013-02-27,1848837.6
2013-03-06,1849329.2
2013-03-13,1854197.9
2013-03-20,1844491.2
2013-03-27,1844104.8
2013-04-03,1875010.9
2013-04-10,1870812.2
2013-04-17,1875060.9
2013-04-24,1872030.0
2013-05-01,1864879.6
2013-05-08,1856055.8
2013-05-15,1854468.0
2013-05-22,1855037.6
2013-05-29,1844278.2
2013-06-05,1855820.5
2013-06-12,1846813.1
2013-06-19,1845784.2
2013-06-26,1843078.9
2013-07-03,1833847.0
2013-07-10,1819213.0
2013-07-17,1822236.4
2013-07-24,1822375.5
2013-07-31,1814391.5
2013-08-07,1804961.6
2013-08-14,1808821.4
2013-08-21,1802184.5
2013-08-28,1799185.6
2013-09-04,1788358.0
2013-09-11,1791663.5
2013-09-18,1797435.5
2013-09-25,1791039.2
2013-10-02,1792658.9
2013-10-09,1795010.3
2013-10-16,1791857.7
2013-10-23,1789570.2
2013-10-30,1789783.3
2013-11-06,1793896.6
2013-11-13,1798036.9
2013-11-20,1805993.2
2013-11-27,1810045.0
2013-12-04,1800093.6
2013-12-11,1805054.7
2013-12-18,1811085.6
2013-12-25,1812539.9
2014-01-01,1812941.8
2014-01-08,1815587.0
2014-01-15,1818261.2
2014-01-22,1819408.5
2014-01-29,1821944.7
2014-02-05,1831902.8
2014-02-12,1830331.0
2014-02-19,1836243.4
2014-02-26,1842525.4
2014-03-05,1847474.8
2014-03-12,1856160.5
2014-03-19,1855714.5
2014-03-26,1868628.3
2014-04-02,1863353.5
2014-04-09,1867059.8
2014-04-16,1866563.1
2014-04-23,1874769.5
2014-04-30,1877086.0
2014-05-07,1883279.7
2014-05-14,1894229.3
2014-05-21,1894940.5
2014-05-28,1897226.6
2014-06-04,1898451.7
2014-06-11,1904951.5
2014-06-18,1907550.5
2014-06-25,1910859.9
2014-07-02,1928104.8
2014-07-09,1936909.5
2014-07-16,1934589.7
2014-07-23,1939720.0
2014-07-30,1945508.0
2014-08-06,1947775.2
2014-08-13,1947501.5
2014-08-20,1948771.5
2014-08-27,1952917.2
2014-09-03,1957673.6
2014-09-10,1972007.8
2014-09-17,1980423.7
2014-09-24,1995027.9
2014-10-01,1998393.6
2014-10-08,2001908.3
2014-10-15,1999989.5
2014-10-22,1987163.3
2014-10-29,1982224.2
2014-11-05,1989886.7
2014-11-12,1997288.5
2014-11-19,1999907.1
2014-11-26,2005075.7
2014-12-03,2022052.6
2014-12-10,2038377.7
2014-12-17,2038002.4
2014-12-24,2043847.6
2014-12-31,2048809.5
2015-01-07,2056145.5
2015-01-14,2063817.4
2015-01-21,2068649.1
2015-01-28,2068633.0
2015-02-04,2088116.1
2015-02-11,2097943.0
2015-02-18,2093024.9
2015-02-25,2100105.9
2015-03-04,2105211.1
2015-03-11,2107799.0
2015-03-18,2104939.2
2015-03-25,2112655.0
2015-04-01,2116735.2
2015-04-08,2113506.6
2015-04-15,2113312.9
2015-04-22,2122530.2
2015-04-29,2130276.4
2015-05-06,2145603.4
2015-05-13,2146402.6
2015-05-20,2151694.5
2015-05-27,2153850.8
2015-06-03,2150783.6
2015-06-10,2154846.2
2015-06-17,2162907.3
2015-06-24,2159317.2
2015-07-01,2149013.0
2015-07-08,2143602.2
2015-07-15,2151181.9
2015-07-22,2152674.5
2015-07-29,2151317.7
2015-08-05,2172731.5
2015-08-12,2163760.3
2015-08-19,2168606.2
2015-08-26,2161897.7
2015-09-02,2162495.1
2015-09-09,2168066.6
2015-09-16,2155719.9
2015-09-23,2159233.1
2015-09-30,2169778.2
2015-10-07,2167966.5
2015-10-14,2178709.9
2015-10-21,2174627.2
2015-10-28,2174545.8
2015-11-04,2186146.0
2015-11-11,2189554.1
2015-11-18,2200776.9
2015-11-25,2203840.1
2015-12-02,2207106.6
2015-12-09,2222928.1
2015-12-16,2228935.9
2015-12-23,2226102.9
2015-12-30,2224719.3
2016-01-06,2228294.6
2016-01-13,2229497.2
2016-01-20,2224590.5
2016-01-27,2224524.4
2016-02-03,2238589.8
2016-02-10,2239056.6
2016-02-17,2233094.2
2016-02-24,2239384.7
2016-03-02,2242814.2
2016-03-09,2246482.9
2016-03-16,2247531.5
2016-03-23,2252192.8
2016-03-30,2248317.4
2016-04-06,2256532.2
2016-04-13,2272573.6
2016-04-20,2270643.9
2016-04-27,2277245.6
2016-05-04,2287159.4
2016-05-11,2285795.3
2016-05-18,2287575.3
2016-05-25,2289456.2
2016-06-01,2299247.3
2016-06-08,2295243.8
2016-06-15,2297434.0
2016-06-22,2300550.1
2016-06-29,2306394.6
2016-07-06,2319465.0
2016-07-13,2328838.2
2016-07-20,2334104.2
2016-07-27,2341582.9
2016-08-03,2338591.0
2016-08-10,2350007.1
2016-08-17,2348502.0
2016-08-24,2355125.2
2016-08-31,2366098.7
2016-09-07,2367396.4
2016-09-14,2381561.3
2016-09-21,2384162.5
2016-09-28,2388137.7
2016-10-05,2398210.2
2016-10-12,2397561.0
2016-10-19,2413499.3
2016-10-26,2414497.6
2016-11-02,2424475.7
2016-11-09,2421277.6
2016-11-16,2417499.0
2016-11-23,2405397.5
2016-11-30,2410767.3
2016-12-07,2397615.6
2016-12-14,2414981.4
2016-12-21,2408943.1
2016-12-28,2411924.6
2017-01-04,2418657.9
2017-01-11,2410527.5
2017-01-18,2416523.9
2017-01-25,2423027.6
2017-02-01,2421293.8
2017-02-08,2427360.5
2017-02-15,2437987.2
2017-02-22,2444251.2
2017-03-01,2443214.2
2017-03-08,2445696.0
2017-03-15,2448184.9
2017-03-22,2453119.6
2017-03-29,2441319.8
2017-04-05,2455240.1
2017-04-12,2453470.0
2017-04-19,2447102.4
2017-04-26,2438454.6
2017-05-03,2442470.4
2017-05-10,2450978.1
2017-05-17,2465245.9
2017-05-24,2463941.2
2017-05-31,2464238.4
2017-06-07,2455248.6
2017-06-14,2460423.5
2017-06-21,2453225.9
2017-06-28,2449601.1
2017-07-05,2454493.3
2017-07-12,2459961.3
2017-07-19,2462476.6
2017-07-26,2463705.5
2017-08-02,2468206.5
2017-08-09,2463351.9
2017-08-16,2463808.9
2017-08-23,2469901.6
2017-08-30,2461910.8
2017-09-06,2464828.4
2017-09-13,2463060.9
2017-09-20,2479109.4
2017-09-27,2483848.3
2017-10-04,2484894.3
2017-10-11,2491143.7
2017-10-18,2490811.2
2017-10-25,2490099.0
2017-11-01,2491652.5
2017-11-08,2488975.2
2017-11-15,2485572.8
2017-11-22,2483889.6
2017-11-29,2518955.9
2017-12-06,2524551.7
2017-12-13,2519215.1
2017-12-20,2522582.1
2017-12-27,2530621.5
2018-01-03,2525054.8
2018-01-10,2518268.6
2018-01-17,2509693.9
2018-01-24,2508503.7
2018-01-31,2509389.2
2018-02-07,2501872.8
2018-02-14,2508258.6
2018-02-21,2503805.3
2018-02-28,2507166.0
2018-03-07,2503683.0
2018-03-14,2511007.1
2018-03-21,2504661.7
2018-03-28,2504653.8
2018-04-04,2509082.7
2018-04-11,2509088.8
2018-04-18,2512227.4
2018-04-25,2513049.9
2018-05-02,2509718.7
2018-05-09,2514372.9
2018-05-16,2521578.3
2018-05-23,2533557.3
2018-05-30,2543854.6
2018-06-06,2540172.0
2018-06-13,2552838.3
2018-06-20,2559394.9
2018-06-27,2566520.4
2018-07-04,2561978.4
2018-07-11,2570983.0
2018-07-18,2567683.0
2018-07-25,2570493.4
2018-08-01,2556746.2
2018-08-08,2564721.8
2018-08-15,2570469.1
2018-08-22,2569378.4
2018-08-29,2564453.9
2018-09-05,2566194.4
2018-09-12,2574708.8
2018-09-19,2575148.4
2018-09-26,2571016.7
2018-10-03,2570767.1
2018-10-10,2572743.3
2018-10-17,2569879.8
2018-10-24,2583814.7
2018-10-31,2568198.1
2018-11-07,2566561.8
2018-11-14,2587560.8
2018-11-21,2603570.8
2018-11-28,2608201.4
2018-12-05,2621788.3
2018-12-12,2650920.3
2018-12-19,2674924.5
2018-12-26,2683978.4
2019-01-02,2695121.3
2019-01-09,2701177.3
2019-01-16,2712290.2
2019-01-23,2705011.7
2019-01-30,2698180.4
2019-02-06,2701038.0
2019-02-13,2722027.0
2019-02-20,2720201.5
2019-02-27,2722717.4
2019-03-06,2726353.1
2019-03-13,2738629.9
2019-03-20,2742082.8
2019-03-27,2751665.5
2019-04-03,2754154.8
2019-04-10,2769123.9
2019-04-17,2781669.6
2019-04-24,2793869.6
2019-05-01,2784669.5
2019-05-08,2794652.6
2019-05-15,2801067.2
2019-05-22,2800393.7
2019-05-29,2804430.0
2019-06-05,2815032.8
2019-06-12,2823703.9
2019-06-19,2842977.4
2019-06-26,2847919.9
2019-07-03,2862068.3
2019-07-10,2863831.2
2019-07-17,2859111.0
2019-07-24,2872615.4
2019-07-31,2871155.5
2019-08-07,2876731.0
2019-08-14,2897293.6
2019-08-21,2905838.6
2019-08-28,2935233.2
2019-09-04,2942582.4
2019-09-11,2966110.0
2019-09-18,2986673.9
2019-09-25,2992969.6
2019-10-02,2993998.7
2019-10-09,2988304.5
2019-10-16,2979719.5
2019-10-23,2989485.3
2019-10-30,2982319.0
2019-11-06,2986415.4
2019-11-13,3008616.2
2019-11-20,3005617.1
2019-11-27,3011652.8
2019-12-04,3019509.8
2019-12-11,3022090.6
2019-12-18,2993105.8
2019-12-25,2995498.5
2020-01-01,2990561.9
2020-01-08,2978266.7
2020-01-15,3002340.7
2020-01-22,3006122.9
2020-01-29,3010879.8
2020-02-05,3017596.7
2020-02-12,3003554.0
2020-02-19,3025517.0
2020-02-26,3052862.7
2020-03-04,3112260.6
2020-03-11,3147816.2
2020-03-18,3159658.5
2020-03-25,3176508.4
2020-04-01,3150936.2
2020-04-08,3129771.0
2020-04-15,3134516.3
2020-04-22,3152070.6
2020-04-29,3172948.0
2020-05-06,3174145.7
2020-05-13,3156449.0
2020-05-20,3174125.5
2020-05-27,3183962.0
2020-06-03,3226081.4
2020-06-10,3258484.7
2020-06-17,3306833.2
2020-06-24,3333382.4
2020-07-01,3367304.7
2020-07-08,3378678.2
2020-07-15,3412187.8
2020-07-22,3423405.3
2020-07-29,3438434.3
2020-08-05,3464979.2
2020-08-12,3448446.1
2020-08-19,3482505.7
2020-08-26,3500796.1
2020-09-02,3548860.3
2020-09-09,3554157.7
2020-09-16,3551727.9
2020-09-23,3560526.0
2020-09-30,3568129.1
2020-10-07,3584746.3
2020-10-14,3600626.4
2020-10-21,3605650.5
2020-10-28,3632939.6
2020-11-04,3674263.4
2020-11-11,3670398.4
2020-11-18,3707545.5
2020-11-25,3723551.5
2020-12-02,3748594.4
2020-12-09,3743964.9
2020-12-16,3755580.2
2020-12-23,3755366.0
2020-12-30,3773148.6
2021-01-06,3797320.9
2021-01-13,3800542.6
2021-01-20,3817708.0
2021-01-27,3856608.6
2021-02-03,3881352.4
2021-02-10,3883337.6
2021-02-17,3897498.7
2021-02-24,3911098.4
2021-03-03,3951348.6
2021-03-10,3957395.6
2021-03-17,3989562.3
2021-03-24,4018240.2
2021-03-31,4018596.0
2021-04-07,4020566.5
2021-04-14,4058267.4
2021-04-21,4076644.7
2021-04-28,4088117.3
2021-05-05,4122736.0
2021-05-12,4127617.0
2021-05-19,4150024.3
2021-05-26,4166950.1
2021-06-02,4191348.6
2021-06-09,4196776.3
2021-06-16,4203769.9
2021-06-23,4213368.6
2021-06-30,4224333.2
2021-07-07,4238735.8
2021-07-14,4243614.1
2021-07-21,4239019.5
2021-07-28,4252042.2
2021-08-04,4268156.7
2021-08-11,4263383.3
2021-08-18,4290051.0
2021-08-25,4291074.6
2021-09-01,4326852.4
2021-09-08,4321169.0
2021-09-15,4339397.3
2021-09-22,4353590.4
2021-09-29,4393960.8
2021-10-06,4427775.8
2021-10-13,4446384.7
2021-10-20,4478100.1
2021-10-27,4480700.2
2021-11-03,4513131.3
2021-11-10,4514893.0
2021-11-17,4526167.0
2021-11-24,4541760.1
2021-12-01,4553690.7
2021-12-08,4539400.9
2021-12-15,4566783.9
2021-12-22,4590901.9
2021-12-29,4593735.5
2022-01-05,4658642.0
2022-01-12,4654442.4
2022-01-19,4659913.9
2022-01-26,4663062.3
2022-02-02,4684906.2
2022-02-09,4684382.2
2022-02-16,4691916.3
2022-02-23,4715662.3
2022-03-02,4705438.8
2022-03-09,4698895.4
2022-03-16,4681670.7
2022-03-23,4699588.7
2022-03-30,4694699.4
2022-04-06,4687571.5
2022-04-13,4697350.0
2022-04-20,4677143.1
2022-04-27,4686992.1
2022-05-04,4665582.3
2022-05-11,4678145.5
2022-05-18,4674187.9
2022-05-25,4676485.5
2022-06-01,4659652.2
2022-06-08,4660415.3
2022-06-15,4637551.8
2022-06-22,4642077.4
2022-06-29,4640497.4
2022-07-06,4627057.7
2022-07-13,4623097.8
2022-07-20,4604086.9
2022-07-27,4612959.9
2022-08-03,4611652.0
2022-08-10,4601146.7
2022-08-17,4596187.0
2022-08-24,4577154.0
2022-08-31,4554500.2
2022-09-07,4552415.3
2022-09-14,4535545.4
2022-09-21,4518441.9
2022-09-28,4502317.0
2022-10-05,4449653.2
2022-10-12,4431039.7
2022-10-19,4420702.1
2022-10-26,4414648.3
2022-11-02,4395766.6
2022-11-09,4391742.3
2022-11-16,4392328.6
2022-11-23,4381561.1
2022-11-30,4385961.9
2022-12-07,4402192.5
2022-12-14,4384257.0
2022-12-21,4367657.3
2022-12-28,4364540.2
2023-01-04,4345441.1
2023-01-11,4351150.8
2023-01-18,4354489.1
2023-01-25,4345071.8
2023-02-01,4352246.8
2023-02-08,4353302.1
2023-02-15,4346961.1
2023-02-22,4339605.6
2023-03-01,4318507.6
2023-03-08,4307988.2
2023-03-15,4291350.4
2023-03-22,4229558.9
2023-03-29,4123641.0
2023-04-05,4153698.2
2023-04-12,4135070.1
2023-04-19,4131154.4
2023-04-26,4145733.9
2023-05-03,4133583.3
2023-05-10,4130226.0
2023-05-17,4104230.0
2023-05-24,4096895.4
2023-05-31,4097973.3
2023-06-07,4091762.7
2023-06-14,4092734.9
2023-06-21,4083609.7
2023-06-28,4086541.4
2023-07-05,4064603.8
2023-07-12,4064495.4
2023-07-19,4068764.1
2023-07-26,4061158.7
2023-08-02,4041981.3
2023-08-09,4034186.9
2023-08-16,4028103.0
2023-08-23,4039800.5
2023-08-30,4042974.8
2023-09-06,4032354.5
2023-09-13,4045938.4
2023-09-20,4053619.3
2023-09-27,4039132.2
2023-10-04,4011125.7
2023-10-11,4011028.1
2023-10-18,3993817.0
2023-10-25,3995110.1
2023-11-01,4008916.7
2023-11-08,4017111.1
2023-11-15,4005342.9
2023-11-22,4003910.4
2023-11-29,4005601.1
2023-12-06,4030576.0
2023-12-13,4058325.3
2023-12-20,4082318.7
2023-12-27,4098928.8
2024-01-03,4089522.1
2024-01-10,4088099.2
2024-01-17,4086921.3
2024-01-24,4101438.7
2024-01-31,4087844.1
2024-02-07,4079028.4
2024-02-14,4098905.1
2024-02-21,4087479.5
2024-02-28,4110711.4
2024-03-06,4152544.4
2024-03-13,4214797.8
2024-03-20,4216157.2
2024-03-27,4231678.7
2024-04-03,4212239.3
2024-04-10,4178066.4
2024-04-17,4172964.9
2024-04-24,4168701.1
2024-05-01,4158597.2
2024-05-08,4163659.9
2024-05-15,4194061.4
2024-05-22,4188745.5
2024-05-29,4181044.7
2024-06-05,4214057.0
2024-06-12,4214576.2
2024-06-19,4252089.6
2024-06-26,4259280.5
2024-07-03,4266053.1
2024-07-10,4270420.1
2024-07-17,4281358.9
2024-07-24,4282592.2
2024-07-31,4283737.2
2024-08-07,4298907.7
2024-08-14,4329472.4
2024-08-21,4319921.4
2024-08-28,4314648.7
2024-09-04,4330572.1
2024-09-11,4346090.3
2024-09-18,4346869.5
2024-09-25,4362561.0
2024-10-02,4379953.9
2024-10-09,4390048.3
2024-10-16,4386374.4
2024-10-23,4393820.2
2024-10-30,4389724.6
2024-11-06,4386826.6
2024-11-13,4395981.2
2024-11-20,4393152.8
2024-11-27,4407409.3
2024-12-04,4406331.5
2024-12-11,4411710.0
2024-12-18,4407246.9
2024-12-25,4403802.7
2025-01-01,4395145.5
2025-01-08,4398829.6
2025-01-15,4394038.4
2025-01-22,4393644.0
2025-01-29,4382994.6
2025-02-05,4399177.7
2025-02-12,4392051.9
2025-02-19,4404187.8
2025-02-26,4423955.3
2025-03-05,4427620.0
2025-03-12,4421886.9
2025-03-19,4447459.5
2025-03-26,4458905.9
2025-04-02,4479072.8
2025-04-09,4495285.2
2025-04-16,4522499.6
2025-04-23,4530088.4
2025-04-30,4551268.3
2025-05-07,4551967.5
2025-05-14,4546544.9
2025-05-21,4545781.6
2025-05-28,4557838.1
2025-06-04,4559702.4
2025-06-11,4577137.3
2025-06-18,4576205.4
2025-06-25,4569601.9
2025-07-02,4582060.6
2025-07-09,4589482.2
2025-07-16,4593618.4
2025-07-23,4604870.4
2025-07-30,4613603.3
2025-08-06,4621449.1
2025-08-13,4629077.3
2025-08-20,4621607.1
2025-08-27,4660712.1
2025-09-03,4635204.0
2025-09-10,4651953.2
2025-09-17,4647958.5
2025-09-24,4663107.1
2025-10-01,4659949.5
2025-10-08,4661373.9
2025-10-15,4675092.2
2025-10-22,4685313.3
2025-10-29,4672457.9
2025-11-05,4673864.3
2025-11-12,4672975.7
2025-11-19,4680446.5
2025-11-26,4678679.6
2025-12-03,4663034.1
2025-12-10,4654189.7
2025-12-17,4654602.5
2025-12-24,4656894.3
2025-12-31,4651209.3
2026-01-07,4662148.1
2026-01-14,4673124.4
2026-01-21,4686161.9
2026-01-28,4693235.9
2026-02-04,4689659.8
2026-02-11,4717480.6
2026-02-18,4725009.0
2026-02-25,4720369.2
2026-03-04,4731217.2
2026-03-11,4748827.5
2026-03-18,4749165.8
2026-03-25,4752087.7
2026-04-01,4740338.1
2026-04-08,4744548.1
2026-04-15,4750936.8
2026-04-22,4728268.2
2026-04-29,4720709.0
2026-05-06,4733101.7
2026-05-13,4738263.3
2026-05-20,4739200.2
2026-05-27,4748707.0
2026-06-03,4745481.9
2026-06-10,4763527.6
2026-06-17,4766067.3
2026-06-24,4772271.6
2026-07-01,4756130.5
2026-07-08,4781949.9
2026-07-15,4836795.8
2026-07-22,4826198.3
2026-07-29,4838168.5
2026-08-05,4827188.6
2026-08-12,4808861.4
2026-08-19,4809336.1
2026-08-26,4793284.8
