category,relationship,position_metric,pearson_r,observations,return_metric
noncommercial,weekly change in noncommercial net/OI pct vs weekly price return,noncommercial_net_oi_pct_change,0.21006762415772084,555,
noncommercial,weekly change in noncommercial net/OI pct vs next monday close return,noncommercial_net_oi_pct_change,-0.006122568076730616,554,next_week_monday_return
noncommercial,weekly change in noncommercial net/OI pct vs next monday single-day return,noncommercial_net_oi_pct_change,-0.006122568076730616,554,next_week_monday_daily_return
noncommercial,weekly change in noncommercial net/OI pct vs next tuesday close return,noncommercial_net_oi_pct_change,-0.02446241776911582,554,next_week_tuesday_return
noncommercial,weekly change in noncommercial net/OI pct vs next tuesday single-day return,noncommercial_net_oi_pct_change,-0.041228882564839725,554,next_week_tuesday_daily_return
noncommercial,weekly change in noncommercial net/OI pct vs next wednesday close return,noncommercial_net_oi_pct_change,-0.03392872563641978,554,next_week_wednesday_return
noncommercial,weekly change in noncommercial net/OI pct vs next wednesday single-day return,noncommercial_net_oi_pct_change,-0.025010624665670778,554,next_week_wednesday_daily_return
noncommercial,weekly change in noncommercial net/OI pct vs next thursday close return,noncommercial_net_oi_pct_change,-0.004667945381250899,554,next_week_thursday_return
noncommercial,weekly change in noncommercial net/OI pct vs next thursday single-day return,noncommercial_net_oi_pct_change,0.06435207471511842,554,next_week_thursday_daily_return
noncommercial,weekly change in noncommercial net/OI pct vs next friday close return,noncommercial_net_oi_pct_change,0.001242519768834021,554,next_week_friday_return
noncommercial,weekly change in noncommercial net/OI pct vs next friday single-day return,noncommercial_net_oi_pct_change,0.0071557838525861854,554,next_week_friday_daily_return
noncommercial,weekly change in noncommercial net/OI pct vs next week Monday-Friday return,noncommercial_net_oi_pct_change,0.004901650349452716,554,next_week_mon_fri_return
noncommercial,weekly change in noncommercial net contracts vs weekly price return,noncommercial_net_change,0.24638026910537794,555,
noncommercial,weekly change in noncommercial net contracts vs next monday close return,noncommercial_net_change,-0.0030004703025662553,554,next_week_monday_return
noncommercial,weekly change in noncommercial net contracts vs next monday single-day return,noncommercial_net_change,-0.0030004703025662553,554,next_week_monday_daily_return
noncommercial,weekly change in noncommercial net contracts vs next tuesday close return,noncommercial_net_change,-0.020912734920777148,554,next_week_tuesday_return
noncommercial,weekly change in noncommercial net contracts vs next tuesday single-day return,noncommercial_net_change,-0.038923427657430426,554,next_week_tuesday_daily_return
noncommercial,weekly change in noncommercial net contracts vs next wednesday close return,noncommercial_net_change,-0.02148526320980365,554,next_week_wednesday_return
noncommercial,weekly change in noncommercial net contracts vs next wednesday single-day return,noncommercial_net_change,-0.00497844495774722,554,next_week_wednesday_daily_return
noncommercial,weekly change in noncommercial net contracts vs next thursday close return,noncommercial_net_change,0.0019764900724840726,554,next_week_thursday_return
noncommercial,weekly change in noncommercial net contracts vs next thursday single-day return,noncommercial_net_change,0.05286056270622855,554,next_week_thursday_daily_return
noncommercial,weekly change in noncommercial net contracts vs next friday close return,noncommercial_net_change,0.006004047346074884,554,next_week_friday_return
noncommercial,weekly change in noncommercial net contracts vs next friday single-day return,noncommercial_net_change,0.005786627858388325,554,next_week_friday_daily_return
noncommercial,weekly change in noncommercial net contracts vs next week Monday-Friday return,noncommercial_net_change,0.009826758893452808,554,next_week_mon_fri_return
noncommercial,weekly change in noncommercial long/OI pct vs weekly price return,noncommercial_long_oi_pct_change,0.1667101899629179,555,
noncommercial,weekly change in noncommercial long/OI pct vs next monday close return,noncommercial_long_oi_pct_change,0.04854634361165165,554,next_week_monday_return
noncommercial,weekly change in noncommercial long/OI pct vs next monday single-day return,noncommercial_long_oi_pct_change,0.04854634361165165,554,next_week_monday_daily_return
noncommercial,weekly change in noncommercial long/OI pct vs next tuesday close return,noncommercial_long_oi_pct_change,0.010296198782816377,554,next_week_tuesday_return
noncommercial,weekly change in noncommercial long/OI pct vs next tuesday single-day return,noncommercial_long_oi_pct_change,-0.08972116615738678,554,next_week_tuesday_daily_return
noncommercial,weekly change in noncommercial long/OI pct vs next wednesday close return,noncommercial_long_oi_pct_change,0.012902509707013335,554,next_week_wednesday_return
noncommercial,weekly change in noncommercial long/OI pct vs next wednesday single-day return,noncommercial_long_oi_pct_change,0.010357873466851356,554,next_week_wednesday_daily_return
noncommercial,weekly change in noncommercial long/OI pct vs next thursday close return,noncommercial_long_oi_pct_change,0.01266113929368136,554,next_week_thursday_return
noncommercial,weekly change in noncommercial long/OI pct vs next thursday single-day return,noncommercial_long_oi_pct_change,0.007792131545472909,554,next_week_thursday_daily_return
noncommercial,weekly change in noncommercial long/OI pct vs next friday close return,noncommercial_long_oi_pct_change,0.03325812024872054,554,next_week_friday_return
noncommercial,weekly change in noncommercial long/OI pct vs next friday single-day return,noncommercial_long_oi_pct_change,0.04779466897020219,554,next_week_friday_daily_return
noncommercial,weekly change in noncommercial long/OI pct vs next week Monday-Friday return,noncommercial_long_oi_pct_change,-0.010140642711568096,554,next_week_mon_fri_return
noncommercial,weekly change in noncommercial short/OI pct vs weekly price return,noncommercial_short_oi_pct_change,-0.12192630096806512,555,
noncommercial,weekly change in noncommercial short/OI pct vs next monday close return,noncommercial_short_oi_pct_change,0.06330534285584495,554,next_week_monday_return
noncommercial,weekly change in noncommercial short/OI pct vs next monday single-day return,noncommercial_short_oi_pct_change,0.06330534285584495,554,next_week_monday_daily_return
noncommercial,weekly change in noncommercial short/OI pct vs next tuesday close return,noncommercial_short_oi_pct_change,0.04743825304261429,554,next_week_tuesday_return
noncommercial,weekly change in noncommercial short/OI pct vs next tuesday single-day return,noncommercial_short_oi_pct_change,-0.039846577756708995,554,next_week_tuesday_daily_return
noncommercial,weekly change in noncommercial short/OI pct vs next wednesday close return,noncommercial_short_oi_pct_change,0.0642537910611543,554,next_week_wednesday_return
noncommercial,weekly change in noncommercial short/OI pct vs next wednesday single-day return,noncommercial_short_oi_pct_change,0.048312196059491816,554,next_week_wednesday_daily_return
noncommercial,weekly change in noncommercial short/OI pct vs next thursday close return,noncommercial_short_oi_pct_change,0.02101976773187343,554,next_week_thursday_return
noncommercial,weekly change in noncommercial short/OI pct vs next thursday single-day return,noncommercial_short_oi_pct_change,-0.08577082081630791,554,next_week_thursday_daily_return
noncommercial,weekly change in noncommercial short/OI pct vs next friday close return,noncommercial_short_oi_pct_change,0.03538604537945885,554,next_week_friday_return
noncommercial,weekly change in noncommercial short/OI pct vs next friday single-day return,noncommercial_short_oi_pct_change,0.042967570723508,554,next_week_friday_daily_return
noncommercial,weekly change in noncommercial short/OI pct vs next week Monday-Friday return,noncommercial_short_oi_pct_change,-0.018542892001729896,554,next_week_mon_fri_return
noncommercial,noncommercial net/OI pct vs next monday close return,noncommercial_net_oi_pct,-0.049247006346552505,555,next_week_monday_return
noncommercial,noncommercial net contracts vs next monday close return,noncommercial_net,-0.03475675258263422,555,next_week_monday_return
noncommercial,noncommercial long/OI pct vs next monday close return,noncommercial_long_oi_pct,-0.023941992076095583,555,next_week_monday_return
noncommercial,noncommercial short/OI pct vs next monday close return,noncommercial_short_oi_pct,0.06114778700204465,555,next_week_monday_return
noncommercial,noncommercial net/OI pct vs next monday single-day return,noncommercial_net_oi_pct,-0.049247006346552505,555,next_week_monday_daily_return
noncommercial,noncommercial net contracts vs next monday single-day return,noncommercial_net,-0.03475675258263422,555,next_week_monday_daily_return
noncommercial,noncommercial long/OI pct vs next monday single-day return,noncommercial_long_oi_pct,-0.023941992076095583,555,next_week_monday_daily_return
noncommercial,noncommercial short/OI pct vs next monday single-day return,noncommercial_short_oi_pct,0.06114778700204465,555,next_week_monday_daily_return
noncommercial,noncommercial net/OI pct vs next tuesday close return,noncommercial_net_oi_pct,-0.04072648817784442,555,next_week_tuesday_return
noncommercial,noncommercial net contracts vs next tuesday close return,noncommercial_net,-0.03290783962631168,555,next_week_tuesday_return
noncommercial,noncommercial long/OI pct vs next tuesday close return,noncommercial_long_oi_pct,-0.02967459869149815,555,next_week_tuesday_return
noncommercial,noncommercial short/OI pct vs next tuesday close return,noncommercial_short_oi_pct,0.04004797434123231,555,next_week_tuesday_return
noncommercial,noncommercial net/OI pct vs next tuesday single-day return,noncommercial_net_oi_pct,0.023999600045820246,555,next_week_tuesday_daily_return
noncommercial,noncommercial net contracts vs next tuesday single-day return,noncommercial_net,0.007816695868896809,555,next_week_tuesday_daily_return
noncommercial,noncommercial long/OI pct vs next tuesday single-day return,noncommercial_long_oi_pct,-0.012215048568911705,555,next_week_tuesday_daily_return
noncommercial,noncommercial short/OI pct vs next tuesday single-day return,noncommercial_short_oi_pct,-0.05524265501373736,555,next_week_tuesday_daily_return
noncommercial,noncommercial net/OI pct vs next wednesday close return,noncommercial_net_oi_pct,-0.046325933648922936,555,next_week_wednesday_return
noncommercial,noncommercial net contracts vs next wednesday close return,noncommercial_net,-0.0349933350456824,555,next_week_wednesday_return
noncommercial,noncommercial long/OI pct vs next wednesday close return,noncommercial_long_oi_pct,-0.03677556240418409,555,next_week_wednesday_return
noncommercial,noncommercial short/OI pct vs next wednesday close return,noncommercial_short_oi_pct,0.04233567904183814,555,next_week_wednesday_return
noncommercial,noncommercial net/OI pct vs next wednesday single-day return,noncommercial_net_oi_pct,-0.02396422953003249,555,next_week_wednesday_daily_return
noncommercial,noncommercial net contracts vs next wednesday single-day return,noncommercial_net,-0.013957573389615405,555,next_week_wednesday_daily_return
noncommercial,noncommercial long/OI pct vs next wednesday single-day return,noncommercial_long_oi_pct,-0.025163590429076847,555,next_week_wednesday_daily_return
noncommercial,noncommercial short/OI pct vs next wednesday single-day return,noncommercial_short_oi_pct,0.015359130379762472,555,next_week_wednesday_daily_return
noncommercial,noncommercial net/OI pct vs next thursday close return,noncommercial_net_oi_pct,-0.03117157408340884,555,next_week_thursday_return
noncommercial,noncommercial net contracts vs next thursday close return,noncommercial_net,-0.02406574260123471,555,next_week_thursday_return
noncommercial,noncommercial long/OI pct vs next thursday close return,noncommercial_long_oi_pct,-0.029025817210698104,555,next_week_thursday_return
noncommercial,noncommercial short/OI pct vs next thursday close return,noncommercial_short_oi_pct,0.023926456728381743,555,next_week_thursday_return
noncommercial,noncommercial net/OI pct vs next thursday single-day return,noncommercial_net_oi_pct,0.022081462744651538,555,next_week_thursday_daily_return
noncommercial,noncommercial net contracts vs next thursday single-day return,noncommercial_net,0.015409854904856399,555,next_week_thursday_daily_return
noncommercial,noncommercial long/OI pct vs next thursday single-day return,noncommercial_long_oi_pct,0.008960614687431546,555,next_week_thursday_daily_return
noncommercial,noncommercial short/OI pct vs next thursday single-day return,noncommercial_short_oi_pct,-0.029308060003311424,555,next_week_thursday_daily_return
noncommercial,noncommercial net/OI pct vs next friday close return,noncommercial_net_oi_pct,-0.039484125533438816,555,next_week_friday_return
noncommercial,noncommercial net contracts vs next friday close return,noncommercial_net,-0.031335843109869935,555,next_week_friday_return
noncommercial,noncommercial long/OI pct vs next friday close return,noncommercial_long_oi_pct,-0.024219799540673957,555,next_week_friday_return
noncommercial,noncommercial short/OI pct vs next friday close return,noncommercial_short_oi_pct,0.043673193600006564,555,next_week_friday_return
noncommercial,noncommercial net/OI pct vs next friday single-day return,noncommercial_net_oi_pct,-0.025845723874125842,555,next_week_friday_daily_return
noncommercial,noncommercial net contracts vs next friday single-day return,noncommercial_net,-0.021593624660423503,555,next_week_friday_daily_return
noncommercial,noncommercial long/OI pct vs next friday single-day return,noncommercial_long_oi_pct,0.006243933551500766,555,next_week_friday_daily_return
noncommercial,noncommercial short/OI pct vs next friday single-day return,noncommercial_short_oi_pct,0.052129749202596845,555,next_week_friday_daily_return
noncommercial,noncommercial net/OI pct vs next week Monday-Friday return,noncommercial_net_oi_pct,-0.0023452123437618915,555,next_week_mon_fri_return
noncommercial,noncommercial net contracts vs next week Monday-Friday return,noncommercial_net,-0.006704136366152975,555,next_week_mon_fri_return
noncommercial,noncommercial long/OI pct vs next week Monday-Friday return,noncommercial_long_oi_pct,-0.010820075492782934,555,next_week_mon_fri_return
noncommercial,noncommercial short/OI pct vs next week Monday-Friday return,noncommercial_short_oi_pct,-0.007400550573169679,555,next_week_mon_fri_return
noncommercial,noncommercial net/OI pct vs forward 1w price return,noncommercial_net_oi_pct,-0.0430238301233546,555,forward_return_1w
noncommercial,noncommercial net contracts vs forward 1w price return,noncommercial_net,-0.033900738580056065,555,forward_return_1w
noncommercial,noncommercial long/OI pct vs forward 1w price return,noncommercial_long_oi_pct,-0.028998424772657388,555,forward_return_1w
noncommercial,noncommercial short/OI pct vs forward 1w price return,noncommercial_short_oi_pct,0.044810706864053036,555,forward_return_1w
noncommercial,noncommercial net/OI pct vs forward 2w price return,noncommercial_net_oi_pct,-0.05565189532422419,554,forward_return_2w
noncommercial,noncommercial net contracts vs forward 2w price return,noncommercial_net,-0.04396873912121016,554,forward_return_2w
noncommercial,noncommercial long/OI pct vs forward 2w price return,noncommercial_long_oi_pct,-0.0419340303625558,554,forward_return_2w
noncommercial,noncommercial short/OI pct vs forward 2w price return,noncommercial_short_oi_pct,0.05329787720696424,554,forward_return_2w
noncommercial,noncommercial net/OI pct vs forward 3w price return,noncommercial_net_oi_pct,-0.06972677315501882,553,forward_return_3w
noncommercial,noncommercial net contracts vs forward 3w price return,noncommercial_net,-0.059027052565727885,553,forward_return_3w
noncommercial,noncommercial long/OI pct vs forward 3w price return,noncommercial_long_oi_pct,-0.05695800414551463,553,forward_return_3w
noncommercial,noncommercial short/OI pct vs forward 3w price return,noncommercial_short_oi_pct,0.062101606647152696,553,forward_return_3w
noncommercial,noncommercial net/OI pct vs forward 4w price return,noncommercial_net_oi_pct,-0.08047617234722997,552,forward_return_4w
noncommercial,noncommercial net contracts vs forward 4w price return,noncommercial_net,-0.0667359674282552,552,forward_return_4w
noncommercial,noncommercial long/OI pct vs forward 4w price return,noncommercial_long_oi_pct,-0.06746973822981825,552,forward_return_4w
noncommercial,noncommercial short/OI pct vs forward 4w price return,noncommercial_short_oi_pct,0.06986735275309061,552,forward_return_4w
noncommercial,noncommercial net/OI pct vs forward 13w price return,noncommercial_net_oi_pct,-0.0721785857588344,543,forward_return_13w
noncommercial,noncommercial net contracts vs forward 13w price return,noncommercial_net,-0.07352146634832246,543,forward_return_13w
noncommercial,noncommercial long/OI pct vs forward 13w price return,noncommercial_long_oi_pct,-0.07750932853363963,543,forward_return_13w
noncommercial,noncommercial short/OI pct vs forward 13w price return,noncommercial_short_oi_pct,0.045121691869626654,543,forward_return_13w
noncommercial,noncommercial net/OI pct vs forward 26w price return,noncommercial_net_oi_pct,-0.047559835415490526,530,forward_return_26w
noncommercial,noncommercial net contracts vs forward 26w price return,noncommercial_net,-0.036714959645105176,530,forward_return_26w
noncommercial,noncommercial long/OI pct vs forward 26w price return,noncommercial_long_oi_pct,-0.039696030552915006,530,forward_return_26w
noncommercial,noncommercial short/OI pct vs forward 26w price return,noncommercial_short_oi_pct,0.04273504962187547,530,forward_return_26w
noncommercial,noncommercial net/OI pct vs forward 52w price return,noncommercial_net_oi_pct,-0.06071669508404161,504,forward_return_52w
noncommercial,noncommercial net contracts vs forward 52w price return,noncommercial_net,-0.042567649071317284,504,forward_return_52w
noncommercial,noncommercial long/OI pct vs forward 52w price return,noncommercial_long_oi_pct,-0.08604600472171585,504,forward_return_52w
noncommercial,noncommercial short/OI pct vs forward 52w price return,noncommercial_short_oi_pct,0.01984602128158788,504,forward_return_52w
commercial,weekly change in commercial net/OI pct vs weekly price return,commercial_net_oi_pct_change,-0.12290550478425553,555,
commercial,weekly change in commercial net/OI pct vs next monday close return,commercial_net_oi_pct_change,0.012687036656935675,554,next_week_monday_return
commercial,weekly change in commercial net/OI pct vs next monday single-day return,commercial_net_oi_pct_change,0.012687036656935675,554,next_week_monday_daily_return
commercial,weekly change in commercial net/OI pct vs next tuesday close return,commercial_net_oi_pct_change,0.04757621508031829,554,next_week_tuesday_return
commercial,weekly change in commercial net/OI pct vs next tuesday single-day return,commercial_net_oi_pct_change,0.07322025370706059,554,next_week_tuesday_daily_return
commercial,weekly change in commercial net/OI pct vs next wednesday close return,commercial_net_oi_pct_change,0.057192830440125575,554,next_week_wednesday_return
commercial,weekly change in commercial net/OI pct vs next wednesday single-day return,commercial_net_oi_pct_change,0.030891531949904488,554,next_week_wednesday_daily_return
commercial,weekly change in commercial net/OI pct vs next thursday close return,commercial_net_oi_pct_change,0.02964535581538446,554,next_week_thursday_return
commercial,weekly change in commercial net/OI pct vs next thursday single-day return,commercial_net_oi_pct_change,-0.05633679008875838,554,next_week_thursday_daily_return
commercial,weekly change in commercial net/OI pct vs next friday close return,commercial_net_oi_pct_change,0.022759339879327968,554,next_week_friday_return
commercial,weekly change in commercial net/OI pct vs next friday single-day return,commercial_net_oi_pct_change,-0.003475952959420888,554,next_week_friday_daily_return
commercial,weekly change in commercial net/OI pct vs next week Monday-Friday return,commercial_net_oi_pct_change,0.020214417915564945,554,next_week_mon_fri_return
commercial,weekly change in commercial net contracts vs weekly price return,commercial_net_change,-0.18014363590607654,555,
commercial,weekly change in commercial net contracts vs next monday close return,commercial_net_change,0.0018417893400214218,554,next_week_monday_return
commercial,weekly change in commercial net contracts vs next monday single-day return,commercial_net_change,0.0018417893400214218,554,next_week_monday_daily_return
commercial,weekly change in commercial net contracts vs next tuesday close return,commercial_net_change,0.03170838103629754,554,next_week_tuesday_return
commercial,weekly change in commercial net contracts vs next tuesday single-day return,commercial_net_change,0.06301500045648466,554,next_week_tuesday_daily_return
commercial,weekly change in commercial net contracts vs next wednesday close return,commercial_net_change,0.033863339536136315,554,next_week_wednesday_return
commercial,weekly change in commercial net contracts vs next wednesday single-day return,commercial_net_change,0.01148661299773774,554,next_week_wednesday_daily_return
commercial,weekly change in commercial net contracts vs next thursday close return,commercial_net_change,0.009734565760993503,554,next_week_thursday_return
commercial,weekly change in commercial net contracts vs next thursday single-day return,commercial_net_change,-0.05276198682768997,554,next_week_thursday_daily_return
commercial,weekly change in commercial net contracts vs next friday close return,commercial_net_change,0.005564522474403529,554,next_week_friday_return
commercial,weekly change in commercial net contracts vs next friday single-day return,commercial_net_change,-0.0025069856405525695,554,next_week_friday_daily_return
commercial,weekly change in commercial net contracts vs next week Monday-Friday return,commercial_net_change,0.007211330409412109,554,next_week_mon_fri_return
commercial,weekly change in commercial long/OI pct vs weekly price return,commercial_long_oi_pct_change,-0.14871144243778184,555,
commercial,weekly change in commercial long/OI pct vs next monday close return,commercial_long_oi_pct_change,-0.03940270032809004,554,next_week_monday_return
commercial,weekly change in commercial long/OI pct vs next monday single-day return,commercial_long_oi_pct_change,-0.03940270032809004,554,next_week_monday_daily_return
commercial,weekly change in commercial long/OI pct vs next tuesday close return,commercial_long_oi_pct_change,0.018312722641798423,554,next_week_tuesday_return
commercial,weekly change in commercial long/OI pct vs next tuesday single-day return,commercial_long_oi_pct_change,0.1293329467383855,554,next_week_tuesday_daily_return
commercial,weekly change in commercial long/OI pct vs next wednesday close return,commercial_long_oi_pct_change,0.023661486343681936,554,next_week_wednesday_return
commercial,weekly change in commercial long/OI pct vs next wednesday single-day return,commercial_long_oi_pct_change,0.01237599721790213,554,next_week_wednesday_daily_return
commercial,weekly change in commercial long/OI pct vs next thursday close return,commercial_long_oi_pct_change,0.004157199024390555,554,next_week_thursday_return
commercial,weekly change in commercial long/OI pct vs next thursday single-day return,commercial_long_oi_pct_change,-0.04742486471643294,554,next_week_thursday_daily_return
commercial,weekly change in commercial long/OI pct vs next friday close return,commercial_long_oi_pct_change,-0.016674811138514288,554,next_week_friday_return
commercial,weekly change in commercial long/OI pct vs next friday single-day return,commercial_long_oi_pct_change,-0.04173932575665348,554,next_week_friday_daily_return
commercial,weekly change in commercial long/OI pct vs next week Monday-Friday return,commercial_long_oi_pct_change,0.02265277104902453,554,next_week_mon_fri_return
commercial,weekly change in commercial short/OI pct vs weekly price return,commercial_short_oi_pct_change,0.02548232786346405,555,
commercial,weekly change in commercial short/OI pct vs next monday close return,commercial_short_oi_pct_change,-0.06182977608700855,554,next_week_monday_return
commercial,weekly change in commercial short/OI pct vs next monday single-day return,commercial_short_oi_pct_change,-0.06182977608700855,554,next_week_monday_daily_return
commercial,weekly change in commercial short/OI pct vs next tuesday close return,commercial_short_oi_pct_change,-0.052297871777438984,554,next_week_tuesday_return
commercial,weekly change in commercial short/OI pct vs next tuesday single-day return,commercial_short_oi_pct_change,0.028879288046531892,554,next_week_tuesday_daily_return
commercial,weekly change in commercial short/OI pct vs next wednesday close return,commercial_short_oi_pct_change,-0.061087871693885284,554,next_week_wednesday_return
commercial,weekly change in commercial short/OI pct vs next wednesday single-day return,commercial_short_oi_pct_change,-0.033432466910978495,554,next_week_wednesday_daily_return
commercial,weekly change in commercial short/OI pct vs next thursday close return,commercial_short_oi_pct_change,-0.04043041996461875,554,next_week_thursday_return
commercial,weekly change in commercial short/OI pct vs next thursday single-day return,commercial_short_oi_pct_change,0.03409684574777541,554,next_week_thursday_daily_return
commercial,weekly change in commercial short/OI pct vs next friday close return,commercial_short_oi_pct_change,-0.05251944428431676,554,next_week_friday_return
commercial,weekly change in commercial short/OI pct vs next friday single-day return,commercial_short_oi_pct_change,-0.03986241006952516,554,next_week_friday_daily_return
commercial,weekly change in commercial short/OI pct vs next week Monday-Friday return,commercial_short_oi_pct_change,-0.006140505846344406,554,next_week_mon_fri_return
commercial,commercial net/OI pct vs next monday close return,commercial_net_oi_pct,0.06039419012045212,555,next_week_monday_return
commercial,commercial net contracts vs next monday close return,commercial_net,0.04233228023973174,555,next_week_monday_return
commercial,commercial long/OI pct vs next monday close return,commercial_long_oi_pct,0.03912874831901998,555,next_week_monday_return
commercial,commercial short/OI pct vs next monday close return,commercial_short_oi_pct,-0.0664502622635072,555,next_week_monday_return
commercial,commercial net/OI pct vs next monday single-day return,commercial_net_oi_pct,0.06039419012045212,555,next_week_monday_daily_return
commercial,commercial net contracts vs next monday single-day return,commercial_net,0.04233228023973174,555,next_week_monday_daily_return
commercial,commercial long/OI pct vs next monday single-day return,commercial_long_oi_pct,0.03912874831901998,555,next_week_monday_daily_return
commercial,commercial short/OI pct vs next monday single-day return,commercial_short_oi_pct,-0.0664502622635072,555,next_week_monday_daily_return
commercial,commercial net/OI pct vs next tuesday close return,commercial_net_oi_pct,0.05291287824622445,555,next_week_tuesday_return
commercial,commercial net contracts vs next tuesday close return,commercial_net,0.041090158179101034,555,next_week_tuesday_return
commercial,commercial long/OI pct vs next tuesday close return,commercial_long_oi_pct,0.05017760595908821,555,next_week_tuesday_return
commercial,commercial short/OI pct vs next tuesday close return,commercial_short_oi_pct,-0.042593836972934986,555,next_week_tuesday_return
commercial,commercial net/OI pct vs next tuesday single-day return,commercial_net_oi_pct,-0.023754616278716497,555,next_week_tuesday_daily_return
commercial,commercial net contracts vs next tuesday single-day return,commercial_net,-0.007718156850250541,555,next_week_tuesday_daily_return
commercial,commercial long/OI pct vs next tuesday single-day return,commercial_long_oi_pct,0.020681508060774758,555,next_week_tuesday_daily_return
commercial,commercial short/OI pct vs next tuesday single-day return,commercial_short_oi_pct,0.061593529466467636,555,next_week_tuesday_daily_return
commercial,commercial net/OI pct vs next wednesday close return,commercial_net_oi_pct,0.060768294559947304,555,next_week_wednesday_return
commercial,commercial net contracts vs next wednesday close return,commercial_net,0.04440272542517148,555,next_week_wednesday_return
commercial,commercial long/OI pct vs next wednesday close return,commercial_long_oi_pct,0.05627740406445502,555,next_week_wednesday_return
commercial,commercial short/OI pct vs next wednesday close return,commercial_short_oi_pct,-0.050243827879046285,555,next_week_wednesday_return
commercial,commercial net/OI pct vs next wednesday single-day return,commercial_net_oi_pct,0.03209832593070605,555,next_week_wednesday_daily_return
commercial,commercial net contracts vs next wednesday single-day return,commercial_net,0.018883429536649614,555,next_week_wednesday_daily_return
commercial,commercial long/OI pct vs next wednesday single-day return,commercial_long_oi_pct,0.027493998173180576,555,next_week_wednesday_daily_return
commercial,commercial short/OI pct vs next wednesday single-day return,commercial_short_oi_pct,-0.02873335985736238,555,next_week_wednesday_daily_return
commercial,commercial net/OI pct vs next thursday close return,commercial_net_oi_pct,0.045152377518767585,555,next_week_thursday_return
commercial,commercial net contracts vs next thursday close return,commercial_net,0.033907881497841255,555,next_week_thursday_return
commercial,commercial long/OI pct vs next thursday close return,commercial_long_oi_pct,0.04977966273198873,555,next_week_thursday_return
commercial,commercial short/OI pct vs next thursday close return,commercial_short_oi_pct,-0.02950407843954688,555,next_week_thursday_return
commercial,commercial net/OI pct vs next thursday single-day return,commercial_net_oi_pct,-0.01953729578736005,555,next_week_thursday_daily_return
commercial,commercial net contracts vs next thursday single-day return,commercial_net,-0.012008977580019231,555,next_week_thursday_daily_return
commercial,commercial long/OI pct vs next thursday single-day return,commercial_long_oi_pct,-0.000584289137104403,555,next_week_thursday_daily_return
commercial,commercial short/OI pct vs next thursday single-day return,commercial_short_oi_pct,0.03336429035521932,555,next_week_thursday_daily_return
commercial,commercial net/OI pct vs next friday close return,commercial_net_oi_pct,0.0551992637281394,555,next_week_friday_return
commercial,commercial net contracts vs next friday close return,commercial_net,0.04189619755838973,555,next_week_friday_return
commercial,commercial long/OI pct vs next friday close return,commercial_long_oi_pct,0.046659189854970876,555,next_week_friday_return
commercial,commercial short/OI pct vs next friday close return,commercial_short_oi_pct,-0.05002399459363959,555,next_week_friday_return
commercial,commercial net/OI pct vs next friday single-day return,commercial_net_oi_pct,0.03254198415376901,555,next_week_friday_daily_return
commercial,commercial net contracts vs next friday single-day return,commercial_net,0.025005094419039246,555,next_week_friday_daily_return
commercial,commercial long/OI pct vs next friday single-day return,commercial_long_oi_pct,0.0017090651705470522,555,next_week_friday_daily_return
commercial,commercial short/OI pct vs next friday single-day return,commercial_short_oi_pct,-0.05484938824768135,555,next_week_friday_daily_return
commercial,commercial net/OI pct vs next week Monday-Friday return,commercial_net_oi_pct,0.011880016793047015,555,next_week_mon_fri_return
commercial,commercial net contracts vs next week Monday-Friday return,commercial_net,0.01314945650523868,555,next_week_mon_fri_return
commercial,commercial long/OI pct vs next week Monday-Friday return,commercial_long_oi_pct,0.025170063081537297,555,next_week_mon_fri_return
commercial,commercial short/OI pct vs next week Monday-Friday return,commercial_short_oi_pct,0.004103944330764223,555,next_week_mon_fri_return
commercial,commercial net/OI pct vs forward 1w price return,commercial_net_oi_pct,0.05561469776244312,555,forward_return_1w
commercial,commercial net contracts vs forward 1w price return,commercial_net,0.04235231800042079,555,forward_return_1w
commercial,commercial long/OI pct vs forward 1w price return,commercial_long_oi_pct,0.04927520709147905,555,forward_return_1w
commercial,commercial short/OI pct vs forward 1w price return,commercial_short_oi_pct,-0.04817423485758498,555,forward_return_1w
commercial,commercial net/OI pct vs forward 2w price return,commercial_net_oi_pct,0.06918993226955254,554,forward_return_2w
commercial,commercial net contracts vs forward 2w price return,commercial_net,0.05398402841518271,554,forward_return_2w
commercial,commercial long/OI pct vs forward 2w price return,commercial_long_oi_pct,0.06484409377827022,554,forward_return_2w
commercial,commercial short/OI pct vs forward 2w price return,commercial_short_oi_pct,-0.056491102782234064,554,forward_return_2w
commercial,commercial net/OI pct vs forward 3w price return,commercial_net_oi_pct,0.08645047196595249,553,forward_return_3w
commercial,commercial net contracts vs forward 3w price return,commercial_net,0.07196403159916095,553,forward_return_3w
commercial,commercial long/OI pct vs forward 3w price return,commercial_long_oi_pct,0.0886704376057207,553,forward_return_3w
commercial,commercial short/OI pct vs forward 3w price return,commercial_short_oi_pct,-0.06310932540541794,553,forward_return_3w
commercial,commercial net/OI pct vs forward 4w price return,commercial_net_oi_pct,0.10015486047156498,552,forward_return_4w
commercial,commercial net contracts vs forward 4w price return,commercial_net,0.08230976666507593,552,forward_return_4w
commercial,commercial long/OI pct vs forward 4w price return,commercial_long_oi_pct,0.10709010046400468,552,forward_return_4w
commercial,commercial short/OI pct vs forward 4w price return,commercial_short_oi_pct,-0.06879549407252021,552,forward_return_4w
commercial,commercial net/OI pct vs forward 13w price return,commercial_net_oi_pct,0.08779967961022936,543,forward_return_13w
commercial,commercial net contracts vs forward 13w price return,commercial_net,0.09242232541242802,543,forward_return_13w
commercial,commercial long/OI pct vs forward 13w price return,commercial_long_oi_pct,0.10043581102958633,543,forward_return_13w
commercial,commercial short/OI pct vs forward 13w price return,commercial_short_oi_pct,-0.05438887939719607,543,forward_return_13w
commercial,commercial net/OI pct vs forward 26w price return,commercial_net_oi_pct,0.07228377827192778,530,forward_return_26w
commercial,commercial net contracts vs forward 26w price return,commercial_net,0.06087955315038118,530,forward_return_26w
commercial,commercial long/OI pct vs forward 26w price return,commercial_long_oi_pct,0.05754106891440041,530,forward_return_26w
commercial,commercial short/OI pct vs forward 26w price return,commercial_short_oi_pct,-0.07073477703410436,530,forward_return_26w
commercial,commercial net/OI pct vs forward 52w price return,commercial_net_oi_pct,0.1176659400870547,504,forward_return_52w
commercial,commercial net contracts vs forward 52w price return,commercial_net,0.09283964733994993,504,forward_return_52w
commercial,commercial long/OI pct vs forward 52w price return,commercial_long_oi_pct,0.15386782416907976,504,forward_return_52w
commercial,commercial short/OI pct vs forward 52w price return,commercial_short_oi_pct,-0.060098614367890726,504,forward_return_52w
total_reportable,weekly change in total reportable net/OI pct vs weekly price return,total_reportable_net_oi_pct_change,0.2271815552129555,555,
total_reportable,weekly change in total reportable net/OI pct vs next monday close return,total_reportable_net_oi_pct_change,0.02072434236388645,554,next_week_monday_return
total_reportable,weekly change in total reportable net/OI pct vs next monday single-day return,total_reportable_net_oi_pct_change,0.02072434236388645,554,next_week_monday_daily_return
total_reportable,weekly change in total reportable net/OI pct vs next tuesday close return,total_reportable_net_oi_pct_change,0.0733857319427689,554,next_week_tuesday_return
total_reportable,weekly change in total reportable net/OI pct vs next tuesday single-day return,total_reportable_net_oi_pct_change,0.10274179657924751,554,next_week_tuesday_daily_return
total_reportable,weekly change in total reportable net/OI pct vs next wednesday close return,total_reportable_net_oi_pct_change,0.07537649193637758,554,next_week_wednesday_return
total_reportable,weekly change in total reportable net/OI pct vs next wednesday single-day return,total_reportable_net_oi_pct_change,0.021723015439350377,554,next_week_wednesday_daily_return
total_reportable,weekly change in total reportable net/OI pct vs next thursday close return,total_reportable_net_oi_pct_change,0.07577636292210228,554,next_week_thursday_return
total_reportable,weekly change in total reportable net/OI pct vs next thursday single-day return,total_reportable_net_oi_pct_change,0.01364056123523456,554,next_week_thursday_daily_return
total_reportable,weekly change in total reportable net/OI pct vs next friday close return,total_reportable_net_oi_pct_change,0.07185667292458797,554,next_week_friday_return
total_reportable,weekly change in total reportable net/OI pct vs next friday single-day return,total_reportable_net_oi_pct_change,0.00981264134076754,554,next_week_friday_daily_return
total_reportable,weekly change in total reportable net/OI pct vs next week Monday-Friday return,total_reportable_net_oi_pct_change,0.0745881093069597,554,next_week_mon_fri_return
total_reportable,weekly change in total reportable net contracts vs weekly price return,total_reportable_net_change,0.1719288768910537,555,
total_reportable,weekly change in total reportable net contracts vs next monday close return,total_reportable_net_change,-0.003180824037497578,554,next_week_monday_return
total_reportable,weekly change in total reportable net contracts vs next monday single-day return,total_reportable_net_change,-0.003180824037497578,554,next_week_monday_daily_return
total_reportable,weekly change in total reportable net contracts vs next tuesday close return,total_reportable_net_change,0.03636101131137051,554,next_week_tuesday_return
total_reportable,weekly change in total reportable net contracts vs next tuesday single-day return,total_reportable_net_change,0.08006851607791289,554,next_week_tuesday_daily_return
total_reportable,weekly change in total reportable net contracts vs next wednesday close return,total_reportable_net_change,0.041350788300102796,554,next_week_wednesday_return
total_reportable,weekly change in total reportable net contracts vs next wednesday single-day return,total_reportable_net_change,0.020881854723939348,554,next_week_wednesday_daily_return
total_reportable,weekly change in total reportable net contracts vs next thursday close return,total_reportable_net_change,0.0361502008796321,554,next_week_thursday_return
total_reportable,weekly change in total reportable net contracts vs next thursday single-day return,total_reportable_net_change,-0.006734333928243881,554,next_week_thursday_daily_return
total_reportable,weekly change in total reportable net contracts vs next friday close return,total_reportable_net_change,0.03515014867498172,554,next_week_friday_return
total_reportable,weekly change in total reportable net contracts vs next friday single-day return,total_reportable_net_change,0.009373221912738311,554,next_week_friday_daily_return
total_reportable,weekly change in total reportable net contracts vs next week Monday-Friday return,total_reportable_net_change,0.051619011620244105,554,next_week_mon_fri_return
total_reportable,weekly change in total reportable long/OI pct vs weekly price return,total_reportable_long_oi_pct_change,0.11795348470251685,555,
total_reportable,weekly change in total reportable long/OI pct vs next monday close return,total_reportable_long_oi_pct_change,0.025021751749983293,554,next_week_monday_return
total_reportable,weekly change in total reportable long/OI pct vs next monday single-day return,total_reportable_long_oi_pct_change,0.025021751749983293,554,next_week_monday_daily_return
total_reportable,weekly change in total reportable long/OI pct vs next tuesday close return,total_reportable_long_oi_pct_change,0.06729632787167845,554,next_week_tuesday_return
total_reportable,weekly change in total reportable long/OI pct vs next tuesday single-day return,total_reportable_long_oi_pct_change,0.07997642114430378,554,next_week_tuesday_daily_return
total_reportable,weekly change in total reportable long/OI pct vs next wednesday close return,total_reportable_long_oi_pct_change,0.08050481698060213,554,next_week_wednesday_return
total_reportable,weekly change in total reportable long/OI pct vs next wednesday single-day return,total_reportable_long_oi_pct_change,0.04172803616098699,554,next_week_wednesday_daily_return
total_reportable,weekly change in total reportable long/OI pct vs next thursday close return,total_reportable_long_oi_pct_change,0.04797582238446135,554,next_week_thursday_return
total_reportable,weekly change in total reportable long/OI pct vs next thursday single-day return,total_reportable_long_oi_pct_change,-0.06149353654979164,554,next_week_thursday_daily_return
total_reportable,weekly change in total reportable long/OI pct vs next friday close return,total_reportable_long_oi_pct_change,0.05322270883678667,554,next_week_friday_return
total_reportable,weekly change in total reportable long/OI pct vs next friday single-day return,total_reportable_long_oi_pct_change,0.028337653049247485,554,next_week_friday_daily_return
total_reportable,weekly change in total reportable long/OI pct vs next week Monday-Friday return,total_reportable_long_oi_pct_change,0.04314033972946928,554,next_week_mon_fri_return
total_reportable,weekly change in total reportable short/OI pct vs weekly price return,total_reportable_short_oi_pct_change,-0.1698460939477594,555,
total_reportable,weekly change in total reportable short/OI pct vs next monday close return,total_reportable_short_oi_pct_change,-0.0024386067717559953,554,next_week_monday_return
total_reportable,weekly change in total reportable short/OI pct vs next monday single-day return,total_reportable_short_oi_pct_change,-0.0024386067717559953,554,next_week_monday_daily_return
total_reportable,weekly change in total reportable short/OI pct vs next tuesday close return,total_reportable_short_oi_pct_change,-0.028130197007076883,554,next_week_tuesday_return
total_reportable,weekly change in total reportable short/OI pct vs next tuesday single-day return,total_reportable_short_oi_pct_change,-0.05241218327550234,554,next_week_tuesday_daily_return
total_reportable,weekly change in total reportable short/OI pct vs next wednesday close return,total_reportable_short_oi_pct_change,-0.0184782671405899,554,next_week_wednesday_return
total_reportable,weekly change in total reportable short/OI pct vs next wednesday single-day return,total_reportable_short_oi_pct_change,0.011626394869364436,554,next_week_wednesday_daily_return
total_reportable,weekly change in total reportable short/OI pct vs next thursday close return,total_reportable_short_oi_pct_change,-0.04873010614755315,554,next_week_thursday_return
total_reportable,weekly change in total reportable short/OI pct vs next thursday single-day return,total_reportable_short_oi_pct_change,-0.07293850710053425,554,next_week_thursday_daily_return
total_reportable,weekly change in total reportable short/OI pct vs next friday close return,total_reportable_short_oi_pct_change,-0.03913806279905285,554,next_week_friday_return
total_reportable,weekly change in total reportable short/OI pct vs next friday single-day return,total_reportable_short_oi_pct_change,0.013933448046938166,554,next_week_friday_daily_return
total_reportable,weekly change in total reportable short/OI pct vs next week Monday-Friday return,total_reportable_short_oi_pct_change,-0.05170194486360442,554,next_week_mon_fri_return
total_reportable,total reportable net/OI pct vs next monday close return,total_reportable_net_oi_pct,0.07483207820290351,555,next_week_monday_return
total_reportable,total reportable net contracts vs next monday close return,total_reportable_net,0.05642707381856021,555,next_week_monday_return
total_reportable,total reportable long/OI pct vs next monday close return,total_reportable_long_oi_pct,0.02264781862774033,555,next_week_monday_return
total_reportable,total reportable short/OI pct vs next monday close return,total_reportable_short_oi_pct,-0.07446391626255897,555,next_week_monday_return
total_reportable,total reportable net/OI pct vs next monday single-day return,total_reportable_net_oi_pct,0.07483207820290351,555,next_week_monday_daily_return
total_reportable,total reportable net contracts vs next monday single-day return,total_reportable_net,0.05642707381856021,555,next_week_monday_daily_return
total_reportable,total reportable long/OI pct vs next monday single-day return,total_reportable_long_oi_pct,0.02264781862774033,555,next_week_monday_daily_return
total_reportable,total reportable short/OI pct vs next monday single-day return,total_reportable_short_oi_pct,-0.07446391626255897,555,next_week_monday_daily_return
total_reportable,total reportable net/OI pct vs next tuesday close return,total_reportable_net_oi_pct,0.07931464076659688,555,next_week_tuesday_return
total_reportable,total reportable net contracts vs next tuesday close return,total_reportable_net,0.05998178653644887,555,next_week_tuesday_return
total_reportable,total reportable long/OI pct vs next tuesday close return,total_reportable_long_oi_pct,0.03529558878487562,555,next_week_tuesday_return
total_reportable,total reportable short/OI pct vs next tuesday close return,total_reportable_short_oi_pct,-0.07117269473400269,555,next_week_tuesday_return
total_reportable,total reportable net/OI pct vs next tuesday single-day return,total_reportable_net_oi_pct,-0.0031242232482067084,555,next_week_tuesday_daily_return
total_reportable,total reportable net contracts vs next tuesday single-day return,total_reportable_net,-0.0009872589394072221,555,next_week_tuesday_daily_return
total_reportable,total reportable long/OI pct vs next tuesday single-day return,total_reportable_long_oi_pct,0.01919191510723999,555,next_week_tuesday_daily_return
total_reportable,total reportable short/OI pct vs next tuesday single-day return,total_reportable_short_oi_pct,0.016933877210728608,555,next_week_tuesday_daily_return
total_reportable,total reportable net/OI pct vs next wednesday close return,total_reportable_net_oi_pct,0.09361895649764158,555,next_week_wednesday_return
total_reportable,total reportable net contracts vs next wednesday close return,total_reportable_net,0.0683751860305307,555,next_week_wednesday_return
total_reportable,total reportable long/OI pct vs next wednesday close return,total_reportable_long_oi_pct,0.032054928663809615,555,next_week_wednesday_return
total_reportable,total reportable short/OI pct vs next wednesday close return,total_reportable_short_oi_pct,-0.09060357919211842,555,next_week_wednesday_return
total_reportable,total reportable net/OI pct vs next wednesday single-day return,total_reportable_net_oi_pct,0.05230714839929896,555,next_week_wednesday_daily_return
total_reportable,total reportable net contracts vs next wednesday single-day return,total_reportable_net,0.03487248805157613,555,next_week_wednesday_daily_return
total_reportable,total reportable long/OI pct vs next wednesday single-day return,total_reportable_long_oi_pct,0.0021006524234820413,555,next_week_wednesday_daily_return
total_reportable,total reportable short/OI pct vs next wednesday single-day return,total_reportable_short_oi_pct,-0.061475921051464134,555,next_week_wednesday_daily_return
total_reportable,total reportable net/OI pct vs next thursday close return,total_reportable_net_oi_pct,0.08802781462374419,555,next_week_thursday_return
total_reportable,total reportable net contracts vs next thursday close return,total_reportable_net,0.06890652746068492,555,next_week_thursday_return
total_reportable,total reportable long/OI pct vs next thursday close return,total_reportable_long_oi_pct,0.02307239384476146,555,next_week_thursday_return
total_reportable,total reportable short/OI pct vs next thursday close return,total_reportable_short_oi_pct,-0.0900450325896414,555,next_week_thursday_return
total_reportable,total reportable net/OI pct vs next thursday single-day return,total_reportable_net_oi_pct,0.010744662511197893,555,next_week_thursday_daily_return
total_reportable,total reportable net contracts vs next thursday single-day return,total_reportable_net,0.018865599877996405,555,next_week_thursday_daily_return
total_reportable,total reportable long/OI pct vs next thursday single-day return,total_reportable_long_oi_pct,-0.013744169295164485,555,next_week_thursday_daily_return
total_reportable,total reportable short/OI pct vs next thursday single-day return,total_reportable_short_oi_pct,-0.02236012964611178,555,next_week_thursday_daily_return
total_reportable,total reportable net/OI pct vs next friday close return,total_reportable_net_oi_pct,0.09978532280763903,555,next_week_friday_return
total_reportable,total reportable net contracts vs next friday close return,total_reportable_net,0.07507965801123456,555,next_week_friday_return
total_reportable,total reportable long/OI pct vs next friday close return,total_reportable_long_oi_pct,0.02503720776543784,555,next_week_friday_return
total_reportable,total reportable short/OI pct vs next friday close return,total_reportable_short_oi_pct,-0.10283873973858963,555,next_week_friday_return
total_reportable,total reportable net/OI pct vs next friday single-day return,total_reportable_net_oi_pct,0.044217109035193145,555,next_week_friday_daily_return
total_reportable,total reportable net contracts vs next friday single-day return,total_reportable_net,0.0266341985676406,555,next_week_friday_daily_return
total_reportable,total reportable long/OI pct vs next friday single-day return,total_reportable_long_oi_pct,0.008230234795531113,555,next_week_friday_daily_return
total_reportable,total reportable short/OI pct vs next friday single-day return,total_reportable_short_oi_pct,-0.04753659063064406,555,next_week_friday_daily_return
total_reportable,total reportable net/OI pct vs next week Monday-Friday return,total_reportable_net_oi_pct,0.05642086386677743,555,next_week_mon_fri_return
total_reportable,total reportable net contracts vs next week Monday-Friday return,total_reportable_net,0.043225711543395516,555,next_week_mon_fri_return
total_reportable,total reportable long/OI pct vs next week Monday-Friday return,total_reportable_long_oi_pct,0.009128232401352222,555,next_week_mon_fri_return
total_reportable,total reportable short/OI pct vs next week Monday-Friday return,total_reportable_short_oi_pct,-0.06159947366385894,555,next_week_mon_fri_return
total_reportable,total reportable net/OI pct vs forward 1w price return,total_reportable_net_oi_pct,0.08212671280254752,555,forward_return_1w
total_reportable,total reportable net contracts vs forward 1w price return,total_reportable_net,0.061936488405078885,555,forward_return_1w
total_reportable,total reportable long/OI pct vs forward 1w price return,total_reportable_long_oi_pct,0.03542613404039637,555,forward_return_1w
total_reportable,total reportable short/OI pct vs forward 1w price return,total_reportable_short_oi_pct,-0.0744655953356503,555,forward_return_1w
total_reportable,total reportable net/OI pct vs forward 2w price return,total_reportable_net_oi_pct,0.09017046485030482,554,forward_return_2w
total_reportable,total reportable net contracts vs forward 2w price return,total_reportable_net,0.07436204337841565,554,forward_return_2w
total_reportable,total reportable long/OI pct vs forward 2w price return,total_reportable_long_oi_pct,0.022160299151228368,554,forward_return_2w
total_reportable,total reportable short/OI pct vs forward 2w price return,total_reportable_short_oi_pct,-0.09310986005880509,554,forward_return_2w
total_reportable,total reportable net/OI pct vs forward 3w price return,total_reportable_net_oi_pct,0.11162839280454423,553,forward_return_3w
total_reportable,total reportable net contracts vs forward 3w price return,total_reportable_net,0.09663857000498415,553,forward_return_3w
total_reportable,total reportable long/OI pct vs forward 3w price return,total_reportable_long_oi_pct,0.03963955614548054,553,forward_return_3w
total_reportable,total reportable short/OI pct vs forward 3w price return,total_reportable_short_oi_pct,-0.10679217982152482,553,forward_return_3w
total_reportable,total reportable net/OI pct vs forward 4w price return,total_reportable_net_oi_pct,0.1310004322538929,552,forward_return_4w
total_reportable,total reportable net contracts vs forward 4w price return,total_reportable_net,0.11529529490431899,552,forward_return_4w
total_reportable,total reportable long/OI pct vs forward 4w price return,total_reportable_long_oi_pct,0.08136997761894069,552,forward_return_4w
total_reportable,total reportable short/OI pct vs forward 4w price return,total_reportable_short_oi_pct,-0.10135766034303768,552,forward_return_4w
total_reportable,total reportable net/OI pct vs forward 13w price return,total_reportable_net_oi_pct,0.10662947427038215,543,forward_return_13w
total_reportable,total reportable net contracts vs forward 13w price return,total_reportable_net,0.14154986207706896,543,forward_return_13w
total_reportable,total reportable long/OI pct vs forward 13w price return,total_reportable_long_oi_pct,0.11223326465097695,543,forward_return_13w
total_reportable,total reportable short/OI pct vs forward 13w price return,total_reportable_short_oi_pct,-0.049935347023754476,543,forward_return_13w
total_reportable,total reportable net/OI pct vs forward 26w price return,total_reportable_net_oi_pct,0.15816073954186236,530,forward_return_26w
total_reportable,total reportable net contracts vs forward 26w price return,total_reportable_net,0.17306297458742764,530,forward_return_26w
total_reportable,total reportable long/OI pct vs forward 26w price return,total_reportable_long_oi_pct,0.15341050752287697,530,forward_return_26w
total_reportable,total reportable short/OI pct vs forward 26w price return,total_reportable_short_oi_pct,-0.08294857292498113,530,forward_return_26w
total_reportable,total reportable net/OI pct vs forward 52w price return,total_reportable_net_oi_pct,0.3574159493109387,504,forward_return_52w
total_reportable,total reportable net contracts vs forward 52w price return,total_reportable_net,0.3570097224289011,504,forward_return_52w
total_reportable,total reportable long/OI pct vs forward 52w price return,total_reportable_long_oi_pct,0.28466973131524376,504,forward_return_52w
total_reportable,total reportable short/OI pct vs forward 52w price return,total_reportable_short_oi_pct,-0.23009074049101017,504,forward_return_52w
nonreportable,weekly change in nonreportable net/OI pct vs weekly price return,nonreportable_net_oi_pct_change,-0.22721599326263134,555,
nonreportable,weekly change in nonreportable net/OI pct vs next monday close return,nonreportable_net_oi_pct_change,-0.02068613173348851,554,next_week_monday_return
nonreportable,weekly change in nonreportable net/OI pct vs next monday single-day return,nonreportable_net_oi_pct_change,-0.02068613173348851,554,next_week_monday_daily_return
nonreportable,weekly change in nonreportable net/OI pct vs next tuesday close return,nonreportable_net_oi_pct_change,-0.07335708364763331,554,next_week_tuesday_return
nonreportable,weekly change in nonreportable net/OI pct vs next tuesday single-day return,nonreportable_net_oi_pct_change,-0.10276547530022691,554,next_week_tuesday_daily_return
nonreportable,weekly change in nonreportable net/OI pct vs next wednesday close return,nonreportable_net_oi_pct_change,-0.0753425731308084,554,next_week_wednesday_return
nonreportable,weekly change in nonreportable net/OI pct vs next wednesday single-day return,nonreportable_net_oi_pct_change,-0.02170578716714897,554,next_week_wednesday_daily_return
nonreportable,weekly change in nonreportable net/OI pct vs next thursday close return,nonreportable_net_oi_pct_change,-0.07574577927509564,554,next_week_thursday_return
nonreportable,weekly change in nonreportable net/OI pct vs next thursday single-day return,nonreportable_net_oi_pct_change,-0.013637154034019779,554,next_week_thursday_daily_return
nonreportable,weekly change in nonreportable net/OI pct vs next friday close return,nonreportable_net_oi_pct_change,-0.07184395591151864,554,next_week_friday_return
nonreportable,weekly change in nonreportable net/OI pct vs next friday single-day return,nonreportable_net_oi_pct_change,-0.009851454161021234,554,next_week_friday_daily_return
nonreportable,weekly change in nonreportable net/OI pct vs next week Monday-Friday return,nonreportable_net_oi_pct_change,-0.07461080609418713,554,next_week_mon_fri_return
nonreportable,weekly change in nonreportable net contracts vs weekly price return,nonreportable_net_change,-0.1719517590958236,555,
nonreportable,weekly change in nonreportable net contracts vs next monday close return,nonreportable_net_change,0.0032120830974158815,554,next_week_monday_return
nonreportable,weekly change in nonreportable net contracts vs next monday single-day return,nonreportable_net_change,0.0032120830974158815,554,next_week_monday_daily_return
nonreportable,weekly change in nonreportable net contracts vs next tuesday close return,nonreportable_net_change,-0.0363358063955402,554,next_week_tuesday_return
nonreportable,weekly change in nonreportable net contracts vs next tuesday single-day return,nonreportable_net_change,-0.08008454963110659,554,next_week_tuesday_daily_return
nonreportable,weekly change in nonreportable net contracts vs next wednesday close return,nonreportable_net_change,-0.041322297949389034,554,next_week_wednesday_return
nonreportable,weekly change in nonreportable net contracts vs next wednesday single-day return,nonreportable_net_change,-0.02086938670669231,554,next_week_wednesday_daily_return
nonreportable,weekly change in nonreportable net contracts vs next thursday close return,nonreportable_net_change,-0.03612005486454121,554,next_week_thursday_return
nonreportable,weekly change in nonreportable net contracts vs next thursday single-day return,nonreportable_net_change,0.006747058634932194,554,next_week_thursday_daily_return
nonreportable,weekly change in nonreportable net contracts vs next friday close return,nonreportable_net_change,-0.03513151108579898,554,next_week_friday_return
nonreportable,weekly change in nonreportable net contracts vs next friday single-day return,nonreportable_net_change,-0.009396471043053738,554,next_week_friday_daily_return
nonreportable,weekly change in nonreportable net contracts vs next week Monday-Friday return,nonreportable_net_change,-0.05162665683190931,554,next_week_mon_fri_return
nonreportable,weekly change in nonreportable long/OI pct vs weekly price return,nonreportable_long_oi_pct_change,-0.11797115971142573,555,
nonreportable,weekly change in nonreportable long/OI pct vs next monday close return,nonreportable_long_oi_pct_change,-0.024946973330739187,554,next_week_monday_return
nonreportable,weekly change in nonreportable long/OI pct vs next monday single-day return,nonreportable_long_oi_pct_change,-0.024946973330739187,554,next_week_monday_daily_return
nonreportable,weekly change in nonreportable long/OI pct vs next tuesday close return,nonreportable_long_oi_pct_change,-0.06724196985214431,554,next_week_tuesday_return
nonreportable,weekly change in nonreportable long/OI pct vs next tuesday single-day return,nonreportable_long_oi_pct_change,-0.08002934658423165,554,next_week_tuesday_daily_return
nonreportable,weekly change in nonreportable long/OI pct vs next wednesday close return,nonreportable_long_oi_pct_change,-0.08044158884113994,554,next_week_wednesday_return
nonreportable,weekly change in nonreportable long/OI pct vs next wednesday single-day return,nonreportable_long_oi_pct_change,-0.04169331053354474,554,next_week_wednesday_daily_return
nonreportable,weekly change in nonreportable long/OI pct vs next thursday close return,nonreportable_long_oi_pct_change,-0.04794608514427285,554,next_week_thursday_return
nonreportable,weekly change in nonreportable long/OI pct vs next thursday single-day return,nonreportable_long_oi_pct_change,0.06143144757483484,554,next_week_thursday_daily_return
nonreportable,weekly change in nonreportable long/OI pct vs next friday close return,nonreportable_long_oi_pct_change,-0.053200353581360264,554,next_week_friday_return
nonreportable,weekly change in nonreportable long/OI pct vs next friday single-day return,nonreportable_long_oi_pct_change,-0.028347331080805335,554,next_week_friday_daily_return
nonreportable,weekly change in nonreportable long/OI pct vs next week Monday-Friday return,nonreportable_long_oi_pct_change,-0.0431884004513968,554,next_week_mon_fri_return
nonreportable,weekly change in nonreportable short/OI pct vs weekly price return,nonreportable_short_oi_pct_change,0.16984570121116102,555,
nonreportable,weekly change in nonreportable short/OI pct vs next monday close return,nonreportable_short_oi_pct_change,0.0024576102671973014,554,next_week_monday_return
nonreportable,weekly change in nonreportable short/OI pct vs next monday single-day return,nonreportable_short_oi_pct_change,0.0024576102671973014,554,next_week_monday_daily_return
nonreportable,weekly change in nonreportable short/OI pct vs next tuesday close return,nonreportable_short_oi_pct_change,0.028135758502075493,554,next_week_tuesday_return
nonreportable,weekly change in nonreportable short/OI pct vs next tuesday single-day return,nonreportable_short_oi_pct_change,0.052380177228359734,554,next_week_tuesday_daily_return
nonreportable,weekly change in nonreportable short/OI pct vs next wednesday close return,nonreportable_short_oi_pct_change,0.01848501229598329,554,next_week_wednesday_return
nonreportable,weekly change in nonreportable short/OI pct vs next wednesday single-day return,nonreportable_short_oi_pct_change,-0.011618853735107336,554,next_week_wednesday_daily_return
nonreportable,weekly change in nonreportable short/OI pct vs next thursday close return,nonreportable_short_oi_pct_change,0.04871093329348115,554,next_week_thursday_return
nonreportable,weekly change in nonreportable short/OI pct vs next thursday single-day return,nonreportable_short_oi_pct_change,0.07287740239205895,554,next_week_thursday_daily_return
nonreportable,weekly change in nonreportable short/OI pct vs next friday close return,nonreportable_short_oi_pct_change,0.0391342744881704,554,next_week_friday_return
nonreportable,weekly change in nonreportable short/OI pct vs next friday single-day return,nonreportable_short_oi_pct_change,-0.013896499868815599,554,next_week_friday_daily_return
nonreportable,weekly change in nonreportable short/OI pct vs next week Monday-Friday return,nonreportable_short_oi_pct_change,0.05167693815606308,554,next_week_mon_fri_return
nonreportable,nonreportable net/OI pct vs next monday close return,nonreportable_net_oi_pct,-0.0748205166361009,555,next_week_monday_return
nonreportable,nonreportable net contracts vs next monday close return,nonreportable_net,-0.05641711738609377,555,next_week_monday_return
nonreportable,nonreportable long/OI pct vs next monday close return,nonreportable_long_oi_pct,-0.022639326765456,555,next_week_monday_return
nonreportable,nonreportable short/OI pct vs next monday close return,nonreportable_short_oi_pct,0.07445252729652102,555,next_week_monday_return
nonreportable,nonreportable net/OI pct vs next monday single-day return,nonreportable_net_oi_pct,-0.0748205166361009,555,next_week_monday_daily_return
nonreportable,nonreportable net contracts vs next monday single-day return,nonreportable_net,-0.05641711738609377,555,next_week_monday_daily_return
nonreportable,nonreportable long/OI pct vs next monday single-day return,nonreportable_long_oi_pct,-0.022639326765456,555,next_week_monday_daily_return
nonreportable,nonreportable short/OI pct vs next monday single-day return,nonreportable_short_oi_pct,0.07445252729652102,555,next_week_monday_daily_return
nonreportable,nonreportable net/OI pct vs next tuesday close return,nonreportable_net_oi_pct,-0.07930081504791642,555,next_week_tuesday_return
nonreportable,nonreportable net contracts vs next tuesday close return,nonreportable_net,-0.05996964943649506,555,next_week_tuesday_return
nonreportable,nonreportable long/OI pct vs next tuesday close return,nonreportable_long_oi_pct,-0.035286663087986496,555,next_week_tuesday_return
nonreportable,nonreportable short/OI pct vs next tuesday close return,nonreportable_short_oi_pct,0.0711587816490289,555,next_week_tuesday_return
nonreportable,nonreportable net/OI pct vs next tuesday single-day return,nonreportable_net_oi_pct,0.0031273062980493424,555,next_week_tuesday_daily_return
nonreportable,nonreportable net contracts vs next tuesday single-day return,nonreportable_net,0.0009903080482260304,555,next_week_tuesday_daily_return
nonreportable,nonreportable long/OI pct vs next tuesday single-day return,nonreportable_long_oi_pct,-0.019191804312737544,555,next_week_tuesday_daily_return
nonreportable,nonreportable short/OI pct vs next tuesday single-day return,nonreportable_short_oi_pct,-0.01693719316891498,555,next_week_tuesday_daily_return
nonreportable,nonreportable net/OI pct vs next wednesday close return,nonreportable_net_oi_pct,-0.09360771799330882,555,next_week_wednesday_return
nonreportable,nonreportable net contracts vs next wednesday close return,nonreportable_net,-0.06836519416996494,555,next_week_wednesday_return
nonreportable,nonreportable long/OI pct vs next wednesday close return,nonreportable_long_oi_pct,-0.03205344404988503,555,next_week_wednesday_return
nonreportable,nonreportable short/OI pct vs next wednesday close return,nonreportable_short_oi_pct,0.0905869694580295,555,next_week_wednesday_return
nonreportable,nonreportable net/OI pct vs next wednesday single-day return,nonreportable_net_oi_pct,-0.05230951868845358,555,next_week_wednesday_daily_return
nonreportable,nonreportable net contracts vs next wednesday single-day return,nonreportable_net,-0.034874238686417425,555,next_week_wednesday_daily_return
nonreportable,nonreportable long/OI pct vs next wednesday single-day return,nonreportable_long_oi_pct,-0.002114833011685254,555,next_week_wednesday_daily_return
nonreportable,nonreportable short/OI pct vs next wednesday single-day return,nonreportable_short_oi_pct,0.06146659999624419,555,next_week_wednesday_daily_return
nonreportable,nonreportable net/OI pct vs next thursday close return,nonreportable_net_oi_pct,-0.08801806389547484,555,next_week_thursday_return
nonreportable,nonreportable net contracts vs next thursday close return,nonreportable_net,-0.06889700572950073,555,next_week_thursday_return
nonreportable,nonreportable long/OI pct vs next thursday close return,nonreportable_long_oi_pct,-0.02308850574677009,555,next_week_thursday_return
nonreportable,nonreportable short/OI pct vs next thursday close return,nonreportable_short_oi_pct,0.09001831498613411,555,next_week_thursday_return
nonreportable,nonreportable net/OI pct vs next thursday single-day return,nonreportable_net_oi_pct,-0.010745175557426717,555,next_week_thursday_daily_return
nonreportable,nonreportable net contracts vs next thursday single-day return,nonreportable_net,-0.018864044002969885,555,next_week_thursday_daily_return
nonreportable,nonreportable long/OI pct vs next thursday single-day return,nonreportable_long_oi_pct,0.013702716318277606,555,next_week_thursday_daily_return
nonreportable,nonreportable short/OI pct vs next thursday single-day return,nonreportable_short_oi_pct,0.0223316624260328,555,next_week_thursday_daily_return
nonreportable,nonreportable net/OI pct vs next friday close return,nonreportable_net_oi_pct,-0.09978078328079139,555,next_week_friday_return
nonreportable,nonreportable net contracts vs next friday close return,nonreportable_net,-0.07507435469644642,555,next_week_friday_return
nonreportable,nonreportable long/OI pct vs next friday close return,nonreportable_long_oi_pct,-0.0250518363710456,555,next_week_friday_return
nonreportable,nonreportable short/OI pct vs next friday close return,nonreportable_short_oi_pct,0.10281877401168708,555,next_week_friday_return
nonreportable,nonreportable net/OI pct vs next friday single-day return,nonreportable_net_oi_pct,-0.04422821747214467,555,next_week_friday_daily_return
nonreportable,nonreportable net contracts vs next friday single-day return,nonreportable_net,-0.026643051529372536,555,next_week_friday_daily_return
nonreportable,nonreportable long/OI pct vs next friday single-day return,nonreportable_long_oi_pct,-0.008227179894574615,555,next_week_friday_daily_return
nonreportable,nonreportable short/OI pct vs next friday single-day return,nonreportable_short_oi_pct,0.04755004643004832,555,next_week_friday_daily_return
nonreportable,nonreportable net/OI pct vs next week Monday-Friday return,nonreportable_net_oi_pct,-0.05642697491127346,555,next_week_mon_fri_return
nonreportable,nonreportable net contracts vs next week Monday-Friday return,nonreportable_net,-0.04322910595266731,555,next_week_mon_fri_return
nonreportable,nonreportable long/OI pct vs next week Monday-Friday return,nonreportable_long_oi_pct,-0.009157386018871897,555,next_week_mon_fri_return
nonreportable,nonreportable short/OI pct vs next week Monday-Friday return,nonreportable_short_oi_pct,0.06158424171124346,555,next_week_mon_fri_return
nonreportable,nonreportable net/OI pct vs forward 1w price return,nonreportable_net_oi_pct,-0.08211312170931372,555,forward_return_1w
nonreportable,nonreportable net contracts vs forward 1w price return,nonreportable_net,-0.061924524395324004,555,forward_return_1w
nonreportable,nonreportable long/OI pct vs forward 1w price return,nonreportable_long_oi_pct,-0.0354167518998025,555,forward_return_1w
nonreportable,nonreportable short/OI pct vs forward 1w price return,nonreportable_short_oi_pct,0.07445214697441051,555,forward_return_1w
nonreportable,nonreportable net/OI pct vs forward 2w price return,nonreportable_net_oi_pct,-0.09016343172948056,554,forward_return_2w
nonreportable,nonreportable net contracts vs forward 2w price return,nonreportable_net,-0.07435507823108677,554,forward_return_2w
nonreportable,nonreportable long/OI pct vs forward 2w price return,nonreportable_long_oi_pct,-0.022172430030844088,554,forward_return_2w
nonreportable,nonreportable short/OI pct vs forward 2w price return,nonreportable_short_oi_pct,0.093089091589143,554,forward_return_2w
nonreportable,nonreportable net/OI pct vs forward 3w price return,nonreportable_net_oi_pct,-0.11162599118278105,553,forward_return_3w
nonreportable,nonreportable net contracts vs forward 3w price return,nonreportable_net,-0.0966371903897116,553,forward_return_3w
nonreportable,nonreportable long/OI pct vs forward 3w price return,nonreportable_long_oi_pct,-0.0396575991139846,553,forward_return_3w
nonreportable,nonreportable short/OI pct vs forward 3w price return,nonreportable_short_oi_pct,0.10677205401797156,553,forward_return_3w
nonreportable,nonreportable net/OI pct vs forward 4w price return,nonreportable_net_oi_pct,-0.13099827393852445,552,forward_return_4w
nonreportable,nonreportable net contracts vs forward 4w price return,nonreportable_net,-0.11529482974209218,552,forward_return_4w
nonreportable,nonreportable long/OI pct vs forward 4w price return,nonreportable_long_oi_pct,-0.08138099818550296,552,forward_return_4w
nonreportable,nonreportable short/OI pct vs forward 4w price return,nonreportable_short_oi_pct,0.10134205865493653,552,forward_return_4w
nonreportable,nonreportable net/OI pct vs forward 13w price return,nonreportable_net_oi_pct,-0.1066277768536182,543,forward_return_13w
nonreportable,nonreportable net contracts vs forward 13w price return,nonreportable_net,-0.14155072697765533,543,forward_return_13w
nonreportable,nonreportable long/OI pct vs forward 13w price return,nonreportable_long_oi_pct,-0.1122311909928269,543,forward_return_13w
nonreportable,nonreportable short/OI pct vs forward 13w price return,nonreportable_short_oi_pct,0.04993053266331866,543,forward_return_13w
nonreportable,nonreportable net/OI pct vs forward 26w price return,nonreportable_net_oi_pct,-0.1581614597408278,530,forward_return_26w
nonreportable,nonreportable net contracts vs forward 26w price return,nonreportable_net,-0.17306581147290104,530,forward_return_26w
nonreportable,nonreportable long/OI pct vs forward 26w price return,nonreportable_long_oi_pct,-0.15341219604167414,530,forward_return_26w
nonreportable,nonreportable short/OI pct vs forward 26w price return,nonreportable_short_oi_pct,0.08294161943454165,530,forward_return_26w
nonreportable,nonreportable net/OI pct vs forward 52w price return,nonreportable_net_oi_pct,-0.3574308889929702,504,forward_return_52w
nonreportable,nonreportable net contracts vs forward 52w price return,nonreportable_net,-0.3570229654202531,504,forward_return_52w
nonreportable,nonreportable long/OI pct vs forward 52w price return,nonreportable_long_oi_pct,-0.284678064523081,504,forward_return_52w
nonreportable,nonreportable short/OI pct vs forward 52w price return,nonreportable_short_oi_pct,0.23008737555160133,504,forward_return_52w
